TimeUS,C1,C2,C3,C4,C5,C6,C7,C8,C9,C10,C11,C12,C13,C14
143523182,1050,1050,1050,1050,1050,1050,0,0,0,0,0,0,0,0
143623362,1050,1050,1050,1050,1050,1050,0,0,0,0,0,0,0,0
143723247,1050,1050,1050,1050,1050,1050,0,0,0,0,0,0,0,0
143823204,1050,1050,1050,1050,1050,1050,0,0,0,0,0,0,0,0
143923131,1050,1050,1050,1050,1050,1050,0,0,0,0,0,0,0,0
144023090,1050,1050,1050,1050,1050,1050,0,0,0,0,0,0,0,0
144123315,1050,1050,1050,1050,1050,1050,0,0,0,0,0,0,0,0
144223227,1050,1050,1050,1050,1050,1050,0,0,0,0,0,0,0,0
144323170,1050,1050,1050,1050,1050,1050,0,0,0,0,0,0,0,0
144423217,1050,1050,1050,1050,1050,1050,0,0,0,0,0,0,0,0
144523212,1050,1050,1050,1050,1050,1050,0,0,0,0,0,0,0,0
144623316,1050,1050,1050,1050,1050,1050,0,0,0,0,0,0,0,0
144723206,1050,1050,1050,1050,1050,1050,0,0,0,0,0,0,0,0
144823197,1050,1050,1050,1050,1050,1050,0,0,0,0,0,0,0,0
144923092,1050,1050,1050,1050,1050,1050,0,0,0,0,0,0,0,0
145023167,1050,1050,1050,1050,1050,1050,0,0,0,0,0,0,0,0
145123309,1050,1050,1050,1050,1050,1050,0,0,0,0,0,0,0,0
145223199,1050,1050,1050,1050,1050,1050,0,0,0,0,0,0,0,0
145323180,1050,1050,1050,1050,1050,1050,0,0,0,0,0,0,0,0
145423194,1050,1050,1050,1050,1050,1050,0,0,0,0,0,0,0,0
145523190,1050,1050,1050,1050,1050,1050,0,0,0,0,0,0,0,0
145623296,1050,1050,1050,1050,1050,1050,0,0,0,0,0,0,0,0
145723153,1050,1050,1050,1050,1050,1050,0,0,0,0,0,0,0,0
145823168,1050,1050,1050,1050,1050,1050,0,0,0,0,0,0,0,0
145923133,1050,1050,1050,1050,1050,1050,0,0,0,0,0,0,0,0
146023224,1050,1050,1050,1050,1050,1050,0,0,0,0,0,0,0,0
146123390,1050,1050,1050,1050,1050,1050,0,0,0,0,0,0,0,0
146223285,1050,1050,1050,1050,1050,1050,0,0,0,0,0,0,0,0
146323285,1050,1050,1050,1050,1050,1050,0,0,0,0,0,0,0,0
146423148,1050,1050,1050,1050,1050,1050,0,0,0,0,0,0,0,0
146523162,1050,1050,1050,1050,1050,1050,0,0,0,0,0,0,0,0
146623162,1050,1050,1050,1050,1050,1050,0,0,0,0,0,0,0,0
146723150,1050,1050,1050,1050,1050,1050,0,0,0,0,0,0,0,0
146823168,1050,1050,1050,1050,1050,1050,0,0,0,0,0,0,0,0
146923192,1050,1050,1050,1050,1050,1050,0,0,0,0,0,0,0,0
147023182,1050,1050,1050,1050,1050,1050,0,0,0,0,0,0,0,0
147123244,1050,1050,1050,1050,1050,1050,0,0,0,0,0,0,0,0
147223206,1050,1050,1050,1050,1050,1050,0,0,0,0,0,0,0,0
147323172,1050,1050,1050,1050,1050,1050,0,0,0,0,0,0,0,0
147423115,1050,1050,1050,1050,1050,1050,0,0,0,0,0,0,0,0
147523127,1050,1050,1050,1050,1050,1050,0,0,0,0,0,0,0,0
147623178,1050,1050,1050,1050,1050,1050,0,0,0,0,0,0,0,0
147723112,1050,1050,1050,1050,1050,1050,0,0,0,0,0,0,0,0
147823203,1050,1050,1050,1050,1050,1050,0,0,0,0,0,0,0,0
147923253,1050,1050,1050,1050,1050,1050,0,0,0,0,0,0,0,0
148023299,1050,1050,1050,1050,1050,1050,0,0,0,0,0,0,0,0
148123237,1050,1050,1050,1050,1050,1050,0,0,0,0,0,0,0,0
148223251,1050,1050,1050,1050,1050,1050,0,0,0,0,0,0,0,0
148323179,1050,1050,1050,1050,1050,1050,0,0,0,0,0,0,0,0
148423136,1050,1050,1050,1050,1050,1050,0,0,0,0,0,0,0,0
148523086,1050,1050,1050,1050,1050,1050,0,0,0,0,0,0,0,0
148623215,1050,1050,1050,1050,1050,1050,0,0,0,0,0,0,0,0
148723213,1050,1050,1050,1050,1050,1050,0,0,0,0,0,0,0,0
148823152,1050,1050,1050,1050,1050,1050,0,0,0,0,0,0,0,0
148923216,1050,1050,1050,1050,1050,1050,0,0,0,0,0,0,0,0
149023181,1050,1050,1050,1050,1050,1050,0,0,0,0,0,0,0,0
149123351,1050,1050,1050,1050,1050,1050,0,0,0,0,0,0,0,0
149223202,1050,1050,1050,1050,1050,1050,0,0,0,0,0,0,0,0
149323145,1050,1050,1050,1050,1050,1050,0,0,0,0,0,0,0,0
149423105,1050,1050,1050,1050,1050,1050,0,0,0,0,0,0,0,0
149523180,1050,1050,1050,1050,1050,1050,0,0,0,0,0,0,0,0
149623389,1050,1050,1050,1050,1050,1050,0,0,0,0,0,0,0,0
149723192,1050,1050,1050,1050,1050,1050,0,0,0,0,0,0,0,0
149823243,1050,1050,1050,1050,1050,1050,0,0,0,0,0,0,0,0
149923172,1050,1050,1050,1050,1050,1050,0,0,0,0,0,0,0,0
150023202,1050,1050,1050,1050,1050,1050,0,0,0,0,0,0,0,0
150123390,1050,1050,1050,1050,1050,1050,0,0,0,0,0,0,0,0
150223149,1050,1050,1050,1050,1050,1050,0,0,0,0,0,0,0,0
150323149,1050,1050,1050,1050,1050,1050,0,0,0,0,0,0,0,0
150423229,1050,1050,1050,1050,1050,1050,0,0,0,0,0,0,0,0
150523199,1050,1050,1050,1050,1050,1050,0,0,0,0,0,0,0,0
150623374,1050,1050,1050,1050,1050,1050,0,0,0,0,0,0,0,0
150723256,1050,1050,1050,1050,1050,1050,0,0,0,0,0,0,0,0
150823156,1050,1050,1050,1050,1050,1050,0,0,0,0,0,0,0,0
150923129,1050,1050,1050,1050,1050,1050,0,0,0,0,0,0,0,0
151023188,1050,1050,1050,1050,1050,1050,0,0,0,0,0,0,0,0
151123273,1050,1050,1050,1050,1050,1050,0,0,0,0,0,0,0,0
151223136,1050,1050,1050,1050,1050,1050,0,0,0,0,0,0,0,0
151323132,1050,1050,1050,1050,1050,1050,0,0,0,0,0,0,0,0
151423212,1050,1050,1050,1050,1050,1050,0,0,0,0,0,0,0,0
151523200,1050,1050,1050,1050,1050,1050,0,0,0,0,0,0,0,0
151623449,1050,1050,1050,1050,1050,1050,0,0,0,0,0,0,0,0
151723177,1050,1050,1050,1050,1050,1050,0,0,0,0,0,0,0,0
151823186,1050,1050,1050,1050,1050,1050,0,0,0,0,0,0,0,0
151923148,1050,1050,1050,1050,1050,1050,0,0,0,0,0,0,0,0
152023140,1050,1050,1050,1050,1050,1050,0,0,0,0,0,0,0,0
152123219,1050,1050,1050,1050,1050,1050,0,0,0,0,0,0,0,0
152223157,1050,1050,1050,1050,1050,1050,0,0,0,0,0,0,0,0
152323194,1050,1050,1050,1050,1050,1050,0,0,0,0,0,0,0,0
152423223,1050,1050,1050,1050,1050,1050,0,0,0,0,0,0,0,0
152523190,1050,1050,1050,1050,1050,1050,0,0,0,0,0,0,0,0
152623543,1050,1050,1050,1050,1050,1050,0,0,0,0,0,0,0,0
152723447,1050,1050,1050,1050,1050,1050,0,0,0,0,0,0,0,0
152823473,1050,1050,1050,1050,1050,1050,0,0,0,0,0,0,0,0
152923421,1050,1050,1050,1050,1050,1050,0,0,0,0,0,0,0,0
153023441,1050,1050,1050,1050,1050,1050,0,0,0,0,0,0,0,0
153123525,1050,1050,1050,1050,1050,1050,0,0,0,0,0,0,0,0
153223449,1050,1050,1050,1050,1050,1050,0,0,0,0,0,0,0,0
153323485,1050,1050,1050,1050,1050,1050,0,0,0,0,0,0,0,0
153423490,1050,1050,1050,1050,1050,1050,0,0,0,0,0,0,0,0
153523401,1050,1050,1050,1050,1050,1050,0,0,0,0,0,0,0,0
153623457,1050,1050,1050,1050,1050,1050,0,0,0,0,0,0,0,0
153723501,1050,1050,1050,1050,1050,1050,0,0,0,0,0,0,0,0
153823450,1050,1050,1050,1050,1050,1050,0,0,0,0,0,0,0,0
153923434,1050,1050,1050,1050,1050,1050,0,0,0,0,0,0,0,0
154023345,1050,1050,1050,1050,1050,1050,0,0,0,0,0,0,0,0
154123472,1050,1050,1050,1050,1050,1050,0,0,0,0,0,0,0,0
154223518,1050,1050,1050,1050,1050,1050,0,0,0,0,0,0,0,0
154323510,1050,1050,1050,1050,1050,1050,0,0,0,0,0,0,0,0
154423445,1050,1050,1050,1050,1050,1050,0,0,0,0,0,0,0,0
154523417,1050,1050,1050,1050,1050,1050,0,0,0,0,0,0,0,0
154623562,1050,1050,1050,1050,1050,1050,0,0,0,0,0,0,0,0
154723481,1050,1050,1050,1050,1050,1050,0,0,0,0,0,0,0,0
154823449,1050,1050,1050,1050,1050,1050,0,0,0,0,0,0,0,0
154923354,1050,1050,1050,1050,1050,1050,0,0,0,0,0,0,0,0
155023472,1050,1050,1050,1050,1050,1050,0,0,0,0,0,0,0,0
155123598,1050,1050,1050,1050,1050,1050,0,0,0,0,0,0,0,0
155223526,1050,1050,1050,1050,1050,1050,0,0,0,0,0,0,0,0
155323381,1050,1050,1050,1050,1050,1050,0,0,0,0,0,0,0,0
155423444,1050,1050,1050,1050,1050,1050,0,0,0,0,0,0,0,0
155523434,1050,1050,1050,1050,1050,1050,0,0,0,0,0,0,0,0
155623518,1050,1050,1050,1050,1050,1050,0,0,0,0,0,0,0,0
155723420,1050,1050,1050,1050,1050,1050,0,0,0,0,0,0,0,0
155823436,1050,1050,1050,1050,1050,1050,0,0,0,0,0,0,0,0
155923505,1050,1050,1050,1050,1050,1050,0,0,0,0,0,0,0,0
156023507,1050,1050,1050,1050,1050,1050,0,0,0,0,0,0,0,0
156123678,1050,1050,1050,1050,1050,1050,0,0,0,0,0,0,0,0
156223402,1050,1050,1050,1050,1050,1050,0,0,0,0,0,0,0,0
156323461,1050,1050,1050,1050,1050,1050,0,0,0,0,0,0,0,0
156423465,1050,1050,1050,1050,1050,1050,0,0,0,0,0,0,0,0
156523440,1050,1050,1050,1050,1050,1050,0,0,0,0,0,0,0,0
156623520,1050,1050,1050,1050,1050,1050,0,0,0,0,0,0,0,0
156723384,1050,1050,1050,1050,1050,1050,0,0,0,0,0,0,0,0
156823444,1050,1050,1050,1050,1050,1050,0,0,0,0,0,0,0,0
156923425,1050,1050,1050,1050,1050,1050,0,0,0,0,0,0,0,0
157023453,1050,1050,1050,1050,1050,1050,0,0,0,0,0,0,0,0
157123424,1050,1050,1050,1050,1050,1050,0,0,0,0,0,0,0,0
157223495,1050,1050,1050,1050,1050,1050,0,0,0,0,0,0,0,0
157323487,1050,1050,1050,1050,1050,1050,0,0,0,0,0,0,0,0
157423458,1050,1050,1050,1050,1050,1050,0,0,0,0,0,0,0,0
157523446,1050,1050,1050,1050,1050,1050,0,0,0,0,0,0,0,0
157623475,1050,1050,1050,1050,1050,1050,0,0,0,0,0,0,0,0
157723465,1050,1050,1050,1050,1050,1050,0,0,0,0,0,0,0,0
157823497,1050,1050,1050,1050,1050,1050,0,0,0,0,0,0,0,0
157923481,1050,1050,1050,1050,1050,1050,0,0,0,0,0,0,0,0
158023415,1050,1050,1050,1050,1050,1050,0,0,0,0,0,0,0,0
158123464,1050,1050,1050,1050,1050,1050,0,0,0,0,0,0,0,0
158223454,1050,1050,1050,1050,1050,1050,0,0,0,0,0,0,0,0
158323378,1050,1050,1050,1050,1050,1050,0,0,0,0,0,0,0,0
158423490,1050,1050,1050,1050,1050,1050,0,0,0,0,0,0,0,0
181923139,1050,1050,1050,1050,1050,1050,0,0,1050,1050,0,0,0,0
182023156,1050,1050,1050,1050,1050,1050,0,0,1050,1050,0,0,0,0
182123130,1050,1050,1050,1050,1050,1050,0,0,1050,1050,0,0,0,0
182223200,1050,1050,1050,1050,1050,1050,0,0,1050,1050,0,0,0,0
182323120,1050,1050,1050,1050,1050,1050,0,0,1050,1050,0,0,0,0
182423111,1050,1050,1050,1050,1050,1050,0,0,1050,1050,0,0,0,0
182523132,1050,1050,1050,1050,1050,1050,0,0,1050,1050,0,0,0,0
182623232,1050,1050,1050,1050,1050,1050,0,0,1050,1050,0,0,0,0
182723103,1050,1050,1050,1050,1050,1050,0,0,1050,1050,0,0,0,0
182823113,1050,1050,1050,1050,1050,1050,0,0,1050,1050,0,0,0,0
182923163,1050,1050,1050,1050,1050,1050,0,0,1050,1050,0,0,0,0
183023145,1050,1050,1050,1050,1050,1050,0,0,1050,1050,0,0,0,0
183123209,1050,1050,1050,1050,1050,1050,0,0,1050,1050,0,0,0,0
183223150,1050,1050,1050,1050,1050,1050,0,0,1050,1050,0,0,0,0
183323109,1050,1050,1050,1050,1050,1050,0,0,1050,1050,0,0,0,0
183423116,1050,1050,1050,1050,1050,1050,0,0,1050,1050,0,0,0,0
183523078,1050,1050,1050,1050,1050,1050,0,0,1050,1050,0,0,0,0
183623441,1050,1050,1050,1050,1050,1050,0,0,1050,1050,0,0,0,0
183723110,1050,1050,1050,1050,1050,1050,0,0,1050,1050,0,0,0,0
183823227,1050,1050,1050,1050,1050,1050,0,0,1050,1050,0,0,0,0
183923102,1050,1050,1050,1050,1050,1050,0,0,1050,1050,0,0,0,0
184023182,1068,1068,1068,1068,1068,1068,0,0,1050,1050,0,0,0,0
184123168,1097,1097,1097,1097,1097,1097,0,0,1050,1050,0,0,0,0
184223140,1125,1125,1125,1125,1125,1125,0,0,1050,1050,0,0,0,0
184323081,1153,1153,1153,1153,1153,1153,0,0,1050,1050,0,0,0,0
184423089,1167,1167,1167,1167,1167,1167,0,0,1050,1050,0,0,0,0
184523194,1167,1167,1167,1167,1167,1167,0,0,1050,1050,0,0,0,0
184623224,1167,1167,1167,1167,1167,1167,0,0,1050,1050,0,0,0,0
184723210,1167,1167,1167,1167,1167,1167,0,0,1050,1050,0,0,0,0
184823113,1210,1186,1185,1198,1221,1223,0,0,1050,1050,0,0,0,0
184923175,1214,1189,1185,1201,1224,1228,0,0,1050,1050,0,0,0,0
185023108,1212,1189,1185,1204,1226,1230,0,0,1050,1050,0,0,0,0
185123165,1213,1190,1185,1206,1227,1231,0,0,1050,1050,0,0,0,0
185223129,1213,1188,1185,1203,1227,1229,0,0,1050,1050,0,0,0,0
185323119,1214,1188,1185,1204,1228,1230,0,0,1050,1050,0,0,0,0
185423124,1213,1190,1185,1204,1226,1230,0,0,1050,1050,0,0,0,0
185523112,1213,1189,1185,1204,1227,1230,0,0,1050,1050,0,0,0,0
185623357,1213,1188,1185,1202,1226,1228,0,0,1050,1050,0,0,0,0
185723215,1214,1188,1185,1204,1228,1231,0,0,1050,1050,0,0,0,0
185823190,1214,1189,1185,1203,1226,1230,0,0,1050,1050,0,0,0,0
185923100,1212,1188,1185,1204,1226,1229,0,0,1050,1050,0,0,0,0
186023128,1215,1189,1185,1203,1228,1231,0,0,1050,1050,0,0,0,0
186123151,1214,1187,1185,1202,1228,1230,0,0,1050,1050,0,0,0,0
186223124,1215,1189,1185,1204,1228,1232,0,0,1050,1050,0,0,0,0
186323093,1212,1186,1185,1203,1227,1228,0,0,1050,1050,0,0,0,0
186423087,1214,1191,1185,1204,1225,1230,0,0,1050,1050,0,0,0,0
186523256,1212,1185,1186,1202,1227,1226,0,0,1050,1050,0,0,0,0
186623290,1214,1193,1185,1208,1228,1235,0,0,1050,1050,0,0,0,0
186723499,1218,1192,1185,1203,1227,1234,0,0,1050,1050,0,0,0,0
186823356,1217,1198,1185,1209,1227,1238,0,0,1050,1050,0,0,0,0
186923363,1217,1191,1185,1203,1227,1233,0,0,1050,1050,0,0,0,0
187023443,1216,1185,1199,1209,1237,1225,0,0,1050,1050,0,0,0,0
187123438,1215,1195,1185,1208,1227,1235,0,0,1050,1050,0,0,0,0
187223362,1223,1199,1185,1214,1237,1248,0,0,1050,1050,0,0,0,0
187323339,1219,1192,1185,1200,1226,1232,0,0,1050,1050,0,0,0,0
187423429,1219,1208,1185,1201,1213,1233,0,0,1050,1050,0,0,0,0
187523396,1202,1185,1191,1213,1228,1222,0,0,1050,1050,0,0,0,0
187623466,1225,1185,1185,1207,1244,1243,0,0,1050,1050,0,0,0,0
187723331,1217,1191,1185,1206,1230,1235,0,0,1050,1050,0,0,0,0
187823406,1213,1188,1185,1193,1217,1220,0,0,1050,1050,0,0,0,0
187923422,1213,1191,1185,1211,1232,1237,0,0,1050,1050,0,0,0,0
188023454,1212,1190,1185,1201,1222,1226,0,0,1050,1050,0,0,0,0
188123437,1211,1187,1185,1206,1228,1230,0,0,1050,1050,0,0,0,0
188223405,1214,1186,1185,1206,1232,1233,0,0,1050,1050,0,0,0,0
188323518,1215,1191,1185,1205,1227,1233,0,0,1050,1050,0,0,0,0
188423469,1274,1246,1254,1278,1303,1297,0,0,1050,1050,0,0,0,0
188523496,1350,1341,1338,1340,1349,1352,0,0,1050,1050,0,0,0,0
188623619,1405,1382,1401,1406,1428,1410,0,0,1050,1050,0,0,0,0
188723531,1469,1447,1425,1447,1470,1490,0,0,1050,1050,0,0,0,0
188823579,1510,1493,1490,1503,1520,1523,0,0,1050,1050,0,0,0,0
188923503,1524,1517,1526,1534,1540,1532,0,0,1050,1050,0,0,0,0
189023506,1567,1552,1562,1576,1589,1580,0,0,1050,1050,0,0,0,0
189123735,1603,1601,1613,1618,1619,1608,0,0,1050,1050,0,0,0,0
189223540,1637,1635,1649,1658,1660,1646,0,0,1050,1050,0,0,0,0
189323517,1652,1648,1665,1707,1711,1695,0,0,1050,1050,0,0,0,0
189423539,1648,1657,1642,1693,1685,1699,0,0,1050,1050,0,0,0,0
189523781,1606,1650,1610,1672,1629,1668,0,0,1050,1050,0,0,0,0
189623838,1557,1621,1560,1656,1596,1653,0,0,1050,1050,0,0,0,0
189723520,1532,1616,1547,1655,1576,1642,0,0,1050,1050,0,0,0,0
189823584,1518,1611,1529,1645,1559,1637,0,0,1050,1050,0,0,0,0
189923516,1516,1618,1529,1637,1539,1627,0,0,1050,1050,0,0,0,0
190023447,1519,1608,1518,1632,1546,1633,0,0,1050,1050,0,0,0,0
190123661,1526,1596,1515,1628,1562,1637,0,0,1050,1050,0,0,0,0
190223552,1541,1593,1524,1621,1571,1635,0,0,1050,1050,0,0,0,0
190323541,1557,1594,1535,1617,1582,1637,0,0,1050,1050,0,0,0,0
190423484,1550,1582,1543,1631,1601,1637,0,0,1050,1050,0,0,0,0
190523508,1557,1595,1560,1637,1601,1633,0,0,1050,1050,0,0,0,0
190623633,1559,1604,1570,1645,1603,1636,0,0,1050,1050,0,0,0,0
190723513,1561,1609,1570,1653,1609,1646,0,0,1050,1050,0,0,0,0
190823541,1560,1616,1569,1658,1607,1651,0,0,1050,1050,0,0,0,0
190923594,1551,1611,1564,1670,1615,1658,0,0,1050,1050,0,0,0,0
191023521,1553,1618,1562,1671,1612,1663,0,0,1050,1050,0,0,0,0
191123697,1563,1638,1561,1672,1601,1673,0,0,1050,1050,0,0,0,0
191223558,1558,1638,1550,1678,1603,1685,0,0,1050,1050,0,0,0,0
191323499,1554,1638,1540,1681,1604,1692,0,0,1050,1050,0,0,0,0
191423483,1536,1636,1541,1689,1598,1685,0,0,1050,1050,0,0,0,0
191523515,1527,1642,1543,1691,1585,1678,0,0,1050,1050,0,0,0,0
191624179,1529,1647,1535,1688,1578,1683,0,0,1050,1050,0,0,0,0
191723526,1519,1638,1522,1691,1583,1689,0,0,1050,1050,0,0,0,0
191823541,1520,1640,1516,1689,1580,1692,0,0,1050,1050,0,0,0,0
191923569,1532,1648,1518,1682,1572,1693,0,0,1050,1050,0,0,0,0
192023633,1534,1644,1511,1677,1573,1694,0,0,1050,1050,0,0,0,0
192123734,1514,1632,1514,1682,1574,1682,0,0,1050,1050,0,0,0,0
192223566,1505,1627,1512,1683,1573,1678,0,0,1050,1050,0,0,0,0
192323546,1504,1619,1510,1682,1579,1677,0,0,1050,1050,0,0,0,0
192423537,1515,1612,1506,1674,1586,1680,0,0,1050,1050,0,0,0,0
192523503,1506,1612,1525,1682,1588,1668,0,0,1050,1050,0,0,0,0
192623671,1503,1614,1538,1684,1587,1657,0,0,1050,1050,0,0,0,0
192723507,1497,1604,1536,1686,1594,1656,0,0,1050,1050,0,0,0,0
192823589,1510,1594,1517,1675,1602,1669,0,0,1050,1050,0,0,0,0
192923459,1535,1603,1530,1662,1600,1666,0,0,1050,1050,0,0,0,0
193023563,1543,1586,1538,1664,1627,1668,0,0,1050,1050,0,0,0,0
193123523,1548,1573,1533,1661,1639,1673,0,0,1050,1050,0,0,0,0
193223510,1550,1565,1549,1658,1645,1658,0,0,1050,1050,0,0,0,0
193323515,1545,1560,1564,1661,1649,1645,0,0,1050,1050,0,0,0,0
193423520,1557,1579,1577,1659,1640,1641,0,0,1050,1050,0,0,0,0
193523506,1555,1578,1571,1656,1636,1642,0,0,1050,1050,0,0,0,0
193623564,1559,1589,1570,1658,1632,1648,0,0,1050,1050,0,0,0,0
193723549,1563,1603,1570,1659,1623,1653,0,0,1050,1050,0,0,0,0
193823547,1561,1606,1563,1661,1620,1659,0,0,1050,1050,0,0,0,0
193923544,1565,1610,1561,1660,1619,1664,0,0,1050,1050,0,0,0,0
194023503,1560,1594,1552,1661,1630,1667,0,0,1050,1050,0,0,0,0
194123614,1551,1583,1555,1666,1638,1662,0,0,1050,1050,0,0,0,0
194223597,1555,1577,1565,1663,1643,1654,0,0,1050,1050,0,0,0,0
194323531,1556,1568,1572,1657,1647,1643,0,0,1050,1050,0,0,0,0
194423475,1554,1553,1575,1651,1651,1632,0,0,1050,1050,0,0,0,0
194523497,1552,1543,1576,1645,1654,1625,0,0,1050,1050,0,0,0,0
194623664,1552,1542,1575,1641,1650,1620,0,0,1050,1050,0,0,0,0
194723333,1545,1538,1573,1641,1647,1616,0,0,1050,1050,0,0,0,0
194823317,1548,1540,1571,1638,1645,1617,0,0,1050,1050,0,0,0,0
194923216,1547,1543,1576,1640,1643,1613,0,0,1050,1050,0,0,0,0
195023251,1539,1546,1579,1646,1641,1612,0,0,1050,1050,0,0,0,0
195123406,1540,1551,1568,1649,1639,1625,0,0,1050,1050,0,0,0,0
195223278,1535,1551,1562,1653,1640,1630,0,0,1050,1050,0,0,0,0
195323238,1536,1557,1557,1656,1638,1638,0,0,1050,1050,0,0,0,0
195423279,1532,1563,1561,1664,1638,1639,0,0,1050,1050,0,0,0,0
195523304,1532,1567,1557,1665,1635,1644,0,0,1050,1050,0,0,0,0
195623363,1538,1563,1537,1660,1639,1661,0,0,1050,1050,0,0,0,0
195723325,1536,1577,1549,1666,1630,1655,0,0,1050,1050,0,0,0,0
195823232,1537,1575,1539,1667,1634,1665,0,0,1050,1050,0,0,0,0
195923262,1540,1579,1539,1669,1635,1669,0,0,1050,1050,0,0,0,0
196023341,1544,1573,1538,1667,1643,1672,0,0,1050,1050,0,0,0,0
196123277,1548,1575,1547,1666,1643,1667,0,0,1050,1050,0,0,0,0
196223271,1546,1570,1545,1668,1647,1668,0,0,1050,1050,0,0,0,0
196323252,1547,1570,1553,1671,1651,1666,0,0,1050,1050,0,0,0,0
196423288,1539,1566,1559,1676,1654,1660,0,0,1050,1050,0,0,0,0
196523257,1545,1575,1557,1671,1646,1662,0,0,1050,1050,0,0,0,0
196623490,1541,1569,1548,1671,1647,1665,0,0,1050,1050,0,0,0,0
196723264,1540,1576,1560,1670,1639,1653,0,0,1050,1050,0,0,0,0
196823262,1537,1570,1563,1672,1644,1650,0,0,1050,1050,0,0,0,0
196923278,1549,1570,1554,1666,1648,1662,0,0,1050,1050,0,0,0,0
197023268,1565,1572,1544,1658,1652,1675,0,0,1050,1050,0,0,0,0
197123430,1568,1569,1547,1655,1654,1673,0,0,1050,1050,0,0,0,0
197223374,1570,1568,1556,1652,1654,1665,0,0,1050,1050,0,0,0,0
197323316,1576,1567,1554,1646,1655,1665,0,0,1050,1050,0,0,0,0
197423323,1575,1563,1552,1647,1657,1667,0,0,1050,1050,0,0,0,0
197523302,1562,1559,1553,1657,1660,1664,0,0,1050,1050,0,0,0,0
197623276,1550,1558,1542,1660,1653,1666,0,0,1050,1050,0,0,0,0
197723245,1549,1575,1544,1661,1638,1665,0,0,1050,1050,0,0,0,0
197823247,1549,1576,1539,1660,1637,1668,0,0,1050,1050,0,0,0,0
197923198,1552,1574,1538,1659,1639,1670,0,0,1050,1050,0,0,0,0
198023228,1556,1566,1534,1653,1644,1671,0,0,1050,1050,0,0,0,0
198123209,1549,1555,1541,1655,1651,1662,0,0,1050,1050,0,0,0,0
198223301,1557,1556,1545,1649,1649,1659,0,0,1050,1050,0,0,0,0
198323332,1552,1554,1550,1653,1651,1654,0,0,1050,1050,0,0,0,0
198423329,1561,1553,1543,1643,1650,1658,0,0,1050,1050,0,0,0,0
198523270,1562,1557,1555,1648,1652,1655,0,0,1050,1050,0,0,0,0
198623342,1557,1549,1551,1653,1660,1658,0,0,1050,1050,0,0,0,0
198723278,1555,1547,1551,1656,1663,1660,0,0,1050,1050,0,0,0,0
198823224,1550,1551,1553,1659,1658,1656,0,0,1050,1050,0,0,0,0
198923209,1545,1544,1549,1658,1658,1654,0,0,1050,1050,0,0,0,0
199023185,1553,1555,1558,1654,1652,1649,0,0,1050,1050,0,0,0,0
199123328,1546,1543,1560,1658,1660,1646,0,0,1050,1050,0,0,0,0
199223318,1549,1549,1569,1656,1655,1638,0,0,1050,1050,0,0,0,0
199323305,1537,1546,1576,1664,1657,1631,0,0,1050,1050,0,0,0,0
199423279,1531,1565,1594,1666,1638,1611,0,0,1050,1050,0,0,0,0
199523263,1549,1552,1559,1643,1640,1634,0,0,1050,1050,0,0,0,0
199623328,1542,1542,1545,1639,1639,1636,0,0,1050,1050,0,0,0,0
199723272,1520,1526,1541,1654,1649,1637,0,0,1050,1050,0,0,0,0
199823219,1511,1534,1545,1660,1641,1632,0,0,1050,1050,0,0,0,0
199923176,1526,1566,1557,1648,1613,1622,0,0,1050,1050,0,0,0,0
200023256,1505,1555,1565,1666,1625,1616,0,0,1050,1050,0,0,0,0
200123360,1493,1536,1562,1687,1654,1632,0,0,1050,1050,0,0,0,0
200223274,1496,1539,1560,1699,1666,1648,0,0,1050,1050,0,0,0,0
200323286,1510,1554,1557,1700,1665,1663,0,0,1050,1050,0,0,0,0
200423318,1515,1567,1561,1699,1657,1662,0,0,1050,1050,0,0,0,0
200523270,1519,1584,1561,1694,1641,1661,0,0,1050,1050,0,0,0,0
200623279,1523,1597,1560,1694,1632,1665,0,0,1050,1050,0,0,0,0
200723244,1532,1610,1561,1691,1623,1667,0,0,1050,1050,0,0,0,0
200823270,1537,1613,1553,1686,1619,1673,0,0,1050,1050,0,0,0,0
200923272,1538,1606,1546,1685,1624,1678,0,0,1050,1050,0,0,0,0
201023300,1547,1605,1551,1679,1628,1676,0,0,1050,1050,0,0,0,0
201123289,1557,1609,1566,1681,1635,1673,0,0,1050,1050,0,0,0,0
201223259,1563,1608,1578,1685,1645,1672,0,0,1050,1050,0,0,0,0
201323266,1570,1604,1583,1681,1650,1669,0,0,1050,1050,0,0,0,0
201423349,1566,1600,1590,1681,1651,1660,0,0,1050,1050,0,0,0,0
201523283,1568,1604,1591,1677,1645,1657,0,0,1050,1050,0,0,0,0
201623325,1557,1613,1597,1677,1627,1642,0,0,1050,1050,0,0,0,0
201723258,1550,1605,1579,1672,1622,1646,0,0,1050,1050,0,0,0,0
201823273,1549,1600,1564,1658,1611,1645,0,0,1050,1050,0,0,0,0
201923302,1542,1592,1547,1644,1598,1639,0,0,1050,1050,0,0,0,0
202023293,1521,1580,1534,1628,1573,1616,0,0,1050,1050,0,0,0,0
202123351,1498,1555,1514,1610,1559,1597,0,0,1050,1050,0,0,0,0
202223287,1500,1544,1508,1602,1563,1596,0,0,1050,1050,0,0,0,0
202323278,1493,1544,1523,1610,1565,1584,0,0,1050,1050,0,0,0,0
202423194,1484,1535,1526,1619,1576,1584,0,0,1050,1050,0,0,0,0
202523323,1489,1537,1527,1620,1579,1588,0,0,1050,1050,0,0,0,0
202623289,1490,1540,1530,1630,1587,1596,0,0,1050,1050,0,0,0,0
202723267,1469,1571,1503,1658,1571,1632,0,0,1050,1050,0,0,0,0
202823262,1475,1592,1506,1667,1566,1644,0,0,1050,1050,0,0,0,0
202923263,1497,1567,1549,1667,1608,1624,0,0,1050,1050,0,0,0,0
203023231,1497,1551,1567,1674,1631,1616,0,0,1050,1050,0,0,0,0
203123292,1510,1558,1571,1672,1632,1621,0,0,1050,1050,0,0,0,0
203223350,1522,1570,1573,1673,1633,1630,0,0,1050,1050,0,0,0,0
203323164,1517,1589,1564,1683,1622,1645,0,0,1050,1050,0,0,0,0
203423236,1472,1629,1512,1718,1585,1690,0,0,1050,1050,0,0,0,0
203523304,1496,1623,1531,1708,1600,1683,0,0,1050,1050,0,0,0,0
203623348,1512,1604,1552,1698,1620,1666,0,0,1050,1050,0,0,0,0
203723328,1534,1586,1570,1678,1634,1648,0,0,1050,1050,0,0,0,0
203823302,1537,1578,1583,1670,1635,1630,0,0,1050,1050,0,0,0,0
203923263,1534,1568,1589,1668,1639,1620,0,0,1050,1050,0,0,0,0
204023288,1526,1558,1590,1669,1643,1614,0,0,1050,1050,0,0,0,0
204123268,1528,1552,1583,1664,1644,1616,0,0,1050,1050,0,0,0,0
204223253,1537,1566,1583,1654,1629,1613,0,0,1050,1050,0,0,0,0
204323242,1529,1573,1588,1664,1626,1612,0,0,1050,1050,0,0,0,0
204423228,1521,1566,1570,1671,1633,1630,0,0,1050,1050,0,0,0,0
204523530,1511,1569,1559,1676,1627,1637,0,0,1050,1050,0,0,0,0
204623696,1506,1570,1554,1678,1625,1640,0,0,1050,1050,0,0,0,0
204723560,1497,1570,1547,1684,1623,1644,0,0,1050,1050,0,0,0,0
204823464,1496,1573,1539,1683,1619,1649,0,0,1050,1050,0,0,0,0
204923525,1496,1569,1530,1681,1621,1654,0,0,1050,1050,0,0,0,0
205023524,1501,1568,1532,1680,1625,1655,0,0,1050,1050,0,0,0,0
205123557,1500,1565,1543,1682,1629,1648,0,0,1050,1050,0,0,0,0
205223520,1508,1572,1554,1674,1620,1637,0,0,1050,1050,0,0,0,0
205323434,1510,1565,1552,1670,1624,1635,0,0,1050,1050,0,0,0,0
205423529,1511,1560,1547,1667,1626,1638,0,0,1050,1050,0,0,0,0
205523501,1505,1557,1543,1670,1628,1640,0,0,1050,1050,0,0,0,0
205623607,1507,1563,1542,1668,1621,1640,0,0,1050,1050,0,0,0,0
205723580,1508,1560,1533,1667,1624,1648,0,0,1050,1050,0,0,0,0
205823576,1505,1569,1531,1675,1622,1655,0,0,1050,1050,0,0,0,0
205923528,1489,1580,1530,1689,1614,1658,0,0,1050,1050,0,0,0,0
206023511,1483,1593,1527,1698,1606,1665,0,0,1050,1050,0,0,0,0
206123504,1490,1608,1525,1697,1597,1671,0,0,1050,1050,0,0,0,0
206223501,1479,1591,1515,1703,1612,1677,0,0,1050,1050,0,0,0,0
206323498,1485,1587,1527,1697,1613,1665,0,0,1050,1050,0,0,0,0
206423464,1503,1584,1539,1681,1612,1652,0,0,1050,1050,0,0,0,0
206523547,1512,1566,1541,1670,1625,1647,0,0,1050,1050,0,0,0,0
206623610,1519,1550,1544,1667,1641,1646,0,0,1050,1050,0,0,0,0
206723582,1515,1547,1554,1670,1643,1637,0,0,1050,1050,0,0,0,0
206823495,1518,1553,1569,1667,1639,1624,0,0,1050,1050,0,0,0,0
206923542,1527,1562,1581,1666,1636,1619,0,0,1050,1050,0,0,0,0
207023480,1532,1560,1583,1668,1645,1624,0,0,1050,1050,0,0,0,0
207123686,1541,1561,1582,1663,1646,1627,0,0,1050,1050,0,0,0,0
207223536,1542,1565,1583,1662,1643,1627,0,0,1050,1050,0,0,0,0
207323464,1533,1570,1588,1668,1636,1620,0,0,1050,1050,0,0,0,0
207423530,1529,1561,1570,1669,1643,1635,0,0,1050,1050,0,0,0,0
207523548,1527,1573,1562,1672,1633,1643,0,0,1050,1050,0,0,0,0
207623690,1525,1587,1552,1676,1623,1654,0,0,1050,1050,0,0,0,0
207723598,1525,1598,1542,1677,1612,1663,0,0,1050,1050,0,0,0,0
207823502,1519,1589,1530,1681,1620,1672,0,0,1050,1050,0,0,0,0
207923495,1515,1589,1530,1683,1621,1672,0,0,1050,1050,0,0,0,0
208023528,1512,1588,1533,1685,1620,1668,0,0,1050,1050,0,0,0,0
208123661,1519,1595,1538,1678,1611,1662,0,0,1050,1050,0,0,0,0
208223496,1515,1590,1542,1679,1615,1657,0,0,1050,1050,0,0,0,0
208323513,1520,1588,1549,1677,1619,1654,0,0,1050,1050,0,0,0,0
208423485,1526,1578,1543,1666,1621,1652,0,0,1050,1050,0,0,0,0
208523494,1520,1566,1542,1665,1626,1647,0,0,1050,1050,0,0,0,0
208623612,1505,1552,1541,1674,1635,1644,0,0,1050,1050,0,0,0,0
208723532,1511,1560,1547,1666,1625,1637,0,0,1050,1050,0,0,0,0
208823544,1515,1558,1548,1664,1628,1636,0,0,1050,1050,0,0,0,0
208923768,1523,1558,1551,1660,1631,1636,0,0,1050,1050,0,0,0,0
209023559,1516,1559,1560,1667,1632,1631,0,0,1050,1050,0,0,0,0
209123561,1517,1567,1564,1669,1627,1629,0,0,1050,1050,0,0,0,0
209223563,1520,1567,1559,1672,1632,1640,0,0,1050,1050,0,0,0,0
209323501,1522,1565,1552,1671,1636,1647,0,0,1050,1050,0,0,0,0
209423269,1519,1565,1555,1675,1636,1645,0,0,1050,1050,0,0,0,0
209523262,1521,1572,1556,1672,1630,1644,0,0,1050,1050,0,0,0,0
209623427,1519,1577,1557,1674,1625,1644,0,0,1050,1050,0,0,0,0
209723254,1517,1575,1546,1676,1627,1652,0,0,1050,1050,0,0,0,0
209823277,1509,1574,1542,1680,1626,1654,0,0,1050,1050,0,0,0,0
209923279,1512,1574,1536,1678,1626,1660,0,0,1050,1050,0,0,0,0
210023282,1510,1580,1540,1680,1621,1656,0,0,1050,1050,0,0,0,0
210123527,1511,1579,1536,1675,1617,1655,0,0,1050,1050,0,0,0,0
210223278,1509,1582,1539,1675,1614,1652,0,0,1050,1050,0,0,0,0
210323352,1512,1584,1540,1677,1616,1654,0,0,1050,1050,0,0,0,0
210423213,1513,1581,1539,1677,1620,1657,0,0,1050,1050,0,0,0,0
210523241,1510,1582,1549,1680,1620,1649,0,0,1050,1050,0,0,0,0
210623429,1517,1585,1559,1677,1619,1643,0,0,1050,1050,0,0,0,0
210723247,1526,1584,1560,1672,1622,1644,0,0,1050,1050,0,0,0,0
210823281,1526,1578,1561,1672,1627,1642,0,0,1050,1050,0,0,0,0
210923267,1524,1575,1562,1672,1629,1640,0,0,1050,1050,0,0,0,0
211023284,1513,1566,1562,1675,1631,1635,0,0,1050,1050,0,0,0,0
211123314,1513,1565,1558,1672,1629,1635,0,0,1050,1050,0,0,0,0
211223260,1516,1569,1554,1669,1624,1638,0,0,1050,1050,0,0,0,0
211323263,1518,1570,1546,1666,1623,1644,0,0,1050,1050,0,0,0,0
211423255,1515,1574,1546,1670,1621,1645,0,0,1050,1050,0,0,0,0
211523216,1516,1579,1549,1672,1618,1645,0,0,1050,1050,0,0,0,0
211623342,1517,1576,1542,1669,1619,1648,0,0,1050,1050,0,0,0,0
211723341,1518,1572,1539,1668,1622,1651,0,0,1050,1050,0,0,0,0
211823325,1510,1573,1546,1674,1622,1645,0,0,1050,1050,0,0,0,0
211923316,1509,1571,1546,1675,1624,1645,0,0,1050,1050,0,0,0,0
212023261,1510,1570,1549,1673,1624,1643,0,0,1050,1050,0,0,0,0
212123453,1513,1575,1556,1673,1620,1637,0,0,1050,1050,0,0,0,0
212223255,1517,1573,1551,1672,1624,1644,0,0,1050,1050,0,0,0,0
212323215,1516,1574,1552,1674,1624,1644,0,0,1050,1050,0,0,0,0
212423194,1515,1579,1558,1674,1620,1639,0,0,1050,1050,0,0,0,0
212523199,1525,1583,1555,1669,1618,1643,0,0,1050,1050,0,0,0,0
212623277,1522,1579,1551,1669,1620,1646,0,0,1050,1050,0,0,0,0
212723284,1515,1579,1557,1673,1618,1639,0,0,1050,1050,0,0,0,0
212823305,1515,1577,1557,1673,1620,1638,0,0,1050,1050,0,0,0,0
212923226,1519,1576,1554,1671,1623,1642,0,0,1050,1050,0,0,0,0
213023260,1518,1577,1557,1672,1622,1639,0,0,1050,1050,0,0,0,0
213123438,1523,1577,1555,1670,1623,1643,0,0,1050,1050,0,0,0,0
213223253,1525,1579,1556,1669,1623,1644,0,0,1050,1050,0,0,0,0
213323198,1525,1583,1562,1669,1619,1638,0,0,1050,1050,0,0,0,0
213423227,1526,1582,1560,1668,1620,1639,0,0,1050,1050,0,0,0,0
213523311,1523,1581,1558,1669,1619,1640,0,0,1050,1050,0,0,0,0
213623383,1521,1581,1557,1670,1619,1640,0,0,1050,1050,0,0,0,0
213723315,1522,1584,1558,1670,1616,1640,0,0,1050,1050,0,0,0,0
213823260,1519,1582,1557,1673,1618,1642,0,0,1050,1050,0,0,0,0
213923265,1522,1585,1558,1671,1617,1642,0,0,1050,1050,0,0,0,0
214023273,1522,1586,1562,1672,1616,1638,0,0,1050,1050,0,0,0,0
214123256,1527,1584,1556,1667,1618,1643,0,0,1050,1050,0,0,0,0
214223221,1523,1583,1560,1671,1619,1640,0,0,1050,1050,0,0,0,0
214323200,1523,1579,1557,1671,1623,1643,0,0,1050,1050,0,0,0,0
214423297,1526,1582,1558,1670,1622,1643,0,0,1050,1050,0,0,0,0
214523265,1527,1588,1567,1673,1619,1639,0,0,1050,1050,0,0,0,0
214623397,1528,1591,1569,1671,1617,1637,0,0,1050,1050,0,0,0,0
214723336,1528,1586,1564,1670,1620,1640,0,0,1050,1050,0,0,0,0
214823269,1525,1581,1562,1673,1625,1642,0,0,1050,1050,0,0,0,0
214923252,1522,1579,1561,1676,1628,1644,0,0,1050,1050,0,0,0,0
215023221,1522,1578,1561,1675,1627,1643,0,0,1050,1050,0,0,0,0
215123265,1524,1578,1560,1671,1625,1642,0,0,1050,1050,0,0,0,0
215223260,1525,1576,1561,1669,1625,1639,0,0,1050,1050,0,0,0,0
215323295,1524,1572,1559,1667,1626,1638,0,0,1050,1050,0,0,0,0
215423300,1523,1572,1558,1667,1625,1638,0,0,1050,1050,0,0,0,0
215523289,1517,1573,1561,1673,1625,1636,0,0,1050,1050,0,0,0,0
215623341,1516,1572,1559,1673,1626,1638,0,0,1050,1050,0,0,0,0
215723274,1519,1576,1554,1672,1624,1643,0,0,1050,1050,0,0,0,0
215823303,1517,1578,1554,1674,1622,1644,0,0,1050,1050,0,0,0,0
215923224,1518,1585,1555,1676,1619,1646,0,0,1050,1050,0,0,0,0
216023197,1513,1587,1549,1681,1618,1652,0,0,1050,1050,0,0,0,0
216123476,1512,1590,1542,1684,1618,1660,0,0,1050,1050,0,0,0,0
216223298,1511,1596,1546,1685,1612,1657,0,0,1050,1050,0,0,0,0
216323272,1514,1598,1541,1680,1607,1659,0,0,1050,1050,0,0,0,0
216423308,1520,1596,1542,1677,1611,1660,0,0,1050,1050,0,0,0,0
216523243,1524,1590,1542,1673,1616,1659,0,0,1050,1050,0,0,0,0
216623641,1522,1583,1547,1677,1625,1657,0,0,1050,1050,0,0,0,0
216723525,1519,1578,1555,1679,1630,1651,0,0,1050,1050,0,0,0,0
216823564,1522,1576,1552,1674,1628,1650,0,0,1050,1050,0,0,0,0
216923459,1523,1578,1555,1671,1624,1646,0,0,1050,1050,0,0,0,0
217023510,1528,1577,1557,1666,1624,1641,0,0,1050,1050,0,0,0,0
217123733,1527,1571,1554,1665,1628,1642,0,0,1050,1050,0,0,0,0
217223375,1526,1574,1558,1666,1625,1639,0,0,1050,1050,0,0,0,0
217323331,1522,1564,1545,1666,1630,1646,0,0,1050,1050,0,0,0,0
217423374,1517,1571,1539,1668,1622,1650,0,0,1050,1050,0,0,0,0
217523248,1508,1578,1537,1677,1618,1655,0,0,1050,1050,0,0,0,0
217623414,1503,1591,1534,1680,1604,1656,0,0,1050,1050,0,0,0,0
217723234,1497,1597,1525,1684,1598,1663,0,0,1050,1050,0,0,0,0
217823249,1486,1593,1513,1691,1602,1672,0,0,1050,1050,0,0,0,0
217923238,1479,1599,1513,1694,1594,1669,0,0,1050,1050,0,0,0,0
218023279,1489,1606,1505,1688,1587,1676,0,0,1050,1050,0,0,0,0
218123325,1489,1604,1503,1689,1589,1678,0,0,1050,1050,0,0,0,0
218223348,1498,1610,1505,1680,1582,1676,0,0,1050,1050,0,0,0,0
218323276,1502,1599,1503,1676,1591,1675,0,0,1050,1050,0,0,0,0
218423210,1510,1595,1509,1666,1591,1667,0,0,1050,1050,0,0,0,0
218523243,1519,1594,1530,1666,1601,1658,0,0,1050,1050,0,0,0,0
218623353,1531,1589,1538,1661,1610,1655,0,0,1050,1050,0,0,0,0
218723187,1540,1589,1543,1657,1614,1655,0,0,1050,1050,0,0,0,0
218823254,1534,1577,1545,1663,1625,1654,0,0,1050,1050,0,0,0,0
218923275,1532,1580,1549,1665,1623,1651,0,0,1050,1050,0,0,0,0
219023328,1528,1583,1551,1671,1624,1651,0,0,1050,1050,0,0,0,0
219123401,1522,1585,1551,1671,1618,1648,0,0,1050,1050,0,0,0,0
219223244,1530,1589,1547,1663,1611,1649,0,0,1050,1050,0,0,0,0
219323286,1527,1587,1551,1666,1614,1647,0,0,1050,1050,0,0,0,0
219423251,1531,1581,1547,1663,1620,1650,0,0,1050,1050,0,0,0,0
219523269,1533,1577,1546,1661,1622,1649,0,0,1050,1050,0,0,0,0
219623248,1532,1568,1551,1661,1630,1645,0,0,1050,1050,0,0,0,0
219723240,1541,1566,1552,1651,1630,1642,0,0,1050,1050,0,0,0,0
219823290,1553,1572,1558,1644,1626,1639,0,0,1050,1050,0,0,0,0
219923269,1549,1570,1560,1647,1629,1638,0,0,1050,1050,0,0,0,0
220023255,1546,1577,1554,1647,1619,1639,0,0,1050,1050,0,0,0,0
220123301,1536,1588,1552,1652,1606,1638,0,0,1050,1050,0,0,0,0
220223263,1528,1593,1545,1655,1598,1642,0,0,1050,1050,0,0,0,0
220323269,1516,1579,1539,1664,1609,1645,0,0,1050,1050,0,0,0,0
220423218,1519,1588,1546,1662,1602,1641,0,0,1050,1050,0,0,0,0
220523253,1530,1593,1540,1659,1603,1650,0,0,1050,1050,0,0,0,0
220623373,1534,1591,1530,1659,1608,1662,0,0,1050,1050,0,0,0,0
220723275,1540,1604,1538,1660,1602,1662,0,0,1050,1050,0,0,0,0
220823270,1545,1611,1544,1663,1603,1664,0,0,1050,1050,0,0,0,0
220923242,1534,1595,1541,1673,1621,1668,0,0,1050,1050,0,0,0,0
221023236,1529,1586,1545,1681,1633,1668,0,0,1050,1050,0,0,0,0
221123305,1535,1585,1548,1677,1635,1667,0,0,1050,1050,0,0,0,0
221223323,1535,1578,1546,1674,1637,1665,0,0,1050,1050,0,0,0,0
221323247,1535,1583,1560,1677,1635,1656,0,0,1050,1050,0,0,0,0
221423272,1536,1584,1564,1677,1635,1654,0,0,1050,1050,0,0,0,0
221523238,1542,1589,1569,1673,1632,1650,0,0,1050,1050,0,0,0,0
221623396,1547,1588,1568,1668,1632,1651,0,0,1050,1050,0,0,0,0
221723317,1548,1584,1560,1666,1634,1656,0,0,1050,1050,0,0,0,0
221823261,1541,1591,1564,1666,1623,1647,0,0,1050,1050,0,0,0,0
221923256,1536,1595,1563,1666,1614,1643,0,0,1050,1050,0,0,0,0
222023264,1533,1595,1555,1666,1611,1648,0,0,1050,1050,0,0,0,0
222123272,1529,1598,1548,1665,1604,1650,0,0,1050,1050,0,0,0,0
222223230,1532,1603,1540,1662,1598,1656,0,0,1050,1050,0,0,0,0
222323488,1536,1608,1531,1662,1597,1667,0,0,1050,1050,0,0,0,0
222423269,1539,1611,1525,1663,1598,1674,0,0,1050,1050,0,0,0,0
222523274,1538,1604,1513,1663,1604,1682,0,0,1050,1050,0,0,0,0
222623496,1528,1596,1515,1669,1608,1679,0,0,1050,1050,0,0,0,0
222723345,1519,1584,1517,1672,1615,1673,0,0,1050,1050,0,0,0,0
222823299,1520,1586,1523,1669,1612,1667,0,0,1050,1050,0,0,0,0
222923275,1525,1587,1537,1668,1614,1658,0,0,1050,1050,0,0,0,0
223023252,1535,1584,1554,1660,1617,1645,0,0,1050,1050,0,0,0,0
223123387,1550,1584,1568,1653,1622,1637,0,0,1050,1050,0,0,0,0
223223276,1563,1590,1582,1647,1623,1630,0,0,1050,1050,0,0,0,0
223323260,1562,1579,1584,1651,1637,1632,0,0,1050,1050,0,0,0,0
223423298,1531,1589,1563,1676,1626,1650,0,0,1050,1050,0,0,0,0
223523318,1524,1591,1551,1681,1624,1659,0,0,1050,1050,0,0,0,0
223623395,1542,1569,1572,1668,1646,1642,0,0,1050,1050,0,0,0,0
223723301,1549,1556,1578,1660,1654,1635,0,0,1050,1050,0,0,0,0
223823247,1553,1561,1575,1652,1646,1633,0,0,1050,1050,0,0,0,0
223923218,1555,1570,1569,1647,1634,1635,0,0,1050,1050,0,0,0,0
224023243,1545,1582,1571,1654,1621,1631,0,0,1050,1050,0,0,0,0
224123232,1527,1593,1569,1668,1611,1633,0,0,1050,1050,0,0,0,0
224223244,1493,1620,1535,1694,1583,1662,0,0,1050,1050,0,0,0,0
224323284,1515,1604,1548,1681,1603,1654,0,0,1050,1050,0,0,0,0
224423271,1531,1599,1561,1670,1609,1645,0,0,1050,1050,0,0,0,0
224523307,1537,1595,1558,1666,1614,1648,0,0,1050,1050,0,0,0,0
224623258,1537,1590,1563,1665,1618,1643,0,0,1050,1050,0,0,0,0
224723258,1538,1585,1559,1661,1620,1643,0,0,1050,1050,0,0,0,0
224823286,1538,1581,1552,1656,1617,1644,0,0,1050,1050,0,0,0,0
224923199,1536,1577,1544,1654,1619,1648,0,0,1050,1050,0,0,0,0
225023196,1534,1585,1554,1656,1611,1639,0,0,1050,1050,0,0,0,0
225123244,1541,1586,1554,1647,1606,1635,0,0,1050,1050,0,0,0,0
225223274,1534,1577,1562,1650,1612,1626,0,0,1050,1050,0,0,0,0
225323288,1530,1566,1563,1648,1616,1619,0,0,1050,1050,0,0,0,0
225423308,1534,1564,1561,1647,1621,1623,0,0,1050,1050,0,0,0,0
225523212,1533,1563,1551,1649,1623,1633,0,0,1050,1050,0,0,0,0
225623436,1533,1565,1543,1649,1622,1641,0,0,1050,1050,0,0,0,0
225723264,1526,1579,1541,1660,1614,1647,0,0,1050,1050,0,0,0,0
225823225,1517,1591,1534,1669,1604,1655,0,0,1050,1050,0,0,0,0
225923217,1511,1603,1526,1671,1590,1660,0,0,1050,1050,0,0,0,0
226023256,1498,1606,1530,1681,1586,1656,0,0,1050,1050,0,0,0,0
226123313,1494,1605,1535,1689,1594,1658,0,0,1050,1050,0,0,0,0
226223332,1490,1604,1542,1694,1597,1654,0,0,1050,1050,0,0,0,0
226323354,1499,1600,1543,1690,1603,1655,0,0,1050,1050,0,0,0,0
226423300,1509,1599,1551,1684,1606,1650,0,0,1050,1050,0,0,0,0
226523263,1511,1576,1540,1681,1627,1658,0,0,1050,1050,0,0,0,0
226623385,1520,1580,1545,1676,1624,1656,0,0,1050,1050,0,0,0,0
226723230,1521,1581,1547,1675,1624,1654,0,0,1050,1050,0,0,0,0
226823216,1525,1583,1545,1669,1619,1653,0,0,1050,1050,0,0,0,0
226923270,1523,1583,1551,1672,1620,1649,0,0,1050,1050,0,0,0,0
227023277,1520,1587,1562,1678,1622,1644,0,0,1050,1050,0,0,0,0
227123417,1526,1582,1553,1674,1626,1651,0,0,1050,1050,0,0,0,0
227223375,1529,1583,1550,1667,1620,1650,0,0,1050,1050,0,0,0,0
227323265,1524,1591,1561,1671,1613,1641,0,0,1050,1050,0,0,0,0
227423272,1517,1590,1566,1678,1615,1638,0,0,1050,1050,0,0,0,0
227523276,1533,1592,1554,1666,1613,1648,0,0,1050,1050,0,0,0,0
227623428,1522,1584,1556,1672,1619,1644,0,0,1050,1050,0,0,0,0
227723340,1512,1584,1560,1675,1614,1636,0,0,1050,1050,0,0,0,0
227823280,1504,1585,1555,1676,1608,1635,0,0,1050,1050,0,0,0,0
227923258,1488,1577,1546,1685,1611,1639,0,0,1050,1050,0,0,0,0
228023345,1481,1571,1535,1689,1616,1648,0,0,1050,1050,0,0,0,0
228123376,1486,1584,1535,1688,1608,1651,0,0,1050,1050,0,0,0,0
228223254,1497,1591,1529,1683,1604,1659,0,0,1050,1050,0,0,0,0
228323247,1508,1594,1532,1677,1602,1658,0,0,1050,1050,0,0,0,0
228423276,1515,1596,1538,1671,1600,1652,0,0,1050,1050,0,0,0,0
228523170,1528,1602,1540,1666,1600,1656,0,0,1050,1050,0,0,0,0
228623351,1518,1589,1546,1675,1613,1652,0,0,1050,1050,0,0,0,0
228723299,1516,1579,1552,1677,1623,1648,0,0,1050,1050,0,0,0,0
228823268,1517,1573,1550,1677,1630,1650,0,0,1050,1050,0,0,0,0
228923303,1521,1577,1559,1673,1626,1642,0,0,1050,1050,0,0,0,0
229023320,1520,1580,1561,1677,1626,1643,0,0,1050,1050,0,0,0,0
229123252,1521,1578,1554,1676,1628,1650,0,0,1050,1050,0,0,0,0
229223243,1521,1585,1561,1680,1625,1647,0,0,1050,1050,0,0,0,0
229323257,1514,1587,1563,1687,1626,1648,0,0,1050,1050,0,0,0,0
229423281,1524,1596,1560,1683,1620,1653,0,0,1050,1050,0,0,0,0
229523210,1527,1595,1552,1679,1621,1659,0,0,1050,1050,0,0,0,0
229623255,1523,1596,1552,1684,1621,1661,0,0,1050,1050,0,0,0,0
229723293,1527,1600,1551,1683,1620,1664,0,0,1050,1050,0,0,0,0
229823339,1525,1600,1558,1686,1621,1660,0,0,1050,1050,0,0,0,0
229923308,1516,1596,1571,1690,1622,1645,0,0,1050,1050,0,0,0,0
230023225,1518,1587,1571,1684,1626,1641,0,0,1050,1050,0,0,0,0
230123284,1514,1569,1563,1682,1636,1641,0,0,1050,1050,0,0,0,0
230223254,1524,1569,1572,1673,1634,1632,0,0,1050,1050,0,0,0,0
230323176,1537,1565,1572,1659,1635,1629,0,0,1050,1050,0,0,0,0
230423222,1543,1562,1581,1656,1639,1623,0,0,1050,1050,0,0,0,0
230523257,1553,1559,1589,1649,1643,1616,0,0,1050,1050,0,0,0,0
230623295,1555,1545,1593,1645,1653,1610,0,0,1050,1050,0,0,0,0
230723327,1567,1539,1590,1635,1659,1613,0,0,1050,1050,0,0,0,0
230823306,1570,1537,1589,1630,1658,1612,0,0,1050,1050,0,0,0,0
230923245,1572,1538,1602,1632,1661,1604,0,0,1050,1050,0,0,0,0
231023233,1577,1545,1614,1633,1661,1598,0,0,1050,1050,0,0,0,0
231123282,1573,1544,1616,1638,1663,1596,0,0,1050,1050,0,0,0,0
231223195,1565,1538,1617,1643,1665,1594,0,0,1050,1050,0,0,0,0
231323241,1553,1521,1618,1650,1676,1589,0,0,1050,1050,0,0,0,0
231423225,1562,1526,1625,1642,1673,1582,0,0,1050,1050,0,0,0,0
231523249,1570,1520,1609,1633,1674,1596,0,0,1050,1050,0,0,0,0
231623348,1564,1534,1609,1637,1662,1594,0,0,1050,1050,0,0,0,0
231723247,1564,1558,1601,1634,1640,1599,0,0,1050,1050,0,0,0,0
231823220,1552,1565,1585,1647,1636,1617,0,0,1050,1050,0,0,0,0
231923308,1542,1577,1586,1657,1627,1618,0,0,1050,1050,0,0,0,0
232023270,1523,1582,1567,1670,1620,1634,0,0,1050,1050,0,0,0,0
232123396,1513,1583,1541,1675,1615,1653,0,0,1050,1050,0,0,0,0
232223251,1507,1597,1538,1682,1604,1657,0,0,1050,1050,0,0,0,0
232323266,1496,1604,1542,1691,1599,1655,0,0,1050,1050,0,0,0,0
232423245,1486,1597,1544,1698,1605,1653,0,0,1050,1050,0,0,0,0
232523288,1490,1600,1560,1697,1604,1642,0,0,1050,1050,0,0,0,0
232623355,1507,1601,1560,1691,1611,1649,0,0,1050,1050,0,0,0,0
232723288,1526,1604,1548,1682,1614,1664,0,0,1050,1050,0,0,0,0
232823263,1531,1603,1544,1675,1611,1665,0,0,1050,1050,0,0,0,0
232923276,1535,1600,1545,1672,1615,1665,0,0,1050,1050,0,0,0,0
233023197,1528,1603,1558,1680,1614,1655,0,0,1050,1050,0,0,0,0
233123233,1529,1597,1559,1686,1627,1661,0,0,1050,1050,0,0,0,0
233223278,1533,1592,1554,1683,1632,1665,0,0,1050,1050,0,0,0,0
233323283,1537,1600,1559,1673,1618,1655,0,0,1050,1050,0,0,0,0
233423342,1536,1598,1555,1670,1615,1655,0,0,1050,1050,0,0,0,0
233523284,1531,1610,1559,1674,1604,1652,0,0,1050,1050,0,0,0,0
233623236,1525,1614,1548,1678,1599,1660,0,0,1050,1050,0,0,0,0
233723289,1511,1614,1534,1684,1593,1667,0,0,1050,1050,0,0,0,0
233823271,1482,1625,1535,1706,1583,1667,0,0,1050,1050,0,0,0,0
233923226,1480,1628,1518,1708,1580,1681,0,0,1050,1050,0,0,0,0
234023234,1483,1627,1513,1708,1583,1686,0,0,1050,1050,0,0,0,0
234123216,1495,1629,1507,1701,1582,1692,0,0,1050,1050,0,0,0,0
234223277,1510,1628,1504,1693,1588,1697,0,0,1050,1050,0,0,0,0
234323304,1518,1629,1528,1691,1592,1684,0,0,1050,1050,0,0,0,0
234423291,1525,1621,1549,1685,1599,1666,0,0,1050,1050,0,0,0,0
234523484,1538,1618,1562,1671,1599,1652,0,0,1050,1050,0,0,0,0
234623609,1536,1600,1560,1670,1613,1650,0,0,1050,1050,0,0,0,0
234723585,1547,1602,1569,1661,1612,1642,0,0,1050,1050,0,0,0,0
234823578,1553,1593,1571,1654,1618,1639,0,0,1050,1050,0,0,0,0
234923490,1558,1583,1571,1645,1622,1633,0,0,1050,1050,0,0,0,0
235023506,1564,1577,1575,1638,1626,1628,0,0,1050,1050,0,0,0,0
235123649,1561,1572,1581,1640,1630,1622,0,0,1050,1050,0,0,0,0
235223528,1562,1550,1577,1638,1647,1624,0,0,1050,1050,0,0,0,0
235323561,1567,1543,1581,1634,1656,1621,0,0,1050,1050,0,0,0,0
235423522,1568,1541,1590,1632,1655,1612,0,0,1050,1050,0,0,0,0
235523458,1564,1539,1591,1629,1651,1604,0,0,1050,1050,0,0,0,0
235623651,1565,1537,1587,1629,1653,1608,0,0,1050,1050,0,0,0,0
235723581,1565,1540,1588,1630,1652,1609,0,0,1050,1050,0,0,0,0
235823546,1555,1539,1591,1641,1655,1608,0,0,1050,1050,0,0,0,0
235923510,1562,1550,1583,1637,1647,1618,0,0,1050,1050,0,0,0,0
236023556,1551,1563,1590,1651,1640,1616,0,0,1050,1050,0,0,0,0
236123457,1555,1563,1581,1650,1643,1627,0,0,1050,1050,0,0,0,0
236223288,1549,1564,1574,1657,1645,1636,0,0,1050,1050,0,0,0,0
236323287,1542,1565,1564,1659,1639,1640,0,0,1050,1050,0,0,0,0
236423264,1529,1571,1560,1665,1630,1640,0,0,1050,1050,0,0,0,0
236523256,1524,1583,1556,1671,1620,1645,0,0,1050,1050,0,0,0,0
236623336,1528,1595,1551,1669,1609,1649,0,0,1050,1050,0,0,0,0
236723246,1528,1594,1547,1667,1609,1652,0,0,1050,1050,0,0,0,0
236823282,1523,1585,1541,1669,1616,1655,0,0,1050,1050,0,0,0,0
236923293,1520,1582,1552,1672,1619,1645,0,0,1050,1050,0,0,0,0
237023256,1525,1584,1562,1670,1620,1639,0,0,1050,1050,0,0,0,0
237123374,1531,1584,1559,1665,1619,1641,0,0,1050,1050,0,0,0,0
237223230,1525,1579,1563,1668,1622,1636,0,0,1050,1050,0,0,0,0
237323279,1524,1579,1567,1669,1622,1633,0,0,1050,1050,0,0,0,0
237423270,1526,1577,1564,1668,1624,1636,0,0,1050,1050,0,0,0,0
237523202,1523,1574,1560,1672,1629,1642,0,0,1050,1050,0,0,0,0
237623375,1525,1569,1552,1667,1630,1645,0,0,1050,1050,0,0,0,0
237723172,1525,1568,1554,1665,1628,1641,0,0,1050,1050,0,0,0,0
237823288,1520,1569,1554,1665,1624,1637,0,0,1050,1050,0,0,0,0
237923259,1522,1571,1552,1664,1622,1640,0,0,1050,1050,0,0,0,0
238023310,1521,1571,1552,1664,1621,1638,0,0,1050,1050,0,0,0,0
238123307,1515,1578,1560,1667,1613,1630,0,0,1050,1050,0,0,0,0
238223329,1513,1580,1558,1670,1612,1633,0,0,1050,1050,0,0,0,0
238323303,1511,1585,1559,1676,1612,1636,0,0,1050,1050,0,0,0,0
238423181,1511,1586,1559,1678,1614,1639,0,0,1050,1050,0,0,0,0
238523199,1517,1586,1554,1675,1616,1644,0,0,1050,1050,0,0,0,0
238623242,1517,1588,1554,1676,1616,1646,0,0,1050,1050,0,0,0,0
238723314,1517,1588,1559,1678,1617,1644,0,0,1050,1050,0,0,0,0
238823322,1510,1575,1564,1682,1628,1637,0,0,1050,1050,0,0,0,0
238923262,1520,1578,1574,1673,1623,1627,0,0,1050,1050,0,0,0,0
239023216,1519,1569,1575,1670,1627,1621,0,0,1050,1050,0,0,0,0
239123394,1526,1561,1568,1665,1635,1629,0,0,1050,1050,0,0,0,0
239223315,1531,1565,1566,1665,1636,1635,0,0,1050,1050,0,0,0,0
239323224,1530,1569,1566,1668,1635,1638,0,0,1050,1050,0,0,0,0
239423195,1525,1576,1559,1672,1629,1644,0,0,1050,1050,0,0,0,0
239523228,1516,1575,1552,1677,1628,1648,0,0,1050,1050,0,0,0,0
239623455,1513,1576,1548,1679,1625,1650,0,0,1050,1050,0,0,0,0
239723271,1509,1577,1549,1679,1622,1647,0,0,1050,1050,0,0,0,0
239823267,1506,1572,1551,1678,1623,1642,0,0,1050,1050,0,0,0,0
239923205,1503,1565,1553,1678,1627,1638,0,0,1050,1050,0,0,0,0
240023209,1500,1563,1556,1677,1626,1632,0,0,1050,1050,0,0,0,0
240123445,1501,1563,1554,1675,1623,1631,0,0,1050,1050,0,0,0,0
240223236,1506,1564,1553,1670,1622,1632,0,0,1050,1050,0,0,0,0
240323257,1504,1564,1557,1672,1623,1629,0,0,1050,1050,0,0,0,0
240423212,1518,1569,1553,1667,1624,1638,0,0,1050,1050,0,0,0,0
240523290,1525,1574,1550,1667,1625,1646,0,0,1050,1050,0,0,0,0
240623275,1522,1577,1551,1673,1626,1650,0,0,1050,1050,0,0,0,0
240723326,1521,1580,1551,1677,1627,1652,0,0,1050,1050,0,0,0,0
240823257,1526,1585,1550,1677,1626,1657,0,0,1050,1050,0,0,0,0
240923246,1522,1590,1556,1683,1626,1657,0,0,1050,1050,0,0,0,0
241023242,1517,1586,1551,1688,1629,1661,0,0,1050,1050,0,0,0,0
241123417,1512,1580,1546,1691,1635,1664,0,0,1050,1050,0,0,0,0
241223218,1515,1585,1551,1687,1628,1658,0,0,1050,1050,0,0,0,0
241323294,1517,1583,1551,1685,1629,1658,0,0,1050,1050,0,0,0,0
241423255,1510,1576,1549,1688,1634,1657,0,0,1050,1050,0,0,0,0
241523236,1516,1571,1545,1680,1634,1657,0,0,1050,1050,0,0,0,0
241623373,1518,1566,1550,1677,1636,1651,0,0,1050,1050,0,0,0,0
241723222,1524,1566,1554,1671,1636,1646,0,0,1050,1050,0,0,0,0
241823243,1527,1569,1562,1670,1635,1640,0,0,1050,1050,0,0,0,0
241923242,1531,1569,1563,1667,1634,1640,0,0,1050,1050,0,0,0,0
242023535,1532,1574,1564,1669,1632,1642,0,0,1050,1050,0,0,0,0
242123524,1531,1578,1560,1670,1629,1646,0,0,1050,1050,0,0,0,0
242223510,1526,1588,1567,1677,1623,1642,0,0,1050,1050,0,0,0,0
242323587,1527,1591,1561,1678,1623,1650,0,0,1050,1050,0,0,0,0
242423527,1528,1593,1560,1676,1620,1650,0,0,1050,1050,0,0,0,0
242523564,1532,1592,1555,1674,1621,1655,0,0,1050,1050,0,0,0,0
242623384,1535,1594,1554,1673,1622,1657,0,0,1050,1050,0,0,0,0
242723294,1523,1588,1552,1679,1623,1655,0,0,1050,1050,0,0,0,0
242823244,1519,1592,1550,1680,1617,1656,0,0,1050,1050,0,0,0,0
242923191,1509,1596,1546,1684,1609,1655,0,0,1050,1050,0,0,0,0
243023203,1496,1595,1543,1690,1606,1653,0,0,1050,1050,0,0,0,0
243123311,1487,1600,1545,1697,1601,1652,0,0,1050,1050,0,0,0,0
243223308,1481,1601,1537,1701,1602,1660,0,0,1050,1050,0,0,0,0
243323294,1474,1597,1528,1704,1602,1664,0,0,1050,1050,0,0,0,0
243423291,1477,1599,1525,1701,1600,1666,0,0,1050,1050,0,0,0,0
243523256,1480,1604,1527,1698,1593,1663,0,0,1050,1050,0,0,0,0
243623258,1490,1605,1512,1689,1590,1673,0,0,1050,1050,0,0,0,0
243723253,1478,1603,1505,1695,1591,1676,0,0,1050,1050,0,0,0,0
243823211,1472,1613,1502,1699,1579,1678,0,0,1050,1050,0,0,0,0
243923226,1469,1620,1502,1707,1578,1684,0,0,1050,1050,0,0,0,0
244023217,1487,1624,1495,1698,1578,1692,0,0,1050,1050,0,0,0,0
244123373,1498,1616,1489,1694,1591,1700,0,0,1050,1050,0,0,0,0
244223244,1503,1617,1499,1694,1595,1697,0,0,1050,1050,0,0,0,0
244323347,1508,1614,1504,1690,1598,1693,0,0,1050,1050,0,0,0,0
244423251,1515,1608,1514,1684,1603,1685,0,0,1050,1050,0,0,0,0
244523283,1517,1602,1523,1681,1607,1677,0,0,1050,1050,0,0,0,0
244623333,1532,1589,1535,1669,1619,1666,0,0,1050,1050,0,0,0,0
244723291,1545,1590,1563,1657,1616,1641,0,0,1050,1050,0,0,0,0
244823194,1565,1580,1570,1637,1623,1632,0,0,1050,1050,0,0,0,0
244923186,1574,1566,1581,1625,1633,1619,0,0,1050,1050,0,0,0,0
245023298,1571,1552,1599,1626,1642,1599,0,0,1050,1050,0,0,0,0
245123393,1566,1531,1601,1630,1660,1597,0,0,1050,1050,0,0,0,0
245223303,1575,1533,1602,1623,1660,1597,0,0,1050,1050,0,0,0,0
245323252,1577,1538,1602,1623,1657,1599,0,0,1050,1050,0,0,0,0
245423241,1578,1542,1590,1624,1656,1613,0,0,1050,1050,0,0,0,0
245523332,1566,1556,1592,1635,1644,1611,0,0,1050,1050,0,0,0,0
245623212,1564,1555,1580,1638,1646,1623,0,0,1050,1050,0,0,0,0
245723233,1553,1560,1565,1647,1641,1637,0,0,1050,1050,0,0,0,0
245823228,1545,1568,1557,1658,1638,1648,0,0,1050,1050,0,0,0,0
245923279,1542,1573,1550,1664,1637,1657,0,0,1050,1050,0,0,0,0
246023264,1540,1579,1540,1664,1631,1664,0,0,1050,1050,0,0,0,0
246123398,1537,1597,1544,1668,1615,1662,0,0,1050,1050,0,0,0,0
246223295,1528,1608,1541,1674,1603,1664,0,0,1050,1050,0,0,0,0
246323239,1526,1610,1531,1674,1599,1670,0,0,1050,1050,0,0,0,0
246423235,1534,1612,1537,1672,1602,1670,0,0,1050,1050,0,0,0,0
246523288,1529,1601,1542,1669,1606,1659,0,0,1050,1050,0,0,0,0
246623308,1520,1593,1548,1675,1612,1652,0,0,1050,1050,0,0,0,0
246723270,1517,1592,1565,1674,1609,1634,0,0,1050,1050,0,0,0,0
246823272,1523,1583,1559,1669,1617,1639,0,0,1050,1050,0,0,0,0
246923272,1527,1585,1556,1667,1617,1643,0,0,1050,1050,0,0,0,0
247023293,1531,1587,1554,1665,1615,1645,0,0,1050,1050,0,0,0,0
247123465,1535,1588,1559,1658,1611,1638,0,0,1050,1050,0,0,0,0
247223288,1537,1583,1569,1662,1621,1634,0,0,1050,1050,0,0,0,0
247323263,1522,1565,1569,1667,1631,1627,0,0,1050,1050,0,0,0,0
247423206,1513,1561,1563,1666,1626,1625,0,0,1050,1050,0,0,0,0
247523225,1503,1558,1549,1668,1623,1631,0,0,1050,1050,0,0,0,0
247623234,1504,1570,1542,1667,1612,1637,0,0,1050,1050,0,0,0,0
247723272,1504,1575,1542,1672,1613,1642,0,0,1050,1050,0,0,0,0
247823276,1512,1584,1536,1671,1609,1651,0,0,1050,1050,0,0,0,0
247923265,1506,1582,1534,1676,1611,1654,0,0,1050,1050,0,0,0,0
248023256,1499,1589,1532,1680,1604,1654,0,0,1050,1050,0,0,0,0
248123394,1502,1602,1531,1681,1593,1658,0,0,1050,1050,0,0,0,0
248223237,1512,1608,1531,1680,1595,1665,0,0,1050,1050,0,0,0,0
248323232,1526,1609,1526,1674,1599,1673,0,0,1050,1050,0,0,0,0
248423152,1523,1608,1535,1679,1603,1669,0,0,1050,1050,0,0,0,0
248523235,1519,1595,1530,1677,1611,1668,0,0,1050,1050,0,0,0,0
248623300,1504,1587,1539,1685,1615,1657,0,0,1050,1050,0,0,0,0
248723355,1499,1578,1537,1687,1622,1658,0,0,1050,1050,0,0,0,0
248823348,1504,1574,1537,1682,1624,1655,0,0,1050,1050,0,0,0,0
248923240,1508,1578,1550,1678,1619,1644,0,0,1050,1050,0,0,0,0
249023281,1521,1583,1551,1668,1615,1644,0,0,1050,1050,0,0,0,0
249123420,1530,1586,1552,1662,1613,1644,0,0,1050,1050,0,0,0,0
249223274,1540,1587,1552,1656,1614,1646,0,0,1050,1050,0,0,0,0
249323216,1540,1578,1548,1656,1623,1649,0,0,1050,1050,0,0,0,0
249423151,1542,1584,1553,1657,1620,1648,0,0,1050,1050,0,0,0,0
249523263,1541,1586,1552,1660,1621,1651,0,0,1050,1050,0,0,0,0
249623391,1531,1581,1550,1664,1620,1648,0,0,1050,1050,0,0,0,0
249723312,1527,1582,1551,1664,1616,1644,0,0,1050,1050,0,0,0,0
249823246,1511,1569,1541,1672,1623,1647,0,0,1050,1050,0,0,0,0
249923243,1507,1575,1537,1674,1617,1650,0,0,1050,1050,0,0,0,0
250023216,1502,1579,1536,1678,1613,1651,0,0,1050,1050,0,0,0,0
250123256,1497,1577,1525,1679,1612,1658,0,0,1050,1050,0,0,0,0
250223208,1503,1582,1517,1676,1608,1665,0,0,1050,1050,0,0,0,0
250323204,1500,1583,1521,1678,1607,1662,0,0,1050,1050,0,0,0,0
250423282,1499,1582,1529,1682,1612,1659,0,0,1050,1050,0,0,0,0
250523302,1508,1578,1532,1673,1614,1655,0,0,1050,1050,0,0,0,0
250623383,1525,1587,1554,1665,1611,1640,0,0,1050,1050,0,0,0,0
250723256,1514,1578,1572,1680,1626,1632,0,0,1050,1050,0,0,0,0
250823318,1509,1571,1574,1686,1634,1632,0,0,1050,1050,0,0,0,0
250923200,1510,1565,1566,1682,1636,1636,0,0,1050,1050,0,0,0,0
251023189,1515,1565,1558,1678,1636,1643,0,0,1050,1050,0,0,0,0
251123197,1522,1571,1552,1669,1628,1645,0,0,1050,1050,0,0,0,0
251223196,1520,1570,1546,1671,1629,1650,0,0,1050,1050,0,0,0,0
251323268,1522,1575,1545,1672,1627,1653,0,0,1050,1050,0,0,0,0
251423295,1523,1584,1555,1673,1621,1647,0,0,1050,1050,0,0,0,0
251523234,1520,1581,1557,1680,1629,1651,0,0,1050,1050,0,0,0,0
251623355,1530,1581,1551,1674,1630,1656,0,0,1050,1050,0,0,0,0
251723278,1529,1575,1557,1678,1639,1655,0,0,1050,1050,0,0,0,0
251823324,1517,1564,1556,1681,1643,1650,0,0,1050,1050,0,0,0,0
251923189,1516,1563,1549,1678,1639,1651,0,0,1050,1050,0,0,0,0
252023201,1516,1569,1546,1677,1633,1653,0,0,1050,1050,0,0,0,0
252123259,1521,1575,1547,1676,1631,1655,0,0,1050,1050,0,0,0,0
252223300,1518,1574,1548,1677,1630,1653,0,0,1050,1050,0,0,0,0
252323315,1516,1572,1545,1678,1631,1655,0,0,1050,1050,0,0,0,0
252423305,1525,1576,1543,1671,1628,1657,0,0,1050,1050,0,0,0,0
252523263,1515,1577,1547,1677,1625,1652,0,0,1050,1050,0,0,0,0
252623422,1517,1582,1542,1673,1618,1654,0,0,1050,1050,0,0,0,0
252723254,1518,1582,1537,1670,1615,1655,0,0,1050,1050,0,0,0,0
252823201,1517,1582,1547,1671,1615,1647,0,0,1050,1050,0,0,0,0
252923283,1521,1572,1540,1667,1624,1652,0,0,1050,1050,0,0,0,0
253023270,1513,1562,1546,1674,1632,1647,0,0,1050,1050,0,0,0,0
253123398,1516,1569,1549,1673,1629,1647,0,0,1050,1050,0,0,0,0
253223260,1514,1562,1549,1671,1631,1643,0,0,1050,1050,0,0,0,0
253323312,1522,1560,1550,1665,1633,1642,0,0,1050,1050,0,0,0,0
253423230,1523,1564,1559,1667,1632,1636,0,0,1050,1050,0,0,0,0
253523285,1526,1573,1571,1665,1625,1627,0,0,1050,1050,0,0,0,0
253623428,1523,1566,1575,1667,1631,1623,0,0,1050,1050,0,0,0,0
253723213,1538,1566,1568,1656,1632,1630,0,0,1050,1050,0,0,0,0
253823183,1540,1563,1570,1659,1639,1633,0,0,1050,1050,0,0,0,0
253923209,1541,1568,1566,1656,1633,1634,0,0,1050,1050,0,0,0,0
254023274,1547,1574,1559,1651,1627,1640,0,0,1050,1050,0,0,0,0
254123417,1538,1588,1561,1660,1616,1641,0,0,1050,1050,0,0,0,0
254223335,1527,1592,1560,1668,1611,1641,0,0,1050,1050,0,0,0,0
254323278,1519,1585,1547,1673,1616,1650,0,0,1050,1050,0,0,0,0
254423290,1510,1589,1539,1679,1612,1657,0,0,1050,1050,0,0,0,0
254523240,1503,1598,1534,1686,1605,1662,0,0,1050,1050,0,0,0,0
254623426,1496,1594,1519,1688,1605,1670,0,0,1050,1050,0,0,0,0
254723294,1489,1598,1519,1694,1603,1672,0,0,1050,1050,0,0,0,0
254823243,1486,1613,1523,1700,1591,1672,0,0,1050,1050,0,0,0,0
254923314,1488,1611,1507,1700,1594,1686,0,0,1050,1050,0,0,0,0
255023246,1485,1610,1505,1702,1596,1688,0,0,1050,1050,0,0,0,0
255123316,1491,1617,1508,1698,1589,1686,0,0,1050,1050,0,0,0,0
255223297,1490,1608,1495,1697,1597,1694,0,0,1050,1050,0,0,0,0
255323297,1492,1615,1511,1697,1590,1682,0,0,1050,1050,0,0,0,0
255423280,1502,1611,1520,1688,1592,1674,0,0,1050,1050,0,0,0,0
255523259,1507,1601,1538,1683,1601,1658,0,0,1050,1050,0,0,0,0
255623503,1508,1584,1546,1681,1616,1651,0,0,1050,1050,0,0,0,0
255723208,1526,1589,1557,1667,1612,1642,0,0,1050,1050,0,0,0,0
255823286,1535,1587,1555,1659,1612,1642,0,0,1050,1050,0,0,0,0
255923276,1533,1585,1554,1660,1614,1643,0,0,1050,1050,0,0,0,0
256023366,1523,1581,1558,1663,1613,1635,0,0,1050,1050,0,0,0,0
256123342,1526,1581,1559,1660,1612,1633,0,0,1050,1050,0,0,0,0
256223263,1532,1577,1556,1654,1614,1633,0,0,1050,1050,0,0,0,0
256323550,1530,1576,1562,1655,1614,1628,0,0,1050,1050,0,0,0,0
256423542,1522,1569,1558,1660,1620,1630,0,0,1050,1050,0,0,0,0
256523519,1523,1574,1554,1660,1616,1634,0,0,1050,1050,0,0,0,0
256623643,1518,1576,1547,1663,1613,1640,0,0,1050,1050,0,0,0,0
256723553,1514,1585,1544,1668,1606,1643,0,0,1050,1050,0,0,0,0
256823505,1516,1593,1539,1671,1603,1652,0,0,1050,1050,0,0,0,0
256923545,1507,1589,1537,1676,1606,1652,0,0,1050,1050,0,0,0,0
257023540,1498,1581,1534,1679,1610,1652,0,0,1050,1050,0,0,0,0
257123312,1498,1590,1541,1678,1600,1644,0,0,1050,1050,0,0,0,0
257223577,1507,1589,1527,1673,1602,1657,0,0,1050,1050,0,0,0,0
257323519,1503,1587,1522,1675,1603,1661,0,0,1050,1050,0,0,0,0
257423545,1505,1593,1524,1674,1598,1660,0,0,1050,1050,0,0,0,0
257523504,1514,1596,1524,1671,1598,1662,0,0,1050,1050,0,0,0,0
257623745,1516,1590,1536,1675,1610,1659,0,0,1050,1050,0,0,0,0
257723517,1519,1586,1547,1676,1619,1654,0,0,1050,1050,0,0,0,0
257823580,1524,1587,1561,1676,1622,1646,0,0,1050,1050,0,0,0,0
257923531,1529,1584,1566,1673,1627,1643,0,0,1050,1050,0,0,0,0
258023480,1531,1583,1573,1673,1628,1637,0,0,1050,1050,0,0,0,0
258123682,1533,1582,1574,1673,1632,1639,0,0,1050,1050,0,0,0,0
258223504,1531,1580,1574,1677,1635,1641,0,0,1050,1050,0,0,0,0
258323518,1528,1579,1575,1680,1636,1640,0,0,1050,1050,0,0,0,0
258423486,1522,1574,1569,1680,1637,1641,0,0,1050,1050,0,0,0,0
258523565,1517,1572,1563,1677,1631,1639,0,0,1050,1050,0,0,0,0
258623645,1510,1565,1556,1680,1635,1643,0,0,1050,1050,0,0,0,0
258723565,1511,1564,1548,1677,1633,1647,0,0,1050,1050,0,0,0,0
258823481,1513,1566,1546,1669,1625,1642,0,0,1050,1050,0,0,0,0
258923524,1510,1563,1542,1666,1621,1640,0,0,1050,1050,0,0,0,0
259023488,1507,1563,1537,1666,1620,1643,0,0,1050,1050,0,0,0,0
259123695,1511,1565,1533,1664,1619,1647,0,0,1050,1050,0,0,0,0
259223547,1510,1566,1535,1666,1619,1645,0,0,1050,1050,0,0,0,0
259323513,1509,1574,1542,1667,1612,1640,0,0,1050,1050,0,0,0,0
259423507,1506,1575,1546,1673,1614,1640,0,0,1050,1050,0,0,0,0
259523511,1505,1575,1545,1675,1616,1642,0,0,1050,1050,0,0,0,0
259623694,1522,1585,1540,1666,1612,1653,0,0,1050,1050,0,0,0,0
259723531,1526,1593,1546,1673,1615,1657,0,0,1050,1050,0,0,0,0
259823512,1525,1593,1544,1679,1620,1664,0,0,1050,1050,0,0,0,0
259923520,1519,1594,1538,1682,1617,1667,0,0,1050,1050,0,0,0,0
260023554,1509,1600,1542,1690,1613,1665,0,0,1050,1050,0,0,0,0
260123633,1506,1605,1541,1693,1609,1667,0,0,1050,1050,0,0,0,0
260223563,1506,1614,1542,1691,1596,1663,0,0,1050,1050,0,0,0,0
260323542,1502,1611,1541,1692,1599,1662,0,0,1050,1050,0,0,0,0
260423517,1502,1605,1544,1692,1604,1660,0,0,1050,1050,0,0,0,0
260523551,1506,1598,1542,1690,1611,1662,0,0,1050,1050,0,0,0,0
260623466,1504,1602,1547,1691,1607,1657,0,0,1050,1050,0,0,0,0
260723544,1503,1604,1548,1692,1605,1657,0,0,1050,1050,0,0,0,0
260823555,1506,1607,1546,1690,1602,1659,0,0,1050,1050,0,0,0,0
260923505,1502,1604,1539,1689,1601,1659,0,0,1050,1050,0,0,0,0
261023566,1499,1602,1536,1687,1598,1659,0,0,1050,1050,0,0,0,0
261123663,1501,1592,1528,1684,1607,1664,0,0,1050,1050,0,0,0,0
261223539,1497,1590,1533,1685,1606,1657,0,0,1050,1050,0,0,0,0
261323559,1494,1586,1532,1686,1609,1657,0,0,1050,1050,0,0,0,0
261423557,1494,1590,1542,1683,1602,1646,0,0,1050,1050,0,0,0,0
261523491,1509,1589,1548,1671,1601,1639,0,0,1050,1050,0,0,0,0
261623462,1518,1582,1552,1664,1608,1635,0,0,1050,1050,0,0,0,0
261723528,1517,1574,1558,1665,1616,1631,0,0,1050,1050,0,0,0,0
261823502,1526,1572,1560,1657,1617,1627,0,0,1050,1050,0,0,0,0
261923475,1529,1563,1560,1650,1620,1623,0,0,1050,1050,0,0,0,0
262023425,1525,1560,1562,1652,1622,1620,0,0,1050,1050,0,0,0,0
262123632,1529,1574,1569,1655,1615,1620,0,0,1050,1050,0,0,0,0
262223477,1532,1576,1565,1653,1615,1625,0,0,1050,1050,0,0,0,0
262323569,1533,1574,1560,1655,1620,1632,0,0,1050,1050,0,0,0,0
262423488,1533,1570,1554,1657,1625,1639,0,0,1050,1050,0,0,0,0
262523498,1535,1581,1562,1659,1618,1636,0,0,1050,1050,0,0,0,0
262623599,1533,1587,1574,1665,1618,1630,0,0,1050,1050,0,0,0,0
262723539,1527,1571,1567,1666,1628,1632,0,0,1050,1050,0,0,0,0
262823482,1529,1564,1564,1664,1634,1634,0,0,1050,1050,0,0,0,0
262923483,1516,1555,1577,1671,1639,1620,0,0,1050,1050,0,0,0,0
263023508,1519,1551,1581,1662,1636,1609,0,0,1050,1050,0,0,0,0
263123532,1537,1548,1572,1650,1640,1619,0,0,1050,1050,0,0,0,0
263223540,1544,1558,1564,1643,1632,1626,0,0,1050,1050,0,0,0,0
263323499,1531,1569,1567,1656,1624,1625,0,0,1050,1050,0,0,0,0
263423508,1524,1570,1566,1664,1625,1628,0,0,1050,1050,0,0,0,0
263523472,1518,1576,1558,1671,1621,1637,0,0,1050,1050,0,0,0,0
263623660,1511,1574,1545,1679,1626,1652,0,0,1050,1050,0,0,0,0
263723537,1513,1589,1550,1683,1618,1653,0,0,1050,1050,0,0,0,0
263823455,1500,1592,1556,1692,1615,1648,0,0,1050,1050,0,0,0,0
263923492,1504,1593,1552,1691,1615,1653,0,0,1050,1050,0,0,0,0
264023524,1502,1594,1544,1687,1609,1654,0,0,1050,1050,0,0,0,0
264123656,1496,1597,1546,1691,1606,1652,0,0,1050,1050,0,0,0,0
264223503,1500,1597,1540,1687,1604,1655,0,0,1050,1050,0,0,0,0
264323541,1500,1593,1532,1684,1604,1659,0,0,1050,1050,0,0,0,0
264423516,1489,1579,1522,1686,1611,1661,0,0,1050,1050,0,0,0,0
264523426,1489,1588,1528,1684,1601,1655,0,0,1050,1050,0,0,0,0
264623525,1495,1594,1529,1682,1598,1657,0,0,1050,1050,0,0,0,0
264723550,1499,1588,1525,1680,1604,1659,0,0,1050,1050,0,0,0,0
264823540,1502,1584,1533,1679,1609,1655,0,0,1050,1050,0,0,0,0
264923519,1512,1589,1545,1673,1606,1647,0,0,1050,1050,0,0,0,0
265023537,1515,1587,1555,1673,1611,1640,0,0,1050,1050,0,0,0,0
265123488,1515,1574,1549,1677,1626,1649,0,0,1050,1050,0,0,0,0
265223518,1516,1575,1557,1678,1628,1644,0,0,1050,1050,0,0,0,0
265323494,1516,1576,1567,1677,1626,1635,0,0,1050,1050,0,0,0,0
265423521,1520,1580,1570,1674,1623,1632,0,0,1050,1050,0,0,0,0
265523561,1525,1580,1567,1671,1624,1635,0,0,1050,1050,0,0,0,0
265623552,1530,1580,1567,1668,1625,1637,0,0,1050,1050,0,0,0,0
265723520,1530,1580,1570,1668,1625,1634,0,0,1050,1050,0,0,0,0
265823505,1529,1580,1572,1669,1625,1633,0,0,1050,1050,0,0,0,0
265923522,1527,1580,1568,1672,1626,1637,0,0,1050,1050,0,0,0,0
266023483,1524,1578,1566,1674,1628,1639,0,0,1050,1050,0,0,0,0
266123587,1519,1573,1566,1673,1628,1634,0,0,1050,1050,0,0,0,0
266223535,1513,1569,1564,1676,1629,1634,0,0,1050,1050,0,0,0,0
266323554,1507,1562,1558,1677,1632,1637,0,0,1050,1050,0,0,0,0
266423538,1505,1561,1554,1675,1629,1635,0,0,1050,1050,0,0,0,0
266523495,1507,1566,1545,1669,1620,1638,0,0,1050,1050,0,0,0,0
266623736,1502,1566,1543,1675,1621,1642,0,0,1050,1050,0,0,0,0
266723536,1502,1581,1541,1679,1612,1648,0,0,1050,1050,0,0,0,0
266823539,1494,1580,1533,1683,1612,1653,0,0,1050,1050,0,0,0,0
266923498,1486,1580,1536,1689,1611,1650,0,0,1050,1050,0,0,0,0
267023478,1498,1589,1530,1681,1604,1657,0,0,1050,1050,0,0,0,0
267123617,1501,1596,1534,1682,1601,1657,0,0,1050,1050,0,0,0,0
267223570,1497,1588,1531,1689,1612,1663,0,0,1050,1050,0,0,0,0
267323515,1497,1590,1535,1689,1611,1659,0,0,1050,1050,0,0,0,0
267423506,1495,1595,1543,1690,1606,1653,0,0,1050,1050,0,0,0,0
267523522,1496,1587,1535,1690,1614,1660,0,0,1050,1050,0,0,0,0
267623581,1490,1583,1536,1693,1617,1658,0,0,1050,1050,0,0,0,0
267723541,1495,1585,1540,1690,1616,1656,0,0,1050,1050,0,0,0,0
267823460,1504,1591,1550,1685,1612,1649,0,0,1050,1050,0,0,0,0
267923487,1508,1596,1560,1685,1611,1644,0,0,1050,1050,0,0,0,0
268023531,1506,1586,1563,1685,1618,1639,0,0,1050,1050,0,0,0,0
268123551,1515,1578,1558,1677,1623,1642,0,0,1050,1050,0,0,0,0
268223739,1524,1577,1563,1670,1624,1637,0,0,1050,1050,0,0,0,0
268323514,1533,1575,1566,1661,1624,1632,0,0,1050,1050,0,0,0,0
268423552,1539,1578,1567,1661,1627,1638,0,0,1050,1050,0,0,0,0
268523479,1535,1580,1569,1670,1631,1640,0,0,1050,1050,0,0,0,0
268623639,1524,1573,1567,1677,1636,1642,0,0,1050,1050,0,0,0,0
268723504,1520,1573,1569,1680,1636,1639,0,0,1050,1050,0,0,0,0
268823507,1516,1580,1573,1683,1629,1636,0,0,1050,1050,0,0,0,0
268923486,1519,1585,1559,1680,1625,1647,0,0,1050,1050,0,0,0,0
269023499,1514,1591,1550,1683,1617,1655,0,0,1050,1050,0,0,0,0
269123635,1506,1594,1543,1691,1616,1662,0,0,1050,1050,0,0,0,0
269223491,1505,1600,1535,1693,1611,1669,0,0,1050,1050,0,0,0,0
269323543,1499,1599,1529,1696,1611,1672,0,0,1050,1050,0,0,0,0
269423498,1508,1605,1531,1687,1603,1670,0,0,1050,1050,0,0,0,0
269523520,1518,1607,1531,1679,1600,1669,0,0,1050,1050,0,0,0,0
269623528,1506,1584,1522,1683,1617,1671,0,0,1050,1050,0,0,0,0
269723553,1506,1585,1528,1681,1614,1664,0,0,1050,1050,0,0,0,0
269823534,1505,1587,1542,1681,1611,1652,0,0,1050,1050,0,0,0,0
269923510,1515,1592,1539,1671,1604,1652,0,0,1050,1050,0,0,0,0
270023494,1515,1586,1532,1672,1611,1659,0,0,1050,1050,0,0,0,0
270123763,1524,1595,1538,1666,1603,1654,0,0,1050,1050,0,0,0,0
270223609,1514,1582,1548,1676,1617,1649,0,0,1050,1050,0,0,0,0
270323489,1522,1582,1548,1674,1622,1653,0,0,1050,1050,0,0,0,0
270423254,1533,1590,1554,1668,1618,1651,0,0,1050,1050,0,0,0,0
270523223,1534,1591,1566,1667,1617,1640,0,0,1050,1050,0,0,0,0
270623440,1536,1589,1569,1667,1621,1639,0,0,1050,1050,0,0,0,0
270723325,1534,1582,1565,1666,1624,1639,0,0,1050,1050,0,0,0,0
270823201,1527,1581,1570,1670,1624,1634,0,0,1050,1050,0,0,0,0
270923210,1530,1580,1563,1667,1624,1639,0,0,1050,1050,0,0,0,0
271023251,1527,1582,1560,1668,1621,1640,0,0,1050,1050,0,0,0,0
271123366,1520,1582,1559,1673,1620,1641,0,0,1050,1050,0,0,0,0
271223312,1523,1584,1552,1671,1618,1648,0,0,1050,1050,0,0,0,0
271323328,1528,1587,1548,1669,1618,1653,0,0,1050,1050,0,0,0,0
271423264,1525,1594,1555,1672,1612,1648,0,0,1050,1050,0,0,0,0
271523240,1520,1597,1556,1677,1610,1647,0,0,1050,1050,0,0,0,0
271623461,1525,1595,1551,1673,1612,1652,0,0,1050,1050,0,0,0,0
271723251,1523,1592,1554,1674,1614,1649,0,0,1050,1050,0,0,0,0
271823243,1527,1595,1556,1671,1612,1648,0,0,1050,1050,0,0,0,0
271923239,1525,1593,1558,1675,1616,1648,0,0,1050,1050,0,0,0,0
272023282,1526,1587,1557,1674,1621,1648,0,0,1050,1050,0,0,0,0
272123431,1529,1585,1558,1672,1623,1648,0,0,1050,1050,0,0,0,0
272223339,1530,1585,1560,1670,1623,1645,0,0,1050,1050,0,0,0,0
272323249,1524,1582,1563,1672,1622,1639,0,0,1050,1050,0,0,0,0
272423265,1525,1578,1555,1669,1623,1644,0,0,1050,1050,0,0,0,0
272523248,1533,1586,1556,1665,1618,1645,0,0,1050,1050,0,0,0,0
272623363,1529,1588,1561,1670,1619,1644,0,0,1050,1050,0,0,0,0
272723232,1537,1593,1560,1667,1617,1648,0,0,1050,1050,0,0,0,0
272823245,1535,1594,1563,1668,1616,1644,0,0,1050,1050,0,0,0,0
272923260,1532,1591,1564,1671,1620,1645,0,0,1050,1050,0,0,0,0
273023245,1531,1587,1561,1672,1624,1647,0,0,1050,1050,0,0,0,0
273123463,1528,1590,1570,1675,1621,1640,0,0,1050,1050,0,0,0,0
273223278,1526,1587,1570,1673,1621,1636,0,0,1050,1050,0,0,0,0
273323271,1528,1580,1562,1670,1626,1641,0,0,1050,1050,0,0,0,0
273423238,1524,1575,1559,1672,1629,1643,0,0,1050,1050,0,0,0,0
273523190,1523,1575,1560,1672,1629,1642,0,0,1050,1050,0,0,0,0
273623357,1526,1574,1560,1668,1627,1640,0,0,1050,1050,0,0,0,0
273723193,1529,1578,1559,1664,1622,1639,0,0,1050,1050,0,0,0,0
273823262,1526,1579,1560,1667,1622,1638,0,0,1050,1050,0,0,0,0
273923346,1528,1576,1556,1666,1624,1642,0,0,1050,1050,0,0,0,0
274023276,1524,1574,1560,1668,1626,1638,0,0,1050,1050,0,0,0,0
274123389,1529,1577,1561,1666,1624,1638,0,0,1050,1050,0,0,0,0
274223291,1529,1577,1560,1666,1625,1640,0,0,1050,1050,0,0,0,0
274323239,1532,1582,1565,1663,1619,1635,0,0,1050,1050,0,0,0,0
274423196,1529,1584,1571,1665,1617,1628,0,0,1050,1050,0,0,0,0
274523175,1526,1585,1574,1668,1617,1627,0,0,1050,1050,0,0,0,0
274623345,1527,1582,1569,1669,1622,1633,0,0,1050,1050,0,0,0,0
274723273,1529,1572,1561,1668,1632,1641,0,0,1050,1050,0,0,0,0
274823301,1522,1570,1565,1672,1632,1636,0,0,1050,1050,0,0,0,0
274923276,1524,1571,1562,1670,1631,1639,0,0,1050,1050,0,0,0,0
275023245,1519,1573,1563,1673,1627,1636,0,0,1050,1050,0,0,0,0
275123383,1519,1579,1567,1671,1619,1631,0,0,1050,1050,0,0,0,0
275223255,1521,1577,1559,1668,1620,1636,0,0,1050,1050,0,0,0,0
275323218,1518,1578,1553,1669,1618,1640,0,0,1050,1050,0,0,0,0
275423204,1512,1577,1548,1671,1616,1642,0,0,1050,1050,0,0,0,0
275523199,1510,1581,1547,1672,1612,1643,0,0,1050,1050,0,0,0,0
275623348,1516,1587,1542,1670,1608,1648,0,0,1050,1050,0,0,0,0
275723306,1515,1590,1544,1672,1607,1649,0,0,1050,1050,0,0,0,0
275823265,1515,1588,1546,1673,1610,1648,0,0,1050,1050,0,0,0,0
275923281,1508,1575,1543,1676,1619,1648,0,0,1050,1050,0,0,0,0
276023275,1496,1569,1550,1684,1624,1642,0,0,1050,1050,0,0,0,0
276123317,1498,1565,1549,1681,1626,1640,0,0,1050,1050,0,0,0,0
276223204,1501,1571,1560,1678,1620,1630,0,0,1050,1050,0,0,0,0
276323263,1505,1570,1556,1673,1618,1631,0,0,1050,1050,0,0,0,0
276423235,1513,1572,1548,1668,1617,1639,0,0,1050,1050,0,0,0,0
276523259,1512,1580,1557,1670,1612,1633,0,0,1050,1050,0,0,0,0
276623366,1512,1579,1556,1672,1615,1636,0,0,1050,1050,0,0,0,0
276723317,1521,1578,1547,1669,1620,1648,0,0,1050,1050,0,0,0,0
276823240,1514,1577,1554,1677,1623,1644,0,0,1050,1050,0,0,0,0
276923245,1509,1575,1561,1678,1623,1636,0,0,1050,1050,0,0,0,0
277023274,1510,1569,1558,1675,1626,1636,0,0,1050,1050,0,0,0,0
277123404,1512,1573,1562,1674,1622,1633,0,0,1050,1050,0,0,0,0
277223244,1510,1574,1563,1676,1622,1631,0,0,1050,1050,0,0,0,0
277323220,1515,1570,1557,1673,1627,1639,0,0,1050,1050,0,0,0,0
277423253,1518,1571,1561,1671,1627,1636,0,0,1050,1050,0,0,0,0
277523220,1519,1575,1566,1671,1624,1632,0,0,1050,1050,0,0,0,0
277623412,1521,1578,1566,1668,1620,1631,0,0,1050,1050,0,0,0,0
277723256,1524,1581,1563,1666,1616,1633,0,0,1050,1050,0,0,0,0
277823209,1519,1584,1564,1671,1615,1633,0,0,1050,1050,0,0,0,0
277923248,1515,1585,1562,1675,1614,1636,0,0,1050,1050,0,0,0,0
278023171,1512,1581,1556,1677,1618,1641,0,0,1050,1050,0,0,0,0
278123291,1516,1585,1557,1674,1614,1640,0,0,1050,1050,0,0,0,0
278223275,1513,1590,1561,1674,1607,1635,0,0,1050,1050,0,0,0,0
278323303,1506,1587,1562,1678,1609,1632,0,0,1050,1050,0,0,0,0
278423311,1507,1585,1560,1677,1611,1635,0,0,1050,1050,0,0,0,0
278523288,1505,1582,1559,1680,1615,1636,0,0,1050,1050,0,0,0,0
278623363,1500,1582,1556,1681,1613,1636,0,0,1050,1050,0,0,0,0
278723263,1497,1579,1549,1681,1613,1640,0,0,1050,1050,0,0,0,0
278823224,1507,1587,1550,1675,1607,1640,0,0,1050,1050,0,0,0,0
278923185,1513,1589,1550,1671,1606,1641,0,0,1050,1050,0,0,0,0
279023218,1513,1584,1544,1670,1608,1645,0,0,1050,1050,0,0,0,0
279123352,1514,1582,1543,1671,1613,1648,0,0,1050,1050,0,0,0,0
279223272,1512,1579,1544,1674,1617,1648,0,0,1050,1050,0,0,0,0
279323273,1509,1573,1544,1678,1624,1650,0,0,1050,1050,0,0,0,0
279423272,1511,1577,1550,1676,1621,1645,0,0,1050,1050,0,0,0,0
279523218,1510,1575,1553,1675,1620,1641,0,0,1050,1050,0,0,0,0
279623417,1513,1571,1552,1672,1624,1640,0,0,1050,1050,0,0,0,0
279723257,1513,1568,1556,1674,1628,1639,0,0,1050,1050,0,0,0,0
279823254,1518,1562,1557,1673,1636,1641,0,0,1050,1050,0,0,0,0
279923227,1523,1566,1558,1669,1633,1641,0,0,1050,1050,0,0,0,0
280023233,1525,1571,1561,1666,1627,1636,0,0,1050,1050,0,0,0,0
280123386,1523,1573,1563,1667,1624,1633,0,0,1050,1050,0,0,0,0
280223377,1525,1572,1556,1665,1624,1639,0,0,1050,1050,0,0,0,0
280323321,1522,1577,1559,1668,1621,1638,0,0,1050,1050,0,0,0,0
280423239,1521,1576,1557,1669,1622,1640,0,0,1050,1050,0,0,0,0
280523276,1520,1570,1548,1667,1625,1644,0,0,1050,1050,0,0,0,0
280623249,1513,1567,1546,1669,1624,1643,0,0,1050,1050,0,0,0,0
280723223,1509,1568,1549,1673,1623,1640,0,0,1050,1050,0,0,0,0
280823205,1509,1568,1548,1673,1623,1641,0,0,1050,1050,0,0,0,0
280923204,1508,1573,1553,1675,1619,1638,0,0,1050,1050,0,0,0,0
281023251,1504,1575,1555,1679,1619,1637,0,0,1050,1050,0,0,0,0
281123325,1515,1578,1550,1672,1618,1644,0,0,1050,1050,0,0,0,0
281223384,1520,1581,1547,1670,1617,1648,0,0,1050,1050,0,0,0,0
281323250,1515,1582,1553,1674,1617,1643,0,0,1050,1050,0,0,0,0
281423189,1515,1579,1549,1677,1622,1649,0,0,1050,1050,0,0,0,0
281523253,1513,1577,1549,1679,1625,1650,0,0,1050,1050,0,0,0,0
281623418,1511,1574,1546,1681,1628,1653,0,0,1050,1050,0,0,0,0
281723213,1515,1581,1547,1680,1624,1654,0,0,1050,1050,0,0,0,0
281823250,1516,1584,1553,1679,1622,1650,0,0,1050,1050,0,0,0,0
281923264,1519,1581,1550,1678,1625,1652,0,0,1050,1050,0,0,0,0
282023284,1518,1582,1551,1680,1626,1654,0,0,1050,1050,0,0,0,0
282123464,1516,1586,1558,1682,1623,1649,0,0,1050,1050,0,0,0,0
282223266,1519,1584,1553,1679,1624,1651,0,0,1050,1050,0,0,0,0
282323308,1516,1585,1558,1681,1622,1647,0,0,1050,1050,0,0,0,0
282423218,1522,1588,1553,1677,1620,1652,0,0,1050,1050,0,0,0,0
282523484,1520,1587,1548,1679,1622,1656,0,0,1050,1050,0,0,0,0
282623655,1523,1597,1554,1677,1613,1652,0,0,1050,1050,0,0,0,0
282723538,1529,1597,1549,1674,1614,1658,0,0,1050,1050,0,0,0,0
282823533,1528,1598,1548,1674,1612,1657,0,0,1050,1050,0,0,0,0
282923521,1531,1604,1554,1673,1608,1654,0,0,1050,1050,0,0,0,0
283023550,1532,1599,1552,1672,1613,1655,0,0,1050,1050,0,0,0,0
283123532,1526,1593,1553,1676,1618,1654,0,0,1050,1050,0,0,0,0
283223514,1518,1594,1562,1679,1614,1643,0,0,1050,1050,0,0,0,0
283323611,1504,1575,1553,1682,1623,1642,0,0,1050,1050,0,0,0,0
283423527,1500,1574,1556,1682,1621,1637,0,0,1050,1050,0,0,0,0
283523460,1510,1574,1550,1674,1619,1641,0,0,1050,1050,0,0,0,0
283623630,1513,1577,1543,1670,1615,1646,0,0,1050,1050,0,0,0,0
283723518,1511,1582,1538,1672,1611,1650,0,0,1050,1050,0,0,0,0
283823523,1509,1586,1528,1675,1609,1661,0,0,1050,1050,0,0,0,0
283923497,1513,1594,1524,1675,1605,1666,0,0,1050,1050,0,0,0,0
284023487,1515,1602,1536,1677,1601,1660,0,0,1050,1050,0,0,0,0
284123592,1527,1601,1537,1668,1603,1660,0,0,1050,1050,0,0,0,0
284223536,1525,1585,1542,1669,1617,1656,0,0,1050,1050,0,0,0,0
284323617,1530,1582,1552,1664,1618,1646,0,0,1050,1050,0,0,0,0
284423568,1533,1582,1556,1662,1619,1643,0,0,1050,1050,0,0,0,0
284523555,1528,1579,1565,1668,1624,1637,0,0,1050,1050,0,0,0,0
284623541,1519,1572,1563,1675,1630,1638,0,0,1050,1050,0,0,0,0
284723563,1521,1568,1555,1673,1633,1645,0,0,1050,1050,0,0,0,0
284823556,1529,1577,1554,1665,1624,1645,0,0,1050,1050,0,0,0,0
284923514,1537,1582,1556,1663,1624,1647,0,0,1050,1050,0,0,0,0
285023473,1532,1573,1554,1667,1633,1649,0,0,1050,1050,0,0,0,0
285123562,1532,1570,1553,1667,1635,1650,0,0,1050,1050,0,0,0,0
285223513,1535,1568,1546,1662,1634,1653,0,0,1050,1050,0,0,0,0
285323525,1537,1571,1543,1660,1631,1655,0,0,1050,1050,0,0,0,0
285423539,1535,1577,1547,1663,1626,1653,0,0,1050,1050,0,0,0,0
285523528,1531,1581,1551,1663,1619,1646,0,0,1050,1050,0,0,0,0
285623524,1528,1585,1551,1663,1614,1645,0,0,1050,1050,0,0,0,0
285723320,1530,1589,1547,1666,1613,1651,0,0,1050,1050,0,0,0,0
285823517,1523,1591,1544,1672,1613,1655,0,0,1050,1050,0,0,0,0
285923497,1521,1599,1546,1677,1609,1657,0,0,1050,1050,0,0,0,0
286023466,1519,1599,1547,1678,1609,1656,0,0,1050,1050,0,0,0,0
286123638,1523,1597,1542,1674,1610,1659,0,0,1050,1050,0,0,0,0
286223510,1525,1592,1543,1672,1613,1657,0,0,1050,1050,0,0,0,0
286323548,1522,1591,1556,1676,1616,1648,0,0,1050,1050,0,0,0,0
286423478,1527,1587,1558,1674,1622,1648,0,0,1050,1050,0,0,0,0
286523512,1530,1588,1560,1671,1621,1646,0,0,1050,1050,0,0,0,0
286623665,1532,1588,1567,1670,1622,1640,0,0,1050,1050,0,0,0,0
286723476,1530,1587,1572,1671,1622,1636,0,0,1050,1050,0,0,0,0
286823576,1532,1575,1562,1670,1633,1645,0,0,1050,1050,0,0,0,0
286923534,1533,1580,1568,1668,1627,1638,0,0,1050,1050,0,0,0,0
287023492,1533,1583,1571,1666,1622,1633,0,0,1050,1050,0,0,0,0
287123573,1534,1584,1568,1664,1620,1635,0,0,1050,1050,0,0,0,0
287223553,1533,1580,1561,1663,1622,1639,0,0,1050,1050,0,0,0,0
287323530,1532,1578,1554,1663,1623,1645,0,0,1050,1050,0,0,0,0
287423529,1530,1584,1556,1667,1620,1646,0,0,1050,1050,0,0,0,0
287523580,1524,1588,1560,1671,1615,1641,0,0,1050,1050,0,0,0,0
287623546,1525,1587,1554,1669,1615,1645,0,0,1050,1050,0,0,0,0
287723531,1521,1592,1557,1672,1611,1643,0,0,1050,1050,0,0,0,0
287823539,1523,1595,1556,1672,1609,1645,0,0,1050,1050,0,0,0,0
287923514,1526,1595,1553,1670,1608,1648,0,0,1050,1050,0,0,0,0
288023503,1527,1597,1554,1670,1608,1648,0,0,1050,1050,0,0,0,0
288123573,1527,1592,1550,1669,1612,1650,0,0,1050,1050,0,0,0,0
288223507,1525,1591,1555,1669,1612,1644,0,0,1050,1050,0,0,0,0
288323545,1530,1589,1554,1664,1613,1645,0,0,1050,1050,0,0,0,0
288423555,1524,1579,1551,1667,1620,1645,0,0,1050,1050,0,0,0,0
288523483,1522,1580,1558,1669,1620,1640,0,0,1050,1050,0,0,0,0
288624177,1528,1577,1550,1664,1621,1645,0,0,1050,1050,0,0,0,0
288723586,1530,1582,1553,1662,1617,1643,0,0,1050,1050,0,0,0,0
288823491,1528,1587,1558,1666,1614,1640,0,0,1050,1050,0,0,0,0
288923496,1522,1585,1557,1671,1616,1642,0,0,1050,1050,0,0,0,0
289023499,1522,1582,1552,1672,1620,1647,0,0,1050,1050,0,0,0,0
289123660,1521,1581,1551,1672,1620,1647,0,0,1050,1050,0,0,0,0
289223556,1518,1586,1558,1673,1614,1639,0,0,1050,1050,0,0,0,0
289323559,1520,1590,1557,1672,1611,1642,0,0,1050,1050,0,0,0,0
289423520,1525,1593,1552,1670,1610,1647,0,0,1050,1050,0,0,0,0
289523496,1526,1596,1554,1672,1611,1649,0,0,1050,1050,0,0,0,0
289623623,1525,1598,1560,1675,1611,1645,0,0,1050,1050,0,0,0,0
289723527,1523,1589,1553,1674,1616,1649,0,0,1050,1050,0,0,0,0
289823516,1522,1591,1558,1674,1614,1644,0,0,1050,1050,0,0,0,0
289923515,1517,1586,1559,1677,1617,1642,0,0,1050,1050,0,0,0,0
290023521,1511,1575,1545,1674,1621,1647,0,0,1050,1050,0,0,0,0
290123691,1498,1573,1546,1679,1616,1640,0,0,1050,1050,0,0,0,0
290223556,1497,1577,1544,1680,1613,1642,0,0,1050,1050,0,0,0,0
290323535,1502,1575,1530,1674,1613,1652,0,0,1050,1050,0,0,0,0
290423525,1504,1577,1532,1672,1609,1649,0,0,1050,1050,0,0,0,0
290523543,1507,1582,1537,1671,1607,1647,0,0,1050,1050,0,0,0,0
290623542,1511,1581,1535,1667,1607,1648,0,0,1050,1050,0,0,0,0
290723576,1503,1578,1543,1673,1609,1641,0,0,1050,1050,0,0,0,0
290823522,1505,1575,1544,1672,1612,1640,0,0,1050,1050,0,0,0,0
290923504,1503,1571,1546,1674,1617,1639,0,0,1050,1050,0,0,0,0
291023461,1512,1573,1547,1670,1618,1641,0,0,1050,1050,0,0,0,0
291123575,1510,1574,1556,1674,1621,1637,0,0,1050,1050,0,0,0,0
291223522,1512,1576,1556,1676,1622,1641,0,0,1050,1050,0,0,0,0
291323483,1510,1578,1556,1679,1622,1642,0,0,1050,1050,0,0,0,0
291423532,1510,1584,1559,1682,1619,1642,0,0,1050,1050,0,0,0,0
291523537,1514,1582,1550,1679,1621,1650,0,0,1050,1050,0,0,0,0
291623634,1520,1579,1547,1677,1627,1655,0,0,1050,1050,0,0,0,0
291723530,1522,1582,1555,1675,1624,1648,0,0,1050,1050,0,0,0,0
291823573,1524,1579,1552,1672,1625,1650,0,0,1050,1050,0,0,0,0
291923487,1524,1584,1560,1673,1620,1643,0,0,1050,1050,0,0,0,0
292023536,1520,1584,1565,1678,1623,1640,0,0,1050,1050,0,0,0,0
292123680,1525,1585,1562,1677,1625,1646,0,0,1050,1050,0,0,0,0
292223506,1524,1590,1562,1679,1622,1648,0,0,1050,1050,0,0,0,0
292323526,1522,1594,1563,1682,1619,1648,0,0,1050,1050,0,0,0,0
292423444,1522,1591,1557,1682,1623,1654,0,0,1050,1050,0,0,0,0
292523527,1526,1597,1553,1678,1616,1656,0,0,1050,1050,0,0,0,0
292623595,1523,1602,1559,1682,1614,1653,0,0,1050,1050,0,0,0,0
292723511,1525,1597,1553,1682,1619,1659,0,0,1050,1050,0,0,0,0
292823577,1525,1605,1562,1683,1613,1653,0,0,1050,1050,0,0,0,0
292923470,1533,1607,1560,1679,1615,1657,0,0,1050,1050,0,0,0,0
293023493,1529,1593,1555,1678,1623,1657,0,0,1050,1050,0,0,0,0
293123519,1518,1587,1564,1681,1623,1644,0,0,1050,1050,0,0,0,0
293223506,1519,1593,1563,1679,1614,1642,0,0,1050,1050,0,0,0,0
293323514,1517,1590,1559,1679,1616,1644,0,0,1050,1050,0,0,0,0
293423520,1522,1586,1554,1671,1615,1644,0,0,1050,1050,0,0,0,0
293523494,1531,1582,1550,1665,1620,1649,0,0,1050,1050,0,0,0,0
293623792,1530,1591,1558,1668,1615,1645,0,0,1050,1050,0,0,0,0
293723509,1527,1595,1554,1671,1612,1649,0,0,1050,1050,0,0,0,0
293823585,1534,1603,1542,1665,1604,1659,0,0,1050,1050,0,0,0,0
293923462,1533,1607,1544,1665,1598,1656,0,0,1050,1050,0,0,0,0
294023489,1535,1610,1551,1665,1597,1651,0,0,1050,1050,0,0,0,0
294123612,1538,1595,1547,1664,1613,1657,0,0,1050,1050,0,0,0,0
294223509,1538,1587,1552,1663,1619,1651,0,0,1050,1050,0,0,0,0
294323495,1525,1577,1557,1672,1627,1644,0,0,1050,1050,0,0,0,0
294423524,1512,1567,1558,1680,1634,1642,0,0,1050,1050,0,0,0,0
294523578,1516,1571,1547,1675,1628,1649,0,0,1050,1050,0,0,0,0
294623628,1526,1588,1543,1667,1613,1654,0,0,1050,1050,0,0,0,0
294723566,1527,1594,1541,1670,1612,1659,0,0,1050,1050,0,0,0,0
294823512,1515,1587,1536,1679,1617,1662,0,0,1050,1050,0,0,0,0
294923506,1510,1588,1537,1684,1618,1663,0,0,1050,1050,0,0,0,0
295023556,1512,1599,1538,1685,1610,1665,0,0,1050,1050,0,0,0,0
295123567,1516,1608,1531,1681,1601,1670,0,0,1050,1050,0,0,0,0
295223524,1520,1613,1526,1680,1597,1675,0,0,1050,1050,0,0,0,0
295323513,1512,1610,1525,1685,1599,1675,0,0,1050,1050,0,0,0,0
295423579,1515,1616,1523,1680,1590,1674,0,0,1050,1050,0,0,0,0
295523519,1516,1620,1531,1682,1588,1671,0,0,1050,1050,0,0,0,0
295623625,1516,1611,1532,1684,1600,1671,0,0,1050,1050,0,0,0,0
295723505,1520,1607,1536,1679,1603,1667,0,0,1050,1050,0,0,0,0
295823500,1524,1609,1543,1678,1602,1662,0,0,1050,1050,0,0,0,0
295923571,1517,1601,1533,1681,1608,1668,0,0,1050,1050,0,0,0,0
296023505,1510,1603,1538,1687,1606,1665,0,0,1050,1050,0,0,0,0
296123639,1506,1603,1530,1687,1604,1670,0,0,1050,1050,0,0,0,0
296223492,1507,1613,1523,1687,1595,1675,0,0,1050,1050,0,0,0,0
296323588,1503,1612,1512,1693,1598,1686,0,0,1050,1050,0,0,0,0
296423518,1500,1625,1522,1694,1583,1678,0,0,1050,1050,0,0,0,0
296523537,1507,1630,1512,1689,1578,1685,0,0,1050,1050,0,0,0,0
296623514,1492,1623,1517,1698,1583,1679,0,0,1050,1050,0,0,0,0
296723525,1510,1636,1522,1686,1571,1677,0,0,1050,1050,0,0,0,0
296823540,1489,1612,1526,1698,1592,1670,0,0,1050,1050,0,0,0,0
296923519,1497,1608,1527,1685,1587,1661,0,0,1050,1050,0,0,0,0
297023510,1506,1604,1525,1678,1593,1664,0,0,1050,1050,0,0,0,0
297123545,1507,1591,1533,1678,1605,1657,0,0,1050,1050,0,0,0,0
297223584,1510,1587,1545,1677,1610,1649,0,0,1050,1050,0,0,0,0
297323502,1519,1585,1552,1670,1613,1643,0,0,1050,1050,0,0,0,0
297423545,1526,1572,1553,1666,1626,1643,0,0,1050,1050,0,0,0,0
297523486,1536,1572,1561,1660,1629,1639,0,0,1050,1050,0,0,0,0
297623584,1533,1568,1568,1662,1632,1632,0,0,1050,1050,0,0,0,0
297723525,1526,1566,1573,1665,1632,1626,0,0,1050,1050,0,0,0,0
297823775,1536,1571,1567,1660,1630,1633,0,0,1050,1050,0,0,0,0
297923506,1537,1572,1563,1660,1629,1637,0,0,1050,1050,0,0,0,0
298023551,1543,1585,1561,1657,1620,1642,0,0,1050,1050,0,0,0,0
298123700,1534,1591,1570,1666,1616,1636,0,0,1050,1050,0,0,0,0
298223571,1533,1596,1565,1669,1613,1642,0,0,1050,1050,0,0,0,0
298323523,1520,1590,1561,1677,1617,1644,0,0,1050,1050,0,0,0,0
298423522,1508,1579,1563,1687,1627,1642,0,0,1050,1050,0,0,0,0
298523471,1519,1585,1571,1680,1624,1637,0,0,1050,1050,0,0,0,0
298623538,1535,1587,1560,1667,1621,1646,0,0,1050,1050,0,0,0,0
298723559,1534,1581,1547,1667,1627,1656,0,0,1050,1050,0,0,0,0
298823564,1523,1573,1547,1675,1632,1655,0,0,1050,1050,0,0,0,0
298923482,1522,1576,1553,1675,1629,1649,0,0,1050,1050,0,0,0,0
299023585,1515,1574,1557,1676,1627,1642,0,0,1050,1050,0,0,0,0
299123674,1511,1572,1560,1678,1626,1637,0,0,1050,1050,0,0,0,0
299223518,1516,1577,1563,1671,1618,1632,0,0,1050,1050,0,0,0,0
299323495,1524,1574,1552,1664,1621,1641,0,0,1050,1050,0,0,0,0
299423496,1530,1581,1552,1659,1615,1640,0,0,1050,1050,0,0,0,0
299523567,1526,1587,1564,1666,1613,1634,0,0,1050,1050,0,0,0,0
299623573,1532,1591,1561,1664,1612,1640,0,0,1050,1050,0,0,0,0
299723528,1545,1595,1562,1659,1614,1645,0,0,1050,1050,0,0,0,0
299823519,1541,1585,1561,1664,1625,1647,0,0,1050,1050,0,0,0,0
299923282,1537,1583,1567,1667,1627,1642,0,0,1050,1050,0,0,0,0
300023213,1538,1580,1569,1668,1631,1642,0,0,1050,1050,0,0,0,0
300123400,1536,1574,1569,1673,1640,1644,0,0,1050,1050,0,0,0,0
300223256,1535,1564,1556,1670,1647,1654,0,0,1050,1050,0,0,0,0
300323270,1524,1562,1553,1672,1640,1648,0,0,1050,1050,0,0,0,0
300423310,1516,1563,1547,1674,1636,1649,0,0,1050,1050,0,0,0,0
300523246,1519,1568,1537,1669,1627,1654,0,0,1050,1050,0,0,0,0
300623358,1522,1573,1535,1669,1625,1658,0,0,1050,1050,0,0,0,0
300723260,1522,1570,1533,1669,1628,1660,0,0,1050,1050,0,0,0,0
300823300,1527,1581,1542,1665,1618,1653,0,0,1050,1050,0,0,0,0
300923216,1529,1590,1551,1666,1612,1647,0,0,1050,1050,0,0,0,0
301023302,1528,1590,1557,1672,1618,1648,0,0,1050,1050,0,0,0,0
301123369,1536,1590,1559,1668,1620,1648,0,0,1050,1050,0,0,0,0
301223291,1541,1588,1556,1662,1620,1649,0,0,1050,1050,0,0,0,0
301323280,1539,1586,1560,1663,1621,1646,0,0,1050,1050,0,0,0,0
301423221,1539,1582,1562,1662,1624,1642,0,0,1050,1050,0,0,0,0
301523219,1534,1573,1569,1661,1628,1631,0,0,1050,1050,0,0,0,0
301623621,1532,1567,1576,1662,1633,1624,0,0,1050,1050,0,0,0,0
301723626,1530,1556,1572,1663,1641,1626,0,0,1050,1050,0,0,0,0
301823531,1527,1552,1570,1661,1640,1624,0,0,1050,1050,0,0,0,0
301923503,1528,1546,1560,1654,1639,1627,0,0,1050,1050,0,0,0,0
302023476,1538,1554,1559,1644,1630,1626,0,0,1050,1050,0,0,0,0
302123652,1533,1562,1566,1651,1626,1622,0,0,1050,1050,0,0,0,0
302223538,1530,1571,1566,1656,1621,1625,0,0,1050,1050,0,0,0,0
302323511,1528,1578,1571,1660,1616,1622,0,0,1050,1050,0,0,0,0
302423546,1525,1586,1569,1667,1614,1630,0,0,1050,1050,0,0,0,0
302523521,1516,1582,1560,1676,1621,1641,0,0,1050,1050,0,0,0,0
302623608,1513,1588,1556,1685,1621,1650,0,0,1050,1050,0,0,0,0
302723541,1518,1598,1551,1687,1619,1661,0,0,1050,1050,0,0,0,0
302823569,1516,1596,1542,1690,1622,1670,0,0,1050,1050,0,0,0,0
302923514,1510,1594,1539,1692,1622,1670,0,0,1050,1050,0,0,0,0
303023465,1518,1598,1542,1685,1616,1665,0,0,1050,1050,0,0,0,0
303123644,1527,1600,1542,1678,1615,1666,0,0,1050,1050,0,0,0,0
303223540,1520,1595,1543,1683,1618,1664,0,0,1050,1050,0,0,0,0
303323547,1524,1597,1544,1679,1616,1663,0,0,1050,1050,0,0,0,0
303423546,1523,1591,1552,1679,1620,1656,0,0,1050,1050,0,0,0,0
303523511,1525,1577,1552,1677,1633,1655,0,0,1050,1050,0,0,0,0
303623706,1527,1576,1563,1678,1636,1647,0,0,1050,1050,0,0,0,0
303723570,1537,1578,1570,1674,1639,1646,0,0,1050,1050,0,0,0,0
303823479,1542,1568,1561,1670,1648,1655,0,0,1050,1050,0,0,0,0
303923520,1547,1568,1552,1660,1642,1656,0,0,1050,1050,0,0,0,0
304023514,1537,1564,1553,1663,1640,1650,0,0,1050,1050,0,0,0,0
304123656,1532,1559,1550,1659,1636,1643,0,0,1050,1050,0,0,0,0
304223535,1523,1550,1548,1658,1636,1638,0,0,1050,1050,0,0,0,0
304323583,1513,1548,1561,1662,1633,1621,0,0,1050,1050,0,0,0,0
304423558,1514,1554,1570,1660,1627,1612,0,0,1050,1050,0,0,0,0
304523481,1529,1558,1564,1648,1624,1618,0,0,1050,1050,0,0,0,0
304623724,1534,1550,1556,1647,1633,1628,0,0,1050,1050,0,0,0,0
304723534,1541,1551,1560,1646,1638,1630,0,0,1050,1050,0,0,0,0
304823526,1537,1547,1565,1649,1641,1625,0,0,1050,1050,0,0,0,0
304923574,1534,1537,1564,1650,1647,1625,0,0,1050,1050,0,0,0,0
305023488,1540,1546,1568,1652,1648,1628,0,0,1050,1050,0,0,0,0
305123538,1536,1547,1571,1661,1651,1630,0,0,1050,1050,0,0,0,0
305223513,1542,1558,1575,1656,1643,1628,0,0,1050,1050,0,0,0,0
305323514,1542,1562,1580,1654,1637,1621,0,0,1050,1050,0,0,0,0
305423550,1546,1561,1574,1649,1636,1624,0,0,1050,1050,0,0,0,0
305523552,1545,1559,1563,1647,1635,1631,0,0,1050,1050,0,0,0,0
305623566,1528,1554,1563,1660,1639,1630,0,0,1050,1050,0,0,0,0
305723501,1531,1564,1562,1657,1629,1631,0,0,1050,1050,0,0,0,0
305823592,1536,1579,1561,1654,1617,1633,0,0,1050,1050,0,0,0,0
305923490,1539,1586,1568,1655,1613,1630,0,0,1050,1050,0,0,0,0
306023549,1526,1574,1569,1664,1623,1627,0,0,1050,1050,0,0,0,0
306123600,1517,1565,1566,1669,1628,1628,0,0,1050,1050,0,0,0,0
306223540,1526,1579,1566,1668,1623,1635,0,0,1050,1050,0,0,0,0
306323491,1535,1577,1554,1668,1632,1653,0,0,1050,1050,0,0,0,0
306423590,1532,1569,1545,1669,1638,1658,0,0,1050,1050,0,0,0,0
306523479,1533,1571,1547,1669,1636,1657,0,0,1050,1050,0,0,0,0
306623588,1529,1571,1547,1674,1638,1659,0,0,1050,1050,0,0,0,0
306723545,1528,1580,1555,1677,1632,1655,0,0,1050,1050,0,0,0,0
306823580,1531,1586,1557,1675,1628,1654,0,0,1050,1050,0,0,0,0
306923523,1535,1592,1560,1674,1624,1653,0,0,1050,1050,0,0,0,0
307023429,1535,1588,1559,1671,1626,1652,0,0,1050,1050,0,0,0,0
307123696,1522,1572,1559,1677,1635,1647,0,0,1050,1050,0,0,0,0
307223519,1523,1570,1558,1673,1634,1645,0,0,1050,1050,0,0,0,0
307323584,1527,1571,1555,1669,1631,1646,0,0,1050,1050,0,0,0,0
307423529,1535,1578,1557,1663,1626,1644,0,0,1050,1050,0,0,0,0
307523544,1537,1584,1566,1663,1622,1639,0,0,1050,1050,0,0,0,0
307623668,1535,1586,1573,1666,1621,1633,0,0,1050,1050,0,0,0,0
307723519,1536,1581,1568,1662,1623,1635,0,0,1050,1050,0,0,0,0
307823741,1533,1576,1568,1667,1631,1638,0,0,1050,1050,0,0,0,0
307923517,1534,1572,1565,1668,1636,1642,0,0,1050,1050,0,0,0,0
308023527,1528,1569,1567,1674,1639,1641,0,0,1050,1050,0,0,0,0
308123521,1530,1574,1567,1673,1636,1642,0,0,1050,1050,0,0,0,0
308223591,1532,1574,1560,1668,1633,1645,0,0,1050,1050,0,0,0,0
308323500,1528,1568,1552,1667,1633,1647,0,0,1050,1050,0,0,0,0
308423495,1521,1571,1550,1668,1626,1645,0,0,1050,1050,0,0,0,0
308523581,1521,1575,1545,1665,1619,1645,0,0,1050,1050,0,0,0,0
308623531,1523,1576,1543,1663,1617,1647,0,0,1050,1050,0,0,0,0
308723548,1526,1585,1553,1663,1611,1641,0,0,1050,1050,0,0,0,0
308823426,1534,1588,1554,1664,1617,1648,0,0,1050,1050,0,0,0,0
308923503,1542,1586,1555,1668,1629,1657,0,0,1050,1050,0,0,0,0
309023480,1551,1579,1555,1668,1644,1665,0,0,1050,1050,0,0,0,0
309123685,1561,1565,1557,1657,1653,1661,0,0,1050,1050,0,0,0,0
309223496,1561,1550,1573,1651,1661,1641,0,0,1050,1050,0,0,0,0
309323519,1559,1537,1586,1640,1659,1615,0,0,1050,1050,0,0,0,0
309423599,1561,1523,1597,1630,1662,1596,0,0,1050,1050,0,0,0,0
309523479,1548,1494,1602,1633,1677,1583,0,0,1050,1050,0,0,0,0
309623624,1558,1501,1598,1621,1668,1582,0,0,1050,1050,0,0,0,0
309723521,1555,1507,1592,1613,1654,1577,0,0,1050,1050,0,0,0,0
309823525,1559,1527,1598,1609,1637,1571,0,0,1050,1050,0,0,0,0
309923457,1544,1518,1588,1628,1649,1586,0,0,1050,1050,0,0,0,0
310023547,1541,1533,1580,1637,1644,1602,0,0,1050,1050,0,0,0,0
310123538,1533,1551,1578,1648,1632,1608,0,0,1050,1050,0,0,0,0
310223501,1542,1563,1565,1650,1632,1630,0,0,1050,1050,0,0,0,0
310323565,1541,1570,1562,1661,1635,1642,0,0,1050,1050,0,0,0,0
310423444,1518,1567,1568,1680,1640,1639,0,0,1050,1050,0,0,0,0
310523511,1518,1566,1551,1682,1642,1655,0,0,1050,1050,0,0,0,0
310623582,1508,1573,1547,1687,1634,1657,0,0,1050,1050,0,0,0,0
310723566,1508,1581,1541,1684,1622,1657,0,0,1050,1050,0,0,0,0
310823511,1501,1594,1538,1689,1610,1661,0,0,1050,1050,0,0,0,0
310923549,1504,1603,1529,1691,1606,1672,0,0,1050,1050,0,0,0,0
311023473,1508,1598,1517,1688,1611,1681,0,0,1050,1050,0,0,0,0
311123510,1515,1597,1529,1686,1615,1675,0,0,1050,1050,0,0,0,0
311223530,1528,1597,1538,1678,1618,1670,0,0,1050,1050,0,0,0,0
311323501,1537,1594,1552,1675,1625,1663,0,0,1050,1050,0,0,0,0
311423527,1539,1580,1561,1674,1638,1656,0,0,1050,1050,0,0,0,0
311523501,1542,1572,1567,1671,1646,1651,0,0,1050,1050,0,0,0,0
311623759,1554,1574,1570,1663,1645,1648,0,0,1050,1050,0,0,0,0
311723609,1552,1578,1581,1665,1642,1640,0,0,1050,1050,0,0,0,0
311823558,1552,1570,1576,1662,1646,1641,0,0,1050,1050,0,0,0,0
311923423,1552,1571,1577,1662,1646,1641,0,0,1050,1050,0,0,0,0
312023502,1534,1557,1572,1671,1652,1639,0,0,1050,1050,0,0,0,0
312123574,1525,1554,1569,1671,1647,1634,0,0,1050,1050,0,0,0,0
312223519,1527,1560,1567,1668,1640,1634,0,0,1050,1050,0,0,0,0
312323489,1532,1561,1560,1663,1639,1639,0,0,1050,1050,0,0,0,0
312423461,1536,1559,1552,1656,1638,1643,0,0,1050,1050,0,0,0,0
312523516,1532,1564,1556,1660,1633,1640,0,0,1050,1050,0,0,0,0
312623672,1525,1567,1556,1665,1629,1639,0,0,1050,1050,0,0,0,0
312723559,1523,1566,1550,1666,1629,1643,0,0,1050,1050,0,0,0,0
312823474,1520,1568,1551,1667,1626,1641,0,0,1050,1050,0,0,0,0
312923471,1512,1567,1558,1669,1623,1631,0,0,1050,1050,0,0,0,0
313023537,1510,1558,1560,1671,1631,1629,0,0,1050,1050,0,0,0,0
313123572,1519,1556,1558,1665,1634,1632,0,0,1050,1050,0,0,0,0
313223554,1521,1558,1557,1664,1633,1633,0,0,1050,1050,0,0,0,0
313323430,1525,1570,1559,1663,1624,1634,0,0,1050,1050,0,0,0,0
313423579,1525,1578,1557,1665,1619,1639,0,0,1050,1050,0,0,0,0
313523467,1526,1580,1553,1668,1621,1646,0,0,1050,1050,0,0,0,0
313623664,1528,1582,1548,1669,1623,1653,0,0,1050,1050,0,0,0,0
313723515,1529,1582,1544,1670,1624,1658,0,0,1050,1050,0,0,0,0
313823546,1526,1580,1544,1674,1628,1659,0,0,1050,1050,0,0,0,0
313923570,1521,1575,1542,1678,1632,1661,0,0,1050,1050,0,0,0,0
314023458,1517,1574,1547,1683,1635,1659,0,0,1050,1050,0,0,0,0
314123598,1516,1571,1544,1682,1636,1660,0,0,1050,1050,0,0,0,0
314223526,1516,1571,1546,1681,1635,1657,0,0,1050,1050,0,0,0,0
314323518,1515,1575,1554,1680,1631,1649,0,0,1050,1050,0,0,0,0
314423496,1520,1576,1558,1676,1628,1644,0,0,1050,1050,0,0,0,0
314523535,1529,1579,1558,1668,1624,1643,0,0,1050,1050,0,0,0,0
314623566,1533,1584,1565,1667,1622,1640,0,0,1050,1050,0,0,0,0
314723510,1527,1580,1567,1672,1626,1638,0,0,1050,1050,0,0,0,0
314823511,1532,1583,1563,1669,1625,1643,0,0,1050,1050,0,0,0,0
314923469,1531,1582,1562,1672,1629,1647,0,0,1050,1050,0,0,0,0
315023485,1530,1583,1564,1674,1628,1645,0,0,1050,1050,0,0,0,0
315123655,1539,1585,1557,1667,1627,1652,0,0,1050,1050,0,0,0,0
315223527,1538,1583,1560,1669,1630,1650,0,0,1050,1050,0,0,0,0
315323507,1531,1581,1567,1673,1630,1643,0,0,1050,1050,0,0,0,0
315423532,1527,1574,1563,1675,1635,1645,0,0,1050,1050,0,0,0,0
315523456,1528,1576,1562,1673,1632,1644,0,0,1050,1050,0,0,0,0
315623547,1525,1570,1555,1672,1634,1647,0,0,1050,1050,0,0,0,0
315723564,1520,1567,1551,1672,1633,1647,0,0,1050,1050,0,0,0,0
315823504,1512,1559,1547,1676,1637,1647,0,0,1050,1050,0,0,0,0
315923537,1518,1567,1550,1670,1630,1644,0,0,1050,1050,0,0,0,0
316023478,1520,1565,1548,1664,1626,1641,0,0,1050,1050,0,0,0,0
316123701,1520,1564,1548,1662,1625,1639,0,0,1050,1050,0,0,0,0
316223497,1521,1565,1552,1664,1627,1638,0,0,1050,1050,0,0,0,0
316323534,1520,1567,1559,1667,1628,1635,0,0,1050,1050,0,0,0,0
316423472,1523,1570,1565,1667,1627,1632,0,0,1050,1050,0,0,0,0
316523483,1519,1564,1567,1670,1633,1630,0,0,1050,1050,0,0,0,0
316623559,1521,1562,1565,1669,1634,1631,0,0,1050,1050,0,0,0,0
316723771,1530,1563,1560,1664,1636,1639,0,0,1050,1050,0,0,0,0
316823511,1533,1562,1557,1663,1637,1642,0,0,1050,1050,0,0,0,0
316923543,1531,1561,1557,1662,1637,1641,0,0,1050,1050,0,0,0,0
317023511,1531,1566,1561,1663,1633,1637,0,0,1050,1050,0,0,0,0
317123598,1528,1565,1559,1665,1634,1639,0,0,1050,1050,0,0,0,0
317223559,1521,1562,1558,1668,1634,1638,0,0,1050,1050,0,0,0,0
317323511,1519,1568,1563,1669,1628,1633,0,0,1050,1050,0,0,0,0
317423500,1524,1571,1563,1666,1625,1633,0,0,1050,1050,0,0,0,0
317523494,1530,1572,1557,1661,1625,1638,0,0,1050,1050,0,0,0,0
317623693,1534,1575,1551,1660,1625,1645,0,0,1050,1050,0,0,0,0
317723507,1535,1574,1549,1662,1628,1650,0,0,1050,1050,0,0,0,0
317823480,1531,1572,1553,1664,1629,1646,0,0,1050,1050,0,0,0,0
317923522,1527,1573,1555,1664,1625,1641,0,0,1050,1050,0,0,0,0
318024035,1530,1569,1548,1662,1629,1647,0,0,1050,1050,0,0,0,0
318123630,1525,1576,1556,1667,1623,1641,0,0,1050,1050,0,0,0,0
318223533,1523,1578,1557,1667,1620,1639,0,0,1050,1050,0,0,0,0
318323534,1518,1576,1554,1669,1620,1639,0,0,1050,1050,0,0,0,0
318423545,1520,1580,1553,1668,1617,1641,0,0,1050,1050,0,0,0,0
318523528,1520,1579,1551,1667,1616,1641,0,0,1050,1050,0,0,0,0
318623543,1523,1578,1545,1665,1618,1647,0,0,1050,1050,0,0,0,0
318723500,1528,1578,1542,1663,1620,1652,0,0,1050,1050,0,0,0,0
318823616,1532,1579,1540,1662,1621,1656,0,0,1050,1050,0,0,0,0
318923463,1532,1580,1544,1664,1622,1654,0,0,1050,1050,0,0,0,0
319023545,1526,1579,1552,1669,1623,1648,0,0,1050,1050,0,0,0,0
319123523,1523,1573,1547,1671,1629,1651,0,0,1050,1050,0,0,0,0
319223544,1519,1574,1552,1675,1628,1647,0,0,1050,1050,0,0,0,0
319323536,1522,1582,1559,1674,1623,1644,0,0,1050,1050,0,0,0,0
319423524,1522,1582,1562,1676,1625,1643,0,0,1050,1050,0,0,0,0
319523518,1527,1581,1558,1668,1621,1643,0,0,1050,1050,0,0,0,0
319623715,1521,1577,1556,1669,1621,1640,0,0,1050,1050,0,0,0,0
319723520,1518,1580,1560,1669,1616,1634,0,0,1050,1050,0,0,0,0
319823483,1518,1568,1552,1667,1625,1640,0,0,1050,1050,0,0,0,0
319923459,1535,1572,1550,1657,1625,1645,0,0,1050,1050,0,0,0,0
320023503,1538,1569,1553,1654,1627,1641,0,0,1050,1050,0,0,0,0
320123566,1534,1570,1561,1657,1625,1633,0,0,1050,1050,0,0,0,0
320223541,1536,1569,1562,1654,1625,1632,0,0,1050,1050,0,0,0,0
320323526,1539,1572,1568,1652,1624,1627,0,0,1050,1050,0,0,0,0
320423468,1541,1569,1571,1651,1627,1625,0,0,1050,1050,0,0,0,0
320523546,1546,1561,1567,1648,1635,1630,0,0,1050,1050,0,0,0,0
320623613,1551,1563,1570,1643,1631,1626,0,0,1050,1050,0,0,0,0
320723536,1551,1557,1569,1644,1638,1628,0,0,1050,1050,0,0,0,0
320823554,1546,1552,1571,1646,1641,1624,0,0,1050,1050,0,0,0,0
320923495,1544,1556,1578,1647,1636,1617,0,0,1050,1050,0,0,0,0
321023492,1547,1553,1576,1647,1642,1621,0,0,1050,1050,0,0,0,0
321123652,1547,1551,1575,1649,1645,1624,0,0,1050,1050,0,0,0,0
321223568,1538,1553,1582,1656,1643,1617,0,0,1050,1050,0,0,0,0
321323482,1544,1557,1573,1650,1639,1624,0,0,1050,1050,0,0,0,0
321423492,1544,1566,1573,1651,1631,1625,0,0,1050,1050,0,0,0,0
321523555,1532,1572,1573,1662,1628,1627,0,0,1050,1050,0,0,0,0
321623579,1520,1568,1561,1670,1629,1636,0,0,1050,1050,0,0,0,0
321723541,1513,1572,1550,1675,1625,1645,0,0,1050,1050,0,0,0,0
321823521,1513,1576,1542,1676,1623,1653,0,0,1050,1050,0,0,0,0
321923277,1516,1583,1542,1675,1618,1654,0,0,1050,1050,0,0,0,0
322023223,1524,1597,1548,1672,1607,1652,0,0,1050,1050,0,0,0,0
322123458,1527,1600,1553,1670,1605,1648,0,0,1050,1050,0,0,0,0
322223300,1527,1596,1553,1672,1611,1650,0,0,1050,1050,0,0,0,0
322323217,1518,1588,1562,1680,1620,1644,0,0,1050,1050,0,0,0,0
322423289,1517,1584,1565,1678,1621,1638,0,0,1050,1050,0,0,0,0
322523279,1523,1589,1569,1670,1613,1631,0,0,1050,1050,0,0,0,0
322623307,1519,1583,1573,1671,1616,1626,0,0,1050,1050,0,0,0,0
322723251,1523,1576,1570,1666,1621,1626,0,0,1050,1050,0,0,0,0
322823234,1526,1565,1559,1664,1631,1637,0,0,1050,1050,0,0,0,0
322923202,1530,1564,1560,1664,1635,1639,0,0,1050,1050,0,0,0,0
323023220,1541,1562,1556,1656,1638,1643,0,0,1050,1050,0,0,0,0
323123454,1544,1560,1561,1652,1639,1638,0,0,1050,1050,0,0,0,0
323223286,1550,1563,1573,1648,1637,1628,0,0,1050,1050,0,0,0,0
323323288,1553,1555,1568,1644,1643,1631,0,0,1050,1050,0,0,0,0
323423273,1559,1550,1572,1636,1644,1624,0,0,1050,1050,0,0,0,0
323523313,1561,1548,1582,1635,1646,1616,0,0,1050,1050,0,0,0,0
323623378,1555,1533,1583,1640,1658,1614,0,0,1050,1050,0,0,0,0
323723292,1560,1533,1585,1635,1658,1612,0,0,1050,1050,0,0,0,0
323823248,1565,1547,1593,1633,1648,1607,0,0,1050,1050,0,0,0,0
323923231,1555,1545,1590,1641,1650,1609,0,0,1050,1050,0,0,0,0
324023225,1541,1546,1586,1651,1647,1611,0,0,1050,1050,0,0,0,0
324123453,1526,1556,1587,1662,1636,1608,0,0,1050,1050,0,0,0,0
324223287,1528,1560,1565,1657,1630,1626,0,0,1050,1050,0,0,0,0
324323310,1527,1570,1564,1659,1622,1627,0,0,1050,1050,0,0,0,0
324423316,1528,1577,1549,1659,1616,1641,0,0,1050,1050,0,0,0,0
324523274,1517,1578,1541,1669,1617,1649,0,0,1050,1050,0,0,0,0
324623356,1516,1586,1537,1673,1613,1656,0,0,1050,1050,0,0,0,0
324723261,1511,1585,1534,1675,1612,1657,0,0,1050,1050,0,0,0,0
324823217,1513,1582,1534,1677,1619,1660,0,0,1050,1050,0,0,0,0
324923211,1517,1583,1541,1676,1621,1657,0,0,1050,1050,0,0,0,0
325023270,1513,1577,1549,1678,1623,1648,0,0,1050,1050,0,0,0,0
325123414,1517,1570,1551,1674,1629,1647,0,0,1050,1050,0,0,0,0
325223298,1527,1571,1559,1666,1628,1639,0,0,1050,1050,0,0,0,0
325323332,1530,1574,1568,1663,1625,1632,0,0,1050,1050,0,0,0,0
325423239,1538,1565,1567,1657,1634,1632,0,0,1050,1050,0,0,0,0
325523252,1543,1557,1571,1656,1643,1631,0,0,1050,1050,0,0,0,0
325623323,1544,1551,1573,1656,1651,1631,0,0,1050,1050,0,0,0,0
325723233,1546,1551,1572,1653,1649,1630,0,0,1050,1050,0,0,0,0
325823242,1544,1551,1574,1653,1647,1627,0,0,1050,1050,0,0,0,0
325923163,1538,1553,1578,1655,1643,1620,0,0,1050,1050,0,0,0,0
326023312,1539,1554,1576,1654,1641,1622,0,0,1050,1050,0,0,0,0
326123342,1537,1559,1578,1656,1637,1621,0,0,1050,1050,0,0,0,0
326223328,1543,1560,1570,1653,1639,1630,0,0,1050,1050,0,0,0,0
326323258,1541,1564,1569,1655,1635,1630,0,0,1050,1050,0,0,0,0
326423306,1538,1565,1568,1658,1635,1632,0,0,1050,1050,0,0,0,0
326523294,1535,1563,1566,1661,1637,1634,0,0,1050,1050,0,0,0,0
326623385,1530,1564,1571,1663,1634,1627,0,0,1050,1050,0,0,0,0
326723258,1536,1571,1572,1657,1627,1626,0,0,1050,1050,0,0,0,0
326823219,1535,1566,1564,1656,1629,1631,0,0,1050,1050,0,0,0,0
326923271,1530,1562,1557,1658,1631,1635,0,0,1050,1050,0,0,0,0
327023308,1537,1561,1552,1659,1638,1646,0,0,1050,1050,0,0,0,0
327123387,1543,1566,1555,1654,1634,1644,0,0,1050,1050,0,0,0,0
327223244,1535,1559,1559,1655,1634,1634,0,0,1050,1050,0,0,0,0
327323294,1535,1565,1569,1655,1629,1626,0,0,1050,1050,0,0,0,0
327423264,1536,1571,1577,1654,1624,1618,0,0,1050,1050,0,0,0,0
327523242,1536,1565,1568,1654,1629,1626,0,0,1050,1050,0,0,0,0
327623288,1533,1572,1567,1656,1623,1627,0,0,1050,1050,0,0,0,0
327723198,1527,1569,1563,1661,1625,1631,0,0,1050,1050,0,0,0,0
327823275,1529,1574,1563,1663,1624,1634,0,0,1050,1050,0,0,0,0
327923274,1520,1574,1568,1669,1623,1628,0,0,1050,1050,0,0,0,0
328023307,1519,1569,1560,1670,1628,1636,0,0,1050,1050,0,0,0,0
328123405,1528,1573,1548,1665,1627,1649,0,0,1050,1050,0,0,0,0
328223239,1522,1576,1549,1671,1625,1649,0,0,1050,1050,0,0,0,0
328323216,1522,1585,1554,1675,1621,1648,0,0,1050,1050,0,0,0,0
328423236,1514,1575,1552,1679,1628,1649,0,0,1050,1050,0,0,0,0
328523212,1513,1571,1552,1679,1630,1646,0,0,1050,1050,0,0,0,0
328623380,1517,1573,1564,1674,1627,1635,0,0,1050,1050,0,0,0,0
328723287,1516,1566,1575,1673,1631,1623,0,0,1050,1050,0,0,0,0
328823276,1526,1561,1572,1663,1633,1624,0,0,1050,1050,0,0,0,0
328923294,1538,1559,1570,1655,1637,1627,0,0,1050,1050,0,0,0,0
329023233,1539,1560,1573,1652,1634,1622,0,0,1050,1050,0,0,0,0
329123273,1535,1567,1578,1653,1625,1614,0,0,1050,1050,0,0,0,0
329223250,1530,1567,1574,1656,1624,1618,0,0,1050,1050,0,0,0,0
329323270,1527,1566,1566,1660,1627,1627,0,0,1050,1050,0,0,0,0
329423202,1530,1573,1555,1661,1623,1639,0,0,1050,1050,0,0,0,0
329523197,1533,1581,1547,1661,1619,1649,0,0,1050,1050,0,0,0,0
329623398,1532,1585,1546,1663,1616,1651,0,0,1050,1050,0,0,0,0
329723270,1524,1580,1541,1669,1620,1655,0,0,1050,1050,0,0,0,0
329823311,1520,1575,1541,1672,1625,1655,0,0,1050,1050,0,0,0,0
329923246,1528,1572,1541,1670,1633,1660,0,0,1050,1050,0,0,0,0
330023239,1530,1568,1552,1670,1638,1652,0,0,1050,1050,0,0,0,0
330123289,1530,1570,1567,1668,1634,1636,0,0,1050,1050,0,0,0,0
330223244,1529,1570,1574,1668,1632,1630,0,0,1050,1050,0,0,0,0
330323214,1536,1572,1572,1663,1631,1632,0,0,1050,1050,0,0,0,0
330423183,1542,1571,1564,1659,1634,1640,0,0,1050,1050,0,0,0,0
330523311,1539,1573,1563,1664,1635,1643,0,0,1050,1050,0,0,0,0
330623420,1537,1571,1561,1666,1638,1646,0,0,1050,1050,0,0,0,0
330723310,1543,1571,1556,1664,1640,1653,0,0,1050,1050,0,0,0,0
330823268,1546,1569,1550,1662,1642,1659,0,0,1050,1050,0,0,0,0
330923276,1543,1571,1553,1664,1639,1655,0,0,1050,1050,0,0,0,0
331023278,1536,1567,1551,1668,1641,1656,0,0,1050,1050,0,0,0,0
331123348,1531,1567,1552,1672,1641,1654,0,0,1050,1050,0,0,0,0
331223252,1529,1565,1550,1672,1641,1654,0,0,1050,1050,0,0,0,0
331323232,1524,1569,1554,1674,1637,1650,0,0,1050,1050,0,0,0,0
331423292,1524,1574,1556,1673,1631,1647,0,0,1050,1050,0,0,0,0
331523309,1526,1575,1554,1673,1631,1650,0,0,1050,1050,0,0,0,0
331623391,1528,1577,1550,1670,1627,1651,0,0,1050,1050,0,0,0,0
331723301,1530,1578,1548,1668,1626,1652,0,0,1050,1050,0,0,0,0
331823263,1527,1576,1545,1669,1627,1654,0,0,1050,1050,0,0,0,0
331923288,1529,1570,1537,1667,1633,1661,0,0,1050,1050,0,0,0,0
332023204,1536,1577,1544,1664,1628,1657,0,0,1050,1050,0,0,0,0
332123170,1537,1580,1552,1661,1624,1649,0,0,1050,1050,0,0,0,0
332223186,1542,1581,1560,1658,1624,1642,0,0,1050,1050,0,0,0,0
332323283,1544,1577,1568,1658,1629,1637,0,0,1050,1050,0,0,0,0
332423310,1545,1567,1570,1654,1634,1632,0,0,1050,1050,0,0,0,0
332523297,1543,1553,1567,1652,1644,1631,0,0,1050,1050,0,0,0,0
332623665,1546,1554,1572,1651,1644,1628,0,0,1050,1050,0,0,0,0
332723527,1541,1559,1581,1658,1642,1622,0,0,1050,1050,0,0,0,0
332823580,1550,1565,1567,1652,1639,1638,0,0,1050,1050,0,0,0,0
332923495,1553,1575,1558,1649,1630,1645,0,0,1050,1050,0,0,0,0
333023492,1549,1575,1552,1652,1629,1649,0,0,1050,1050,0,0,0,0
333123595,1542,1568,1547,1660,1637,1656,0,0,1050,1050,0,0,0,0
333223560,1541,1568,1549,1661,1638,1654,0,0,1050,1050,0,0,0,0
333323516,1541,1563,1554,1659,1640,1648,0,0,1050,1050,0,0,0,0
333423547,1541,1557,1563,1660,1647,1641,0,0,1050,1050,0,0,0,0
333523494,1549,1555,1570,1657,1652,1639,0,0,1050,1050,0,0,0,0
333623475,1555,1557,1578,1651,1650,1630,0,0,1050,1050,0,0,0,0
333723514,1555,1551,1587,1650,1654,1621,0,0,1050,1050,0,0,0,0
333823498,1553,1545,1589,1652,1658,1619,0,0,1050,1050,0,0,0,0
333923514,1560,1543,1589,1647,1661,1620,0,0,1050,1050,0,0,0,0
334023492,1554,1540,1588,1649,1661,1619,0,0,1050,1050,0,0,0,0
334123687,1553,1548,1588,1648,1652,1616,0,0,1050,1050,0,0,0,0
334223528,1556,1552,1577,1646,1649,1627,0,0,1050,1050,0,0,0,0
334323562,1549,1560,1574,1652,1642,1630,0,0,1050,1050,0,0,0,0
334423524,1537,1561,1571,1660,1639,1631,0,0,1050,1050,0,0,0,0
334523505,1530,1566,1571,1662,1631,1627,0,0,1050,1050,0,0,0,0
334623667,1523,1561,1565,1668,1637,1633,0,0,1050,1050,0,0,0,0
334723592,1530,1566,1551,1661,1631,1644,0,0,1050,1050,0,0,0,0
334823517,1518,1570,1558,1670,1626,1637,0,0,1050,1050,0,0,0,0
334923461,1520,1581,1549,1667,1615,1644,0,0,1050,1050,0,0,0,0
335023544,1528,1587,1537,1663,1610,1655,0,0,1050,1050,0,0,0,0
335123626,1526,1581,1532,1663,1616,1659,0,0,1050,1050,0,0,0,0
335223547,1528,1577,1535,1664,1621,1658,0,0,1050,1050,0,0,0,0
335323504,1525,1576,1548,1667,1624,1648,0,0,1050,1050,0,0,0,0
335423514,1532,1575,1549,1662,1625,1647,0,0,1050,1050,0,0,0,0
335523547,1537,1577,1554,1659,1624,1645,0,0,1050,1050,0,0,0,0
335623629,1545,1570,1550,1653,1631,1649,0,0,1050,1050,0,0,0,0
335723515,1547,1565,1556,1650,1635,1643,0,0,1050,1050,0,0,0,0
335823515,1546,1567,1564,1654,1636,1638,0,0,1050,1050,0,0,0,0
335923503,1540,1575,1575,1660,1630,1630,0,0,1050,1050,0,0,0,0
336023477,1544,1583,1564,1656,1622,1639,0,0,1050,1050,0,0,0,0
336123608,1545,1593,1547,1656,1613,1655,0,0,1050,1050,0,0,0,0
336223594,1545,1604,1532,1655,1601,1666,0,0,1050,1050,0,0,0,0
336323515,1536,1601,1526,1659,1600,1667,0,0,1050,1050,0,0,0,0
336423432,1536,1597,1528,1658,1603,1664,0,0,1050,1050,0,0,0,0
336523497,1537,1594,1535,1657,1606,1659,0,0,1050,1050,0,0,0,0
336623581,1543,1596,1539,1652,1604,1655,0,0,1050,1050,0,0,0,0
336723578,1538,1588,1534,1653,1609,1657,0,0,1050,1050,0,0,0,0
336823516,1531,1592,1541,1659,1604,1651,0,0,1050,1050,0,0,0,0
336923504,1531,1592,1539,1658,1603,1651,0,0,1050,1050,0,0,0,0
337023522,1532,1591,1540,1654,1602,1648,0,0,1050,1050,0,0,0,0
337123528,1533,1587,1544,1655,1607,1646,0,0,1050,1050,0,0,0,0
337223509,1538,1589,1548,1653,1607,1644,0,0,1050,1050,0,0,0,0
337323539,1541,1588,1547,1650,1608,1645,0,0,1050,1050,0,0,0,0
337423528,1538,1584,1549,1651,1610,1642,0,0,1050,1050,0,0,0,0
337523511,1538,1585,1546,1652,1610,1645,0,0,1050,1050,0,0,0,0
337623616,1542,1590,1540,1647,1604,1649,0,0,1050,1050,0,0,0,0
337723602,1550,1600,1541,1643,1595,1650,0,0,1050,1050,0,0,0,0
337823529,1548,1601,1543,1650,1601,1653,0,0,1050,1050,0,0,0,0
337923550,1552,1612,1545,1651,1594,1656,0,0,1050,1050,0,0,0,0
338023514,1556,1610,1531,1648,1597,1668,0,0,1050,1050,0,0,0,0
338123643,1550,1608,1523,1654,1601,1676,0,0,1050,1050,0,0,0,0
338223540,1540,1603,1524,1663,1605,1675,0,0,1050,1050,0,0,0,0
338323510,1538,1603,1529,1663,1605,1671,0,0,1050,1050,0,0,0,0
338423498,1536,1603,1536,1663,1603,1663,0,0,1050,1050,0,0,0,0
338523412,1537,1595,1534,1664,1613,1667,0,0,1050,1050,0,0,0,0
338623676,1526,1581,1535,1667,1619,1660,0,0,1050,1050,0,0,0,0
338723494,1545,1588,1539,1649,1610,1654,0,0,1050,1050,0,0,0,0
338823542,1555,1585,1540,1641,1614,1654,0,0,1050,1050,0,0,0,0
338923506,1550,1572,1536,1643,1624,1655,0,0,1050,1050,0,0,0,0
339023520,1543,1570,1540,1648,1624,1650,0,0,1050,1050,0,0,0,0
339123639,1551,1581,1540,1644,1617,1654,0,0,1050,1050,0,0,0,0
339223553,1557,1586,1535,1642,1615,1660,0,0,1050,1050,0,0,0,0
339323523,1557,1591,1532,1641,1610,1662,0,0,1050,1050,0,0,0,0
339423415,1556,1597,1533,1645,1606,1664,0,0,1050,1050,0,0,0,0
339523539,1544,1599,1538,1654,1603,1658,0,0,1050,1050,0,0,0,0
339623759,1539,1604,1541,1657,1598,1656,0,0,1050,1050,0,0,0,0
339723552,1539,1597,1537,1658,1605,1659,0,0,1050,1050,0,0,0,0
339823500,1546,1599,1539,1653,1605,1658,0,0,1050,1050,0,0,0,0
339923457,1541,1589,1540,1657,1614,1659,0,0,1050,1050,0,0,0,0
340023499,1542,1589,1546,1656,1615,1653,0,0,1050,1050,0,0,0,0
340123613,1556,1588,1534,1643,1613,1661,0,0,1050,1050,0,0,0,0
340223534,1559,1588,1539,1640,1612,1657,0,0,1050,1050,0,0,0,0
340323513,1557,1583,1537,1642,1619,1659,0,0,1050,1050,0,0,0,0
340423474,1556,1579,1535,1641,1621,1659,0,0,1050,1050,0,0,0,0
340523528,1551,1578,1541,1646,1622,1654,0,0,1050,1050,0,0,0,0
340623667,1553,1585,1540,1645,1616,1656,0,0,1050,1050,0,0,0,0
340723488,1557,1591,1537,1643,1612,1660,0,0,1050,1050,0,0,0,0
340823507,1560,1595,1537,1640,1607,1659,0,0,1050,1050,0,0,0,0
340923531,1562,1595,1537,1640,1609,1662,0,0,1050,1050,0,0,0,0
341023435,1557,1589,1538,1645,1616,1661,0,0,1050,1050,0,0,0,0
341123592,1553,1586,1540,1649,1619,1659,0,0,1050,1050,0,0,0,0
341223538,1554,1586,1543,1648,1619,1656,0,0,1050,1050,0,0,0,0
341323553,1560,1590,1546,1643,1615,1655,0,0,1050,1050,0,0,0,0
341423455,1563,1589,1540,1640,1615,1659,0,0,1050,1050,0,0,0,0
341523251,1560,1586,1538,1641,1618,1660,0,0,1050,1050,0,0,0,0
341623395,1561,1585,1536,1638,1616,1660,0,0,1050,1050,0,0,0,0
341723300,1555,1579,1538,1641,1619,1656,0,0,1050,1050,0,0,0,0
341823244,1550,1577,1544,1645,1620,1650,0,0,1050,1050,0,0,0,0
341923229,1550,1581,1553,1647,1619,1644,0,0,1050,1050,0,0,0,0
342023293,1552,1585,1555,1645,1614,1642,0,0,1050,1050,0,0,0,0
342123244,1550,1583,1551,1644,1614,1643,0,0,1050,1050,0,0,0,0
342223302,1547,1583,1555,1645,1613,1639,0,0,1050,1050,0,0,0,0
342323299,1549,1584,1553,1642,1611,1638,0,0,1050,1050,0,0,0,0
342423284,1549,1584,1551,1643,1612,1641,0,0,1050,1050,0,0,0,0
342523188,1550,1586,1547,1643,1611,1645,0,0,1050,1050,0,0,0,0
342623308,1544,1588,1547,1650,1610,1647,0,0,1050,1050,0,0,0,0
342723252,1539,1587,1541,1656,1614,1655,0,0,1050,1050,0,0,0,0
342823171,1536,1592,1539,1660,1610,1657,0,0,1050,1050,0,0,0,0
342923218,1532,1601,1544,1664,1601,1653,0,0,1050,1050,0,0,0,0
343023233,1534,1606,1544,1662,1597,1654,0,0,1050,1050,0,0,0,0
343123302,1537,1608,1546,1660,1595,1653,0,0,1050,1050,0,0,0,0
343223307,1541,1603,1539,1655,1599,1658,0,0,1050,1050,0,0,0,0
343323247,1542,1590,1533,1653,1610,1660,0,0,1050,1050,0,0,0,0
343423214,1538,1583,1539,1653,1613,1652,0,0,1050,1050,0,0,0,0
343523226,1537,1581,1544,1651,1613,1646,0,0,1050,1050,0,0,0,0
343623382,1542,1588,1553,1648,1606,1639,0,0,1050,1050,0,0,0,0
343723213,1547,1593,1551,1644,1602,1641,0,0,1050,1050,0,0,0,0
343823275,1549,1596,1548,1643,1600,1644,0,0,1050,1050,0,0,0,0
343923181,1548,1595,1544,1646,1603,1650,0,0,1050,1050,0,0,0,0
344023269,1544,1586,1540,1651,1613,1654,0,0,1050,1050,0,0,0,0
344123420,1545,1586,1545,1651,1614,1651,0,0,1050,1050,0,0,0,0
344223350,1549,1586,1548,1648,1615,1650,0,0,1050,1050,0,0,0,0
344323228,1552,1584,1553,1647,1618,1645,0,0,1050,1050,0,0,0,0
344423244,1555,1581,1555,1643,1619,1643,0,0,1050,1050,0,0,0,0
344523236,1553,1581,1563,1642,1617,1634,0,0,1050,1050,0,0,0,0
344623317,1555,1582,1566,1637,1612,1628,0,0,1050,1050,0,0,0,0
344723217,1551,1581,1567,1640,1613,1625,0,0,1050,1050,0,0,0,0
344823263,1550,1578,1561,1640,1615,1631,0,0,1050,1050,0,0,0,0
344923253,1545,1577,1555,1647,1618,1638,0,0,1050,1050,0,0,0,0
345023289,1537,1583,1553,1655,1614,1641,0,0,1050,1050,0,0,0,0
345123398,1537,1591,1548,1657,1609,1648,0,0,1050,1050,0,0,0,0
345223242,1537,1598,1547,1657,1602,1649,0,0,1050,1050,0,0,0,0
345323307,1543,1598,1540,1653,1602,1656,0,0,1050,1050,0,0,0,0
345423252,1541,1596,1537,1657,1608,1660,0,0,1050,1050,0,0,0,0
345523264,1540,1596,1535,1657,1608,1661,0,0,1050,1050,0,0,0,0
345623245,1538,1591,1537,1659,1611,1660,0,0,1050,1050,0,0,0,0
345723262,1538,1593,1546,1658,1610,1651,0,0,1050,1050,0,0,0,0
345823255,1539,1594,1554,1658,1609,1646,0,0,1050,1050,0,0,0,0
345923320,1537,1594,1562,1661,1611,1640,0,0,1050,1050,0,0,0,0
346023245,1542,1587,1559,1658,1617,1643,0,0,1050,1050,0,0,0,0
346123300,1557,1590,1556,1643,1613,1644,0,0,1050,1050,0,0,0,0
346223259,1561,1590,1560,1640,1613,1640,0,0,1050,1050,0,0,0,0
346323257,1560,1585,1558,1642,1619,1644,0,0,1050,1050,0,0,0,0
346423248,1554,1584,1562,1648,1622,1642,0,0,1050,1050,0,0,0,0
346523227,1553,1586,1560,1649,1619,1643,0,0,1050,1050,0,0,0,0
346623303,1552,1587,1556,1650,1618,1646,0,0,1050,1050,0,0,0,0
346723285,1553,1584,1545,1649,1620,1655,0,0,1050,1050,0,0,0,0
346823281,1549,1588,1544,1652,1617,1656,0,0,1050,1050,0,0,0,0
346923319,1553,1595,1541,1647,1608,1657,0,0,1050,1050,0,0,0,0
347023279,1547,1594,1542,1650,1607,1655,0,0,1050,1050,0,0,0,0
347123403,1547,1597,1544,1648,1601,1650,0,0,1050,1050,0,0,0,0
347223257,1547,1590,1539,1644,1605,1651,0,0,1050,1050,0,0,0,0
347323201,1544,1582,1540,1645,1611,1648,0,0,1050,1050,0,0,0,0
347423273,1544,1584,1549,1646,1609,1641,0,0,1050,1050,0,0,0,0
347523180,1549,1583,1556,1641,1610,1635,0,0,1050,1050,0,0,0,0
347623456,1545,1576,1563,1644,1617,1628,0,0,1050,1050,0,0,0,0
347723315,1546,1575,1568,1646,1620,1626,0,0,1050,1050,0,0,0,0
347823295,1545,1570,1568,1648,1626,1628,0,0,1050,1050,0,0,0,0
347923251,1545,1566,1566,1650,1631,1631,0,0,1050,1050,0,0,0,0
348023279,1545,1568,1565,1653,1634,1636,0,0,1050,1050,0,0,0,0
348123479,1556,1579,1559,1645,1624,1642,0,0,1050,1050,0,0,0,0
348223249,1564,1591,1561,1639,1614,1642,0,0,1050,1050,0,0,0,0
348323215,1559,1591,1557,1644,1615,1646,0,0,1050,1050,0,0,0,0
348423226,1558,1594,1555,1646,1613,1649,0,0,1050,1050,0,0,0,0
348523273,1556,1599,1561,1649,1608,1644,0,0,1050,1050,0,0,0,0
348623355,1551,1597,1563,1652,1610,1642,0,0,1050,1050,0,0,0,0
348723317,1553,1596,1561,1651,1611,1644,0,0,1050,1050,0,0,0,0
348823255,1553,1597,1562,1651,1611,1643,0,0,1050,1050,0,0,0,0
348923213,1556,1600,1561,1649,1608,1645,0,0,1050,1050,0,0,0,0
349023242,1558,1600,1554,1647,1607,1650,0,0,1050,1050,0,0,0,0
349123317,1559,1600,1548,1643,1605,1653,0,0,1050,1050,0,0,0,0
349223528,1560,1599,1547,1641,1605,1653,0,0,1050,1050,0,0,0,0
349323521,1552,1590,1546,1646,1612,1652,0,0,1050,1050,0,0,0,0
349423538,1554,1594,1550,1645,1608,1649,0,0,1050,1050,0,0,0,0
349523536,1555,1591,1547,1645,1611,1651,0,0,1050,1050,0,0,0,0
349623582,1555,1584,1548,1643,1616,1649,0,0,1050,1050,0,0,0,0
349723518,1559,1579,1546,1640,1621,1651,0,0,1050,1050,0,0,0,0
349823509,1559,1581,1550,1639,1620,1647,0,0,1050,1050,0,0,0,0
349923470,1559,1580,1553,1640,1622,1646,0,0,1050,1050,0,0,0,0
350023606,1556,1579,1557,1645,1624,1644,0,0,1050,1050,0,0,0,0
350123544,1557,1580,1553,1644,1624,1648,0,0,1050,1050,0,0,0,0
350223513,1559,1584,1553,1642,1619,1647,0,0,1050,1050,0,0,0,0
350323537,1559,1583,1552,1641,1619,1647,0,0,1050,1050,0,0,0,0
350423488,1557,1582,1554,1641,1619,1644,0,0,1050,1050,0,0,0,0
350523544,1558,1586,1560,1640,1615,1639,0,0,1050,1050,0,0,0,0
350623665,1559,1582,1554,1640,1619,1643,0,0,1050,1050,0,0,0,0
350723521,1561,1583,1556,1637,1617,1641,0,0,1050,1050,0,0,0,0
350823487,1559,1584,1555,1639,1617,1642,0,0,1050,1050,0,0,0,0
350923519,1561,1588,1551,1639,1615,1648,0,0,1050,1050,0,0,0,0
351023516,1562,1594,1553,1640,1611,1648,0,0,1050,1050,0,0,0,0
351123723,1562,1599,1554,1644,1609,1650,0,0,1050,1050,0,0,0,0
351223541,1562,1600,1549,1645,1609,1656,0,0,1050,1050,0,0,0,0
351323541,1562,1605,1548,1644,1604,1657,0,0,1050,1050,0,0,0,0
351423459,1557,1601,1543,1646,1605,1658,0,0,1050,1050,0,0,0,0
351523528,1550,1598,1544,1650,1605,1655,0,0,1050,1050,0,0,0,0
351623675,1546,1596,1544,1652,1606,1654,0,0,1050,1050,0,0,0,0
351723492,1539,1595,1546,1656,1605,1650,0,0,1050,1050,0,0,0,0
351823496,1536,1594,1546,1659,1607,1651,0,0,1050,1050,0,0,0,0
351923503,1534,1597,1551,1663,1606,1648,0,0,1050,1050,0,0,0,0
352023497,1532,1598,1549,1664,1604,1650,0,0,1050,1050,0,0,0,0
352123700,1537,1602,1545,1657,1599,1651,0,0,1050,1050,0,0,0,0
352223543,1546,1604,1547,1651,1597,1650,0,0,1050,1050,0,0,0,0
352323546,1552,1600,1548,1645,1601,1649,0,0,1050,1050,0,0,0,0
352423288,1553,1589,1548,1642,1609,1647,0,0,1050,1050,0,0,0,0
352523243,1552,1581,1552,1644,1618,1644,0,0,1050,1050,0,0,0,0
352623508,1552,1580,1561,1648,1623,1640,0,0,1050,1050,0,0,0,0
352723257,1555,1576,1555,1646,1628,1646,0,0,1050,1050,0,0,0,0
352823226,1555,1577,1558,1648,1627,1645,0,0,1050,1050,0,0,0,0
352923230,1555,1581,1556,1649,1625,1648,0,0,1050,1050,0,0,0,0
353023257,1553,1581,1548,1647,1622,1652,0,0,1050,1050,0,0,0,0
353123395,1555,1589,1544,1643,1612,1653,0,0,1050,1050,0,0,0,0
353223320,1553,1591,1540,1646,1611,1656,0,0,1050,1050,0,0,0,0
353323244,1552,1590,1536,1645,1611,1658,0,0,1050,1050,0,0,0,0
353423261,1552,1590,1539,1644,1610,1656,0,0,1050,1050,0,0,0,0
353523200,1546,1585,1542,1649,1615,1653,0,0,1050,1050,0,0,0,0
353623240,1548,1588,1545,1648,1612,1651,0,0,1050,1050,0,0,0,0
353723254,1543,1595,1558,1652,1604,1639,0,0,1050,1050,0,0,0,0
353823181,1545,1594,1557,1648,1603,1638,0,0,1050,1050,0,0,0,0
353923248,1546,1593,1557,1648,1604,1637,0,0,1050,1050,0,0,0,0
354023236,1547,1595,1553,1645,1601,1640,0,0,1050,1050,0,0,0,0
354123330,1543,1602,1556,1650,1595,1639,0,0,1050,1050,0,0,0,0
354223277,1536,1598,1548,1655,1599,1646,0,0,1050,1050,0,0,0,0
354323221,1533,1602,1546,1658,1596,1648,0,0,1050,1050,0,0,0,0
354423236,1531,1603,1541,1659,1594,1650,0,0,1050,1050,0,0,0,0
354523192,1530,1605,1540,1660,1592,1651,0,0,1050,1050,0,0,0,0
354623357,1537,1604,1535,1653,1591,1655,0,0,1050,1050,0,0,0,0
354723292,1544,1606,1536,1649,1591,1655,0,0,1050,1050,0,0,0,0
354823282,1545,1609,1545,1649,1590,1649,0,0,1050,1050,0,0,0,0
354923238,1541,1594,1546,1653,1606,1649,0,0,1050,1050,0,0,0,0
355023235,1532,1585,1557,1659,1612,1638,0,0,1050,1050,0,0,0,0
355123382,1530,1583,1558,1658,1611,1635,0,0,1050,1050,0,0,0,0
355223245,1528,1587,1559,1660,1608,1633,0,0,1050,1050,0,0,0,0
355323242,1525,1589,1558,1663,1607,1636,0,0,1050,1050,0,0,0,0
355423194,1527,1596,1553,1664,1603,1642,0,0,1050,1050,0,0,0,0
355523209,1530,1599,1543,1664,1602,1654,0,0,1050,1050,0,0,0,0
355623275,1532,1600,1532,1662,1602,1662,0,0,1050,1050,0,0,0,0
355723271,1534,1608,1530,1659,1591,1662,0,0,1050,1050,0,0,0,0
355823365,1531,1608,1530,1661,1591,1662,0,0,1050,1050,0,0,0,0
355923290,1531,1608,1528,1661,1591,1663,0,0,1050,1050,0,0,0,0
356023252,1532,1606,1531,1660,1593,1661,0,0,1050,1050,0,0,0,0
356123346,1533,1606,1542,1657,1591,1650,0,0,1050,1050,0,0,0,0
356223273,1539,1599,1544,1652,1597,1648,0,0,1050,1050,0,0,0,0
356323220,1540,1588,1548,1654,1611,1648,0,0,1050,1050,0,0,0,0
356423196,1544,1587,1554,1652,1613,1644,0,0,1050,1050,0,0,0,0
356523242,1547,1586,1558,1651,1616,1641,0,0,1050,1050,0,0,0,0
356623377,1551,1588,1563,1648,1614,1638,0,0,1050,1050,0,0,0,0
356723309,1552,1588,1566,1647,1614,1634,0,0,1050,1050,0,0,0,0
356823312,1560,1585,1557,1638,1615,1641,0,0,1050,1050,0,0,0,0
356923236,1558,1579,1559,1640,1620,1638,0,0,1050,1050,0,0,0,0
357023292,1561,1581,1566,1637,1619,1633,0,0,1050,1050,0,0,0,0
357123449,1558,1581,1573,1640,1620,1628,0,0,1050,1050,0,0,0,0
357223227,1555,1577,1575,1646,1626,1628,0,0,1050,1050,0,0,0,0
357323209,1554,1575,1571,1644,1625,1630,0,0,1050,1050,0,0,0,0
357423231,1560,1582,1567,1639,1619,1633,0,0,1050,1050,0,0,0,0
357523254,1564,1590,1566,1636,1611,1634,0,0,1050,1050,0,0,0,0
357623480,1565,1594,1563,1635,1608,1637,0,0,1050,1050,0,0,0,0
357723306,1564,1590,1556,1638,1614,1645,0,0,1050,1050,0,0,0,0
357823238,1560,1589,1553,1642,1616,1648,0,0,1050,1050,0,0,0,0
357923289,1560,1594,1556,1642,1610,1646,0,0,1050,1050,0,0,0,0
358023233,1557,1597,1554,1643,1606,1646,0,0,1050,1050,0,0,0,0
358123220,1556,1597,1549,1645,1608,1651,0,0,1050,1050,0,0,0,0
358223213,1555,1598,1547,1646,1606,1653,0,0,1050,1050,0,0,0,0
358323259,1552,1599,1547,1649,1605,1653,0,0,1050,1050,0,0,0,0
358423254,1549,1594,1544,1650,1609,1654,0,0,1050,1050,0,0,0,0
358523230,1548,1588,1546,1652,1615,1653,0,0,1050,1050,0,0,0,0
358623338,1545,1586,1556,1656,1619,1646,0,0,1050,1050,0,0,0,0
358723238,1549,1586,1561,1655,1622,1645,0,0,1050,1050,0,0,0,0
358823291,1548,1587,1565,1655,1620,1640,0,0,1050,1050,0,0,0,0
358923333,1554,1589,1564,1648,1616,1639,0,0,1050,1050,0,0,0,0
359023200,1557,1584,1554,1644,1620,1647,0,0,1050,1050,0,0,0,0
359123343,1551,1580,1550,1647,1622,1649,0,0,1050,1050,0,0,0,0
359223251,1548,1584,1548,1650,1618,1650,0,0,1050,1050,0,0,0,0
359323270,1542,1589,1549,1656,1614,1650,0,0,1050,1050,0,0,0,0
359423297,1535,1591,1543,1660,1610,1653,0,0,1050,1050,0,0,0,0
359523344,1528,1598,1539,1663,1600,1654,0,0,1050,1050,0,0,0,0
359623405,1522,1604,1534,1667,1594,1657,0,0,1050,1050,0,0,0,0
359723268,1519,1602,1518,1667,1594,1668,0,0,1050,1050,0,0,0,0
359823265,1523,1611,1515,1667,1587,1674,0,0,1050,1050,0,0,0,0
359923193,1519,1610,1508,1671,1589,1679,0,0,1050,1050,0,0,0,0
360023255,1514,1615,1516,1675,1584,1673,0,0,1050,1050,0,0,0,0
360123262,1520,1621,1521,1673,1582,1673,0,0,1050,1050,0,0,0,0
360223327,1530,1625,1526,1667,1579,1671,0,0,1050,1050,0,0,0,0
360323313,1531,1612,1528,1668,1594,1669,0,0,1050,1050,0,0,0,0
360423342,1536,1606,1541,1664,1601,1660,0,0,1050,1050,0,0,0,0
360523480,1543,1593,1546,1663,1618,1661,0,0,1050,1050,0,0,0,0
360623504,1543,1580,1553,1665,1632,1656,0,0,1050,1050,0,0,0,0
360723545,1545,1572,1560,1660,1637,1648,0,0,1050,1050,0,0,0,0
360823517,1546,1563,1565,1657,1643,1641,0,0,1050,1050,0,0,0,0
360923504,1552,1563,1569,1651,1642,1636,0,0,1050,1050,0,0,0,0
361023544,1559,1572,1577,1647,1635,1630,0,0,1050,1050,0,0,0,0
361123738,1563,1570,1571,1644,1637,1636,0,0,1050,1050,0,0,0,0
361223558,1561,1575,1572,1647,1635,1637,0,0,1050,1050,0,0,0,0
361323311,1556,1577,1567,1651,1633,1642,0,0,1050,1050,0,0,0,0
361423265,1547,1575,1559,1658,1634,1648,0,0,1050,1050,0,0,0,0
361523258,1536,1581,1562,1664,1624,1642,0,0,1050,1050,0,0,0,0
361623452,1527,1586,1564,1667,1616,1636,0,0,1050,1050,0,0,0,0
361723250,1527,1596,1568,1666,1605,1631,0,0,1050,1050,0,0,0,0
361823223,1529,1597,1563,1664,1604,1635,0,0,1050,1050,0,0,0,0
361923260,1535,1593,1548,1660,1609,1650,0,0,1050,1050,0,0,0,0
362023260,1530,1590,1543,1666,1613,1655,0,0,1050,1050,0,0,0,0
362123474,1532,1594,1542,1665,1611,1657,0,0,1050,1050,0,0,0,0
362223307,1536,1597,1539,1664,1610,1661,0,0,1050,1050,0,0,0,0
362323246,1535,1592,1531,1667,1616,1670,0,0,1050,1050,0,0,0,0
362423258,1532,1598,1538,1669,1611,1664,0,0,1050,1050,0,0,0,0
362523253,1524,1603,1549,1676,1606,1655,0,0,1050,1050,0,0,0,0
362623254,1532,1600,1538,1668,1607,1663,0,0,1050,1050,0,0,0,0
362723266,1534,1600,1539,1665,1606,1661,0,0,1050,1050,0,0,0,0
362823294,1529,1597,1543,1669,1609,1657,0,0,1050,1050,0,0,0,0
362923251,1526,1593,1546,1671,1613,1655,0,0,1050,1050,0,0,0,0
363023281,1528,1586,1543,1668,1618,1656,0,0,1050,1050,0,0,0,0
363123452,1527,1584,1549,1670,1621,1652,0,0,1050,1050,0,0,0,0
363223253,1519,1579,1555,1674,1623,1645,0,0,1050,1050,0,0,0,0
363323247,1525,1572,1552,1663,1622,1641,0,0,1050,1050,0,0,0,0
363423301,1528,1565,1558,1657,1625,1631,0,0,1050,1050,0,0,0,0
363523200,1533,1553,1567,1654,1637,1625,0,0,1050,1050,0,0,0,0
363623309,1545,1550,1578,1646,1642,1617,0,0,1050,1050,0,0,0,0
363723248,1542,1542,1586,1652,1652,1612,0,0,1050,1050,0,0,0,0
363823269,1543,1552,1594,1650,1643,1604,0,0,1050,1050,0,0,0,0
363923292,1549,1564,1593,1646,1634,1606,0,0,1050,1050,0,0,0,0
364023276,1547,1575,1591,1651,1626,1611,0,0,1050,1050,0,0,0,0
364123282,1545,1584,1573,1654,1620,1630,0,0,1050,1050,0,0,0,0
364223332,1547,1593,1563,1654,1612,1640,0,0,1050,1050,0,0,0,0
364323263,1533,1599,1546,1668,1609,1658,0,0,1050,1050,0,0,0,0
364423212,1525,1617,1537,1675,1592,1666,0,0,1050,1050,0,0,0,0
364523199,1519,1625,1526,1680,1584,1675,0,0,1050,1050,0,0,0,0
364623337,1511,1631,1529,1689,1581,1676,0,0,1050,1050,0,0,0,0
364723270,1518,1634,1527,1686,1580,1680,0,0,1050,1050,0,0,0,0
364823265,1513,1625,1532,1690,1590,1675,0,0,1050,1050,0,0,0,0
364923283,1523,1623,1535,1681,1591,1672,0,0,1050,1050,0,0,0,0
365023233,1531,1624,1545,1674,1588,1661,0,0,1050,1050,0,0,0,0
365123410,1528,1614,1547,1672,1594,1656,0,0,1050,1050,0,0,0,0
365223284,1528,1607,1545,1668,1597,1654,0,0,1050,1050,0,0,0,0
365323212,1520,1602,1548,1674,1601,1651,0,0,1050,1050,0,0,0,0
365423227,1517,1598,1547,1673,1602,1649,0,0,1050,1050,0,0,0,0
365523188,1514,1590,1539,1669,1602,1649,0,0,1050,1050,0,0,0,0
365623408,1520,1597,1543,1663,1594,1644,0,0,1050,1050,0,0,0,0
365723361,1519,1593,1546,1663,1598,1641,0,0,1050,1050,0,0,0,0
365823269,1524,1588,1545,1658,1602,1641,0,0,1050,1050,0,0,0,0
365923193,1520,1582,1550,1662,1608,1637,0,0,1050,1050,0,0,0,0
366023238,1521,1582,1553,1663,1610,1636,0,0,1050,1050,0,0,0,0
366123344,1521,1587,1559,1667,1609,1635,0,0,1050,1050,0,0,0,0
366223255,1521,1585,1554,1668,1613,1641,0,0,1050,1050,0,0,0,0
366323231,1520,1593,1563,1668,1604,1632,0,0,1050,1050,0,0,0,0
366423275,1527,1594,1554,1665,1606,1643,0,0,1050,1050,0,0,0,0
366523271,1527,1593,1552,1668,1609,1647,0,0,1050,1050,0,0,0,0
366623376,1532,1603,1558,1667,1603,1645,0,0,1050,1050,0,0,0,0
366723300,1528,1600,1558,1673,1610,1648,0,0,1050,1050,0,0,0,0
366823252,1533,1603,1552,1668,1605,1652,0,0,1050,1050,0,0,0,0
366923237,1532,1607,1552,1669,1601,1652,0,0,1050,1050,0,0,0,0
367023255,1526,1599,1553,1675,1611,1653,0,0,1050,1050,0,0,0,0
367123479,1524,1597,1563,1676,1612,1644,0,0,1050,1050,0,0,0,0
367223172,1538,1597,1566,1664,1611,1640,0,0,1050,1050,0,0,0,0
367323290,1548,1589,1570,1656,1619,1637,0,0,1050,1050,0,0,0,0
367423272,1550,1584,1573,1655,1624,1634,0,0,1050,1050,0,0,0,0
367523270,1554,1577,1581,1652,1632,1628,0,0,1050,1050,0,0,0,0
367623355,1562,1577,1588,1646,1633,1623,0,0,1050,1050,0,0,0,0
367723238,1568,1582,1595,1643,1630,1618,0,0,1050,1050,0,0,0,0
367823253,1567,1580,1596,1645,1633,1618,0,0,1050,1050,0,0,0,0
367923261,1569,1575,1582,1640,1634,1628,0,0,1050,1050,0,0,0,0
368023256,1558,1583,1586,1648,1625,1622,0,0,1050,1050,0,0,0,0
368123355,1547,1592,1590,1657,1617,1619,0,0,1050,1050,0,0,0,0
368223291,1539,1589,1575,1662,1618,1631,0,0,1050,1050,0,0,0,0
368323277,1538,1593,1566,1664,1615,1640,0,0,1050,1050,0,0,0,0
368423324,1532,1597,1569,1668,1610,1636,0,0,1050,1050,0,0,0,0
368523301,1531,1605,1568,1668,1602,1637,0,0,1050,1050,0,0,0,0
368623315,1531,1603,1563,1668,1604,1641,0,0,1050,1050,0,0,0,0
368723254,1539,1605,1556,1661,1601,1647,0,0,1050,1050,0,0,0,0
368823274,1537,1602,1551,1661,1601,1649,0,0,1050,1050,0,0,0,0
368923201,1528,1602,1551,1667,1601,1648,0,0,1050,1050,0,0,0,0
369023198,1525,1604,1552,1668,1597,1646,0,0,1050,1050,0,0,0,0
369123434,1522,1606,1554,1672,1597,1646,0,0,1050,1050,0,0,0,0
369223264,1528,1612,1556,1667,1591,1644,0,0,1050,1050,0,0,0,0
369323292,1534,1608,1548,1660,1593,1649,0,0,1050,1050,0,0,0,0
369423311,1527,1609,1560,1665,1591,1638,0,0,1050,1050,0,0,0,0
369523273,1537,1605,1554,1658,1595,1644,0,0,1050,1050,0,0,0,0
369623291,1538,1600,1549,1656,1600,1647,0,0,1050,1050,0,0,0,0
369723281,1540,1604,1555,1658,1600,1645,0,0,1050,1050,0,0,0,0
369823203,1539,1600,1552,1659,1603,1648,0,0,1050,1050,0,0,0,0
369923238,1533,1603,1558,1662,1599,1641,0,0,1050,1050,0,0,0,0
370023276,1539,1603,1556,1659,1600,1645,0,0,1050,1050,0,0,0,0
370123273,1538,1604,1561,1660,1600,1640,0,0,1050,1050,0,0,0,0
370223322,1536,1602,1561,1662,1603,1641,0,0,1050,1050,0,0,0,0
370323297,1537,1601,1558,1663,1605,1645,0,0,1050,1050,0,0,0,0
370423279,1537,1605,1565,1665,1604,1641,0,0,1050,1050,0,0,0,0
370523261,1535,1598,1560,1667,1611,1647,0,0,1050,1050,0,0,0,0
370623400,1536,1599,1556,1668,1612,1651,0,0,1050,1050,0,0,0,0
370723241,1532,1600,1556,1670,1609,1650,0,0,1050,1050,0,0,0,0
370823215,1528,1602,1557,1673,1608,1650,0,0,1050,1050,0,0,0,0
370923243,1532,1604,1547,1668,1603,1656,0,0,1050,1050,0,0,0,0
371023294,1530,1601,1534,1667,1603,1664,0,0,1050,1050,0,0,0,0
371123454,1527,1601,1536,1669,1604,1663,0,0,1050,1050,0,0,0,0
371223339,1525,1593,1536,1669,1609,1661,0,0,1050,1050,0,0,0,0
371323241,1532,1590,1534,1666,1615,1664,0,0,1050,1050,0,0,0,0
371423274,1529,1586,1541,1667,1617,1657,0,0,1050,1050,0,0,0,0
371523290,1522,1585,1553,1671,1617,1645,0,0,1050,1050,0,0,0,0
371623268,1525,1580,1552,1669,1621,1647,0,0,1050,1050,0,0,0,0
371723217,1526,1584,1557,1666,1615,1640,0,0,1050,1050,0,0,0,0
371823243,1524,1586,1566,1666,1612,1631,0,0,1050,1050,0,0,0,0
371923258,1522,1576,1564,1668,1621,1632,0,0,1050,1050,0,0,0,0
372023265,1530,1572,1554,1661,1625,1641,0,0,1050,1050,0,0,0,0
372123428,1536,1575,1545,1655,1620,1647,0,0,1050,1050,0,0,0,0
372223309,1538,1582,1541,1652,1613,1649,0,0,1050,1050,0,0,0,0
372323246,1533,1582,1544,1657,1614,1648,0,0,1050,1050,0,0,0,0
372423253,1531,1586,1551,1658,1608,1640,0,0,1050,1050,0,0,0,0
372523195,1523,1587,1557,1664,1608,1636,0,0,1050,1050,0,0,0,0
372623438,1529,1588,1550,1660,1607,1642,0,0,1050,1050,0,0,0,0
372723274,1526,1587,1551,1664,1610,1644,0,0,1050,1050,0,0,0,0
372823262,1527,1587,1546,1666,1613,1650,0,0,1050,1050,0,0,0,0
372923255,1522,1587,1546,1672,1616,1653,0,0,1050,1050,0,0,0,0
373023301,1522,1587,1539,1673,1617,1660,0,0,1050,1050,0,0,0,0
373123267,1523,1585,1531,1674,1620,1667,0,0,1050,1050,0,0,0,0
373223223,1515,1586,1537,1679,1619,1662,0,0,1050,1050,0,0,0,0
373323272,1510,1591,1549,1684,1616,1654,0,0,1050,1050,0,0,0,0
373423224,1522,1593,1539,1672,1609,1658,0,0,1050,1050,0,0,0,0
373523204,1517,1589,1538,1672,1610,1656,0,0,1050,1050,0,0,0,0
373623492,1509,1592,1551,1680,1609,1646,0,0,1050,1050,0,0,0,0
373723280,1518,1587,1541,1673,1613,1654,0,0,1050,1050,0,0,0,0
373823290,1526,1589,1549,1668,1613,1649,0,0,1050,1050,0,0,0,0
373923284,1533,1578,1554,1666,1627,1649,0,0,1050,1050,0,0,0,0
374023243,1540,1572,1562,1663,1636,1645,0,0,1050,1050,0,0,0,0
374123637,1550,1577,1568,1656,1632,1640,0,0,1050,1050,0,0,0,0
374223537,1552,1578,1574,1653,1631,1635,0,0,1050,1050,0,0,0,0
374323539,1548,1571,1564,1651,1631,1638,0,0,1050,1050,0,0,0,0
374423598,1535,1572,1559,1657,1625,1637,0,0,1050,1050,0,0,0,0
374523529,1525,1580,1558,1665,1617,1637,0,0,1050,1050,0,0,0,0
374623797,1521,1590,1558,1670,1611,1640,0,0,1050,1050,0,0,0,0
374723644,1526,1588,1547,1667,1613,1649,0,0,1050,1050,0,0,0,0
374823555,1530,1597,1552,1664,1604,1646,0,0,1050,1050,0,0,0,0
374923510,1522,1584,1551,1669,1614,1644,0,0,1050,1050,0,0,0,0
375023527,1523,1576,1550,1666,1620,1644,0,0,1050,1050,0,0,0,0
375123262,1533,1579,1551,1658,1618,1643,0,0,1050,1050,0,0,0,0
375223532,1528,1579,1557,1659,1615,1634,0,0,1050,1050,0,0,0,0
375323512,1527,1577,1560,1658,1614,1630,0,0,1050,1050,0,0,0,0
375423580,1524,1576,1561,1659,1614,1628,0,0,1050,1050,0,0,0,0
375523513,1521,1573,1560,1663,1618,1631,0,0,1050,1050,0,0,0,0
375623806,1528,1580,1557,1660,1615,1636,0,0,1050,1050,0,0,0,0
375723610,1537,1585,1550,1653,1610,1642,0,0,1050,1050,0,0,0,0
375823969,1530,1589,1558,1658,1605,1634,0,0,1050,1050,0,0,0,0
375923468,1531,1594,1559,1660,1604,1637,0,0,1050,1050,0,0,0,0
376023618,1529,1590,1556,1665,1612,1643,0,0,1050,1050,0,0,0,0
376123695,1528,1588,1552,1667,1614,1646,0,0,1050,1050,0,0,0,0
376223510,1530,1589,1548,1663,1610,1647,0,0,1050,1050,0,0,0,0
376323499,1524,1587,1552,1668,1612,1644,0,0,1050,1050,0,0,0,0
376423519,1525,1590,1557,1670,1613,1642,0,0,1050,1050,0,0,0,0
376523542,1520,1586,1556,1672,1615,1642,0,0,1050,1050,0,0,0,0
376623692,1525,1588,1550,1668,1612,1647,0,0,1050,1050,0,0,0,0
376723510,1523,1588,1542,1665,1608,1649,0,0,1050,1050,0,0,0,0
376823475,1518,1592,1545,1665,1600,1643,0,0,1050,1050,0,0,0,0
376923517,1519,1587,1533,1660,1600,1649,0,0,1050,1050,0,0,0,0
377023439,1518,1586,1531,1659,1599,1648,0,0,1050,1050,0,0,0,0
377123753,1518,1595,1546,1663,1594,1640,0,0,1050,1050,0,0,0,0
377223558,1517,1594,1547,1665,1597,1640,0,0,1050,1050,0,0,0,0
377323559,1517,1591,1548,1666,1601,1640,0,0,1050,1050,0,0,0,0
377423512,1517,1588,1549,1668,1606,1641,0,0,1050,1050,0,0,0,0
377523529,1522,1591,1551,1664,1602,1640,0,0,1050,1050,0,0,0,0
377623524,1517,1591,1556,1665,1600,1633,0,0,1050,1050,0,0,0,0
377723545,1518,1591,1556,1667,1603,1635,0,0,1050,1050,0,0,0,0
377823589,1516,1598,1554,1671,1600,1640,0,0,1050,1050,0,0,0,0
377923511,1511,1603,1557,1676,1595,1638,0,0,1050,1050,0,0,0,0
378023471,1500,1601,1552,1684,1597,1643,0,0,1050,1050,0,0,0,0
378123732,1503,1599,1544,1685,1602,1653,0,0,1050,1050,0,0,0,0
378223512,1503,1601,1545,1687,1603,1653,0,0,1050,1050,0,0,0,0
378323532,1508,1598,1540,1683,1605,1658,0,0,1050,1050,0,0,0,0
378423527,1510,1600,1539,1681,1603,1658,0,0,1050,1050,0,0,0,0
378523546,1509,1602,1536,1680,1598,1658,0,0,1050,1050,0,0,0,0
378623684,1509,1605,1529,1678,1593,1662,0,0,1050,1050,0,0,0,0
378723549,1503,1607,1526,1681,1589,1662,0,0,1050,1050,0,0,0,0
378823520,1496,1608,1535,1685,1587,1655,0,0,1050,1050,0,0,0,0
378923517,1500,1608,1535,1682,1588,1656,0,0,1050,1050,0,0,0,0
379023521,1505,1605,1535,1679,1591,1655,0,0,1050,1050,0,0,0,0
379123681,1518,1601,1530,1670,1596,1660,0,0,1050,1050,0,0,0,0
379223494,1520,1602,1539,1666,1594,1651,0,0,1050,1050,0,0,0,0
379323546,1525,1600,1544,1658,1590,1642,0,0,1050,1050,0,0,0,0
379423494,1531,1593,1547,1653,1597,1639,0,0,1050,1050,0,0,0,0
379523466,1536,1582,1547,1650,1609,1640,0,0,1050,1050,0,0,0,0
379623597,1538,1576,1550,1648,1614,1638,0,0,1050,1050,0,0,0,0
379723537,1541,1568,1556,1646,1623,1633,0,0,1050,1050,0,0,0,0
379823476,1548,1559,1564,1644,1635,1630,0,0,1050,1050,0,0,0,0
379923539,1561,1558,1572,1638,1640,1628,0,0,1050,1050,0,0,0,0
380023550,1554,1562,1591,1647,1640,1613,0,0,1050,1050,0,0,0,0
380123470,1551,1561,1599,1652,1643,1607,0,0,1050,1050,0,0,0,0
380223547,1548,1555,1598,1655,1649,1609,0,0,1050,1050,0,0,0,0
380323511,1552,1561,1597,1651,1642,1609,0,0,1050,1050,0,0,0,0
380423493,1553,1558,1589,1646,1642,1614,0,0,1050,1050,0,0,0,0
380523547,1549,1558,1583,1646,1638,1615,0,0,1050,1050,0,0,0,0
380623698,1547,1566,1574,1646,1628,1621,0,0,1050,1050,0,0,0,0
380723518,1537,1566,1560,1652,1628,1633,0,0,1050,1050,0,0,0,0
380823534,1528,1575,1552,1664,1624,1643,0,0,1050,1050,0,0,0,0
380923517,1529,1590,1541,1666,1613,1656,0,0,1050,1050,0,0,0,0
381023516,1525,1599,1542,1670,1603,1656,0,0,1050,1050,0,0,0,0
381123647,1525,1610,1532,1668,1591,1663,0,0,1050,1050,0,0,0,0
381223526,1520,1605,1529,1673,1598,1667,0,0,1050,1050,0,0,0,0
381323441,1517,1606,1546,1680,1601,1656,0,0,1050,1050,0,0,0,0
381423523,1522,1603,1556,1680,1609,1652,0,0,1050,1050,0,0,0,0
381523536,1535,1603,1560,1670,1610,1650,0,0,1050,1050,0,0,0,0
381623691,1534,1598,1566,1668,1611,1641,0,0,1050,1050,0,0,0,0
381723551,1531,1598,1576,1668,1609,1630,0,0,1050,1050,0,0,0,0
381823546,1530,1587,1572,1669,1620,1634,0,0,1050,1050,0,0,0,0
381923518,1535,1578,1563,1667,1629,1643,0,0,1050,1050,0,0,0,0
382023564,1529,1574,1562,1670,1632,1643,0,0,1050,1050,0,0,0,0
382123462,1523,1575,1566,1673,1629,1636,0,0,1050,1050,0,0,0,0
382223449,1523,1567,1553,1669,1632,1643,0,0,1050,1050,0,0,0,0
382323580,1523,1568,1553,1668,1630,1643,0,0,1050,1050,0,0,0,0
382423499,1519,1578,1563,1672,1622,1635,0,0,1050,1050,0,0,0,0
382523482,1522,1585,1563,1669,1614,1634,0,0,1050,1050,0,0,0,0
382623686,1529,1590,1556,1664,1609,1641,0,0,1050,1050,0,0,0,0
382723621,1532,1593,1555,1664,1610,1644,0,0,1050,1050,0,0,0,0
382823483,1525,1595,1563,1669,1608,1638,0,0,1050,1050,0,0,0,0
382923528,1518,1590,1564,1675,1612,1636,0,0,1050,1050,0,0,0,0
383023500,1525,1588,1558,1669,1615,1642,0,0,1050,1050,0,0,0,0
383123609,1520,1595,1572,1674,1608,1630,0,0,1050,1050,0,0,0,0
383223565,1526,1593,1566,1669,1610,1635,0,0,1050,1050,0,0,0,0
383323536,1525,1589,1561,1670,1614,1640,0,0,1050,1050,0,0,0,0
383423500,1526,1587,1559,1671,1617,1643,0,0,1050,1050,0,0,0,0
383523518,1525,1586,1560,1674,1620,1644,0,0,1050,1050,0,0,0,0
383623537,1531,1590,1559,1670,1618,1646,0,0,1050,1050,0,0,0,0
383723507,1531,1590,1559,1670,1619,1648,0,0,1050,1050,0,0,0,0
383823498,1526,1587,1565,1674,1621,1641,0,0,1050,1050,0,0,0,0
383923528,1522,1582,1571,1676,1625,1635,0,0,1050,1050,0,0,0,0
384023475,1523,1570,1567,1671,1632,1635,0,0,1050,1050,0,0,0,0
384123547,1526,1563,1566,1667,1635,1633,0,0,1050,1050,0,0,0,0
384223543,1528,1562,1566,1663,1635,1631,0,0,1050,1050,0,0,0,0
384323465,1536,1563,1566,1656,1632,1630,0,0,1050,1050,0,0,0,0
384423473,1529,1564,1575,1659,1630,1619,0,0,1050,1050,0,0,0,0
384523505,1522,1561,1577,1662,1629,1614,0,0,1050,1050,0,0,0,0
384623527,1524,1559,1568,1660,1631,1622,0,0,1050,1050,0,0,0,0
384723566,1519,1564,1565,1662,1625,1623,0,0,1050,1050,0,0,0,0
384823505,1517,1571,1563,1664,1618,1625,0,0,1050,1050,0,0,0,0
384923498,1521,1579,1559,1662,1611,1631,0,0,1050,1050,0,0,0,0
385023484,1521,1584,1558,1663,1609,1633,0,0,1050,1050,0,0,0,0
385123647,1517,1583,1558,1667,1611,1633,0,0,1050,1050,0,0,0,0
385223540,1519,1583,1554,1666,1610,1636,0,0,1050,1050,0,0,0,0
385323492,1517,1584,1555,1667,1609,1636,0,0,1050,1050,0,0,0,0
385423502,1509,1585,1560,1673,1608,1631,0,0,1050,1050,0,0,0,0
385523505,1507,1582,1554,1674,1611,1635,0,0,1050,1050,0,0,0,0
385623626,1508,1585,1557,1676,1609,1635,0,0,1050,1050,0,0,0,0
385723523,1510,1591,1562,1676,1606,1633,0,0,1050,1050,0,0,0,0
385823444,1509,1580,1556,1676,1617,1638,0,0,1050,1050,0,0,0,0
385923516,1526,1581,1549,1668,1620,1649,0,0,1050,1050,0,0,0,0
386023486,1535,1585,1549,1663,1619,1651,0,0,1050,1050,0,0,0,0
386123553,1525,1588,1558,1671,1617,1644,0,0,1050,1050,0,0,0,0
386223551,1523,1597,1561,1677,1612,1645,0,0,1050,1050,0,0,0,0
386323525,1517,1592,1557,1681,1616,1648,0,0,1050,1050,0,0,0,0
386423469,1508,1590,1559,1685,1616,1644,0,0,1050,1050,0,0,0,0
386523508,1511,1580,1549,1678,1620,1648,0,0,1050,1050,0,0,0,0
386623622,1516,1584,1552,1673,1615,1643,0,0,1050,1050,0,0,0,0
386723458,1519,1589,1558,1672,1611,1639,0,0,1050,1050,0,0,0,0
386823484,1529,1587,1553,1665,1615,1645,0,0,1050,1050,0,0,0,0
386923486,1526,1582,1558,1670,1620,1643,0,0,1050,1050,0,0,0,0
387023506,1527,1588,1570,1671,1619,1635,0,0,1050,1050,0,0,0,0
387123738,1529,1588,1572,1671,1620,1634,0,0,1050,1050,0,0,0,0
387223534,1534,1585,1570,1668,1623,1636,0,0,1050,1050,0,0,0,0
387323506,1528,1588,1582,1673,1621,1627,0,0,1050,1050,0,0,0,0
387423607,1525,1580,1578,1677,1630,1631,0,0,1050,1050,0,0,0,0
387523488,1528,1578,1569,1673,1630,1639,0,0,1050,1050,0,0,0,0
387623623,1530,1581,1570,1671,1628,1638,0,0,1050,1050,0,0,0,0
387723562,1528,1582,1573,1672,1626,1634,0,0,1050,1050,0,0,0,0
387823500,1523,1577,1567,1671,1625,1634,0,0,1050,1050,0,0,0,0
387923436,1515,1578,1566,1672,1619,1629,0,0,1050,1050,0,0,0,0
388023496,1507,1575,1565,1674,1616,1626,0,0,1050,1050,0,0,0,0
388123914,1517,1581,1558,1668,1612,1634,0,0,1050,1050,0,0,0,0
388223543,1527,1590,1555,1662,1606,1639,0,0,1050,1050,0,0,0,0
388323564,1526,1593,1559,1665,1606,1638,0,0,1050,1050,0,0,0,0
388423476,1525,1587,1555,1667,1613,1643,0,0,1050,1050,0,0,0,0
388523483,1522,1577,1550,1672,1625,1648,0,0,1050,1050,0,0,0,0
388623563,1519,1576,1556,1674,1626,1643,0,0,1050,1050,0,0,0,0
388723501,1525,1577,1556,1669,1624,1643,0,0,1050,1050,0,0,0,0
388823515,1526,1571,1550,1665,1626,1645,0,0,1050,1050,0,0,0,0
388923466,1528,1574,1552,1663,1623,1643,0,0,1050,1050,0,0,0,0
389023512,1521,1576,1560,1668,1621,1636,0,0,1050,1050,0,0,0,0
389123623,1516,1576,1561,1670,1619,1633,0,0,1050,1050,0,0,0,0
389223517,1510,1575,1558,1674,1618,1634,0,0,1050,1050,0,0,0,0
389323504,1512,1581,1552,1673,1614,1640,0,0,1050,1050,0,0,0,0
389423498,1512,1586,1556,1675,1611,1638,0,0,1050,1050,0,0,0,0
389523492,1525,1593,1552,1672,1612,1650,0,0,1050,1050,0,0,0,0
389623523,1524,1592,1550,1676,1617,1655,0,0,1050,1050,0,0,0,0
389723526,1512,1589,1556,1682,1616,1646,0,0,1050,1050,0,0,0,0
389823548,1504,1582,1555,1687,1622,1646,0,0,1050,1050,0,0,0,0
389923491,1497,1578,1551,1692,1626,1650,0,0,1050,1050,0,0,0,0
390023521,1506,1588,1553,1682,1613,1644,0,0,1050,1050,0,0,0,0
390123636,1513,1588,1551,1674,1609,1643,0,0,1050,1050,0,0,0,0
390223512,1516,1591,1558,1676,1611,1641,0,0,1050,1050,0,0,0,0
390323498,1519,1593,1558,1674,1609,1641,0,0,1050,1050,0,0,0,0
390423578,1524,1594,1548,1672,1611,1652,0,0,1050,1050,0,0,0,0
390523505,1517,1595,1555,1680,1612,1649,0,0,1050,1050,0,0,0,0
390623620,1522,1594,1545,1678,1615,1659,0,0,1050,1050,0,0,0,0
390723532,1525,1600,1542,1676,1610,1663,0,0,1050,1050,0,0,0,0
390823512,1523,1604,1542,1677,1606,1662,0,0,1050,1050,0,0,0,0
390923505,1516,1599,1540,1683,1612,1664,0,0,1050,1050,0,0,0,0
391023518,1512,1597,1544,1686,1612,1660,0,0,1050,1050,0,0,0,0
391123666,1506,1595,1547,1689,1613,1656,0,0,1050,1050,0,0,0,0
391223456,1510,1595,1543,1685,1612,1659,0,0,1050,1050,0,0,0,0
391323256,1518,1601,1552,1679,1606,1651,0,0,1050,1050,0,0,0,0
391423210,1534,1600,1549,1668,1610,1656,0,0,1050,1050,0,0,0,0
391523239,1536,1597,1552,1669,1615,1655,0,0,1050,1050,0,0,0,0
391623380,1536,1595,1557,1669,1617,1652,0,0,1050,1050,0,0,0,0
391723278,1535,1597,1564,1672,1618,1648,0,0,1050,1050,0,0,0,0
391823331,1532,1597,1569,1674,1617,1643,0,0,1050,1050,0,0,0,0
391923287,1536,1594,1555,1668,1617,1652,0,0,1050,1050,0,0,0,0
392023275,1531,1594,1550,1669,1613,1653,0,0,1050,1050,0,0,0,0
392123387,1527,1600,1556,1674,1609,1649,0,0,1050,1050,0,0,0,0
392223279,1526,1604,1556,1674,1605,1649,0,0,1050,1050,0,0,0,0
392323226,1530,1600,1549,1672,1610,1657,0,0,1050,1050,0,0,0,0
392423225,1528,1597,1557,1674,1613,1650,0,0,1050,1050,0,0,0,0
392523252,1533,1593,1558,1669,1616,1648,0,0,1050,1050,0,0,0,0
392623363,1533,1591,1562,1668,1617,1644,0,0,1050,1050,0,0,0,0
392723303,1532,1585,1565,1669,1623,1641,0,0,1050,1050,0,0,0,0
392823302,1537,1585,1566,1665,1623,1641,0,0,1050,1050,0,0,0,0
392923271,1541,1586,1569,1663,1623,1639,0,0,1050,1050,0,0,0,0
393023279,1533,1584,1572,1667,1623,1634,0,0,1050,1050,0,0,0,0
393123338,1531,1585,1566,1667,1619,1637,0,0,1050,1050,0,0,0,0
393223220,1533,1587,1559,1665,1617,1643,0,0,1050,1050,0,0,0,0
393323230,1529,1588,1552,1669,1618,1650,0,0,1050,1050,0,0,0,0
393423229,1525,1591,1550,1671,1613,1650,0,0,1050,1050,0,0,0,0
393523217,1518,1592,1551,1675,1611,1649,0,0,1050,1050,0,0,0,0
393623480,1520,1589,1543,1673,1614,1655,0,0,1050,1050,0,0,0,0
393723281,1514,1591,1553,1679,1613,1648,0,0,1050,1050,0,0,0,0
393823289,1510,1594,1557,1684,1613,1646,0,0,1050,1050,0,0,0,0
393923257,1515,1598,1552,1681,1608,1650,0,0,1050,1050,0,0,0,0
394023260,1514,1603,1560,1682,1605,1645,0,0,1050,1050,0,0,0,0
394123376,1520,1603,1556,1678,1605,1648,0,0,1050,1050,0,0,0,0
394223259,1527,1605,1552,1671,1601,1651,0,0,1050,1050,0,0,0,0
394323196,1527,1606,1552,1671,1600,1650,0,0,1050,1050,0,0,0,0
394423254,1527,1608,1551,1669,1597,1650,0,0,1050,1050,0,0,0,0
394523244,1529,1602,1539,1668,1602,1660,0,0,1050,1050,0,0,0,0
394623341,1520,1606,1547,1675,1600,1654,0,0,1050,1050,0,0,0,0
394723296,1516,1603,1540,1679,1602,1660,0,0,1050,1050,0,0,0,0
394823260,1512,1607,1538,1683,1600,1662,0,0,1050,1050,0,0,0,0
394923225,1502,1609,1543,1693,1600,1661,0,0,1050,1050,0,0,0,0
395023199,1503,1609,1536,1694,1602,1669,0,0,1050,1050,0,0,0,0
395123246,1514,1619,1536,1685,1591,1668,0,0,1050,1050,0,0,0,0
395223209,1534,1613,1517,1666,1595,1680,0,0,1050,1050,0,0,0,0
395323266,1527,1608,1528,1671,1599,1671,0,0,1050,1050,0,0,0,0
395423251,1526,1610,1534,1673,1598,1667,0,0,1050,1050,0,0,0,0
395523264,1531,1612,1530,1669,1595,1670,0,0,1050,1050,0,0,0,0
395623399,1528,1606,1534,1670,1599,1664,0,0,1050,1050,0,0,0,0
395723324,1524,1602,1540,1670,1601,1658,0,0,1050,1050,0,0,0,0
395823287,1525,1600,1547,1666,1599,1648,0,0,1050,1050,0,0,0,0
395923525,1531,1601,1558,1660,1597,1637,0,0,1050,1050,0,0,0,0
396023533,1533,1601,1567,1658,1596,1629,0,0,1050,1050,0,0,0,0
396123645,1533,1592,1565,1657,1604,1630,0,0,1050,1050,0,0,0,0
396223552,1537,1589,1565,1653,1607,1629,0,0,1050,1050,0,0,0,0
396323560,1535,1585,1565,1656,1612,1630,0,0,1050,1050,0,0,0,0
396423593,1530,1581,1563,1661,1617,1633,0,0,1050,1050,0,0,0,0
396523474,1536,1588,1561,1660,1613,1638,0,0,1050,1050,0,0,0,0
396623542,1535,1594,1565,1664,1612,1639,0,0,1050,1050,0,0,0,0
396723612,1532,1592,1561,1667,1614,1642,0,0,1050,1050,0,0,0,0
396823449,1534,1595,1559,1667,1613,1646,0,0,1050,1050,0,0,0,0
396923461,1524,1596,1561,1676,1613,1645,0,0,1050,1050,0,0,0,0
397023504,1521,1596,1558,1679,1614,1649,0,0,1050,1050,0,0,0,0
397123543,1522,1595,1546,1675,1611,1655,0,0,1050,1050,0,0,0,0
397223488,1523,1596,1545,1675,1612,1657,0,0,1050,1050,0,0,0,0
397323560,1525,1599,1554,1678,1613,1654,0,0,1050,1050,0,0,0,0
397423440,1535,1601,1553,1669,1609,1654,0,0,1050,1050,0,0,0,0
397523483,1542,1606,1551,1662,1605,1655,0,0,1050,1050,0,0,0,0
397623667,1540,1603,1547,1664,1608,1658,0,0,1050,1050,0,0,0,0
397723537,1536,1606,1554,1668,1605,1653,0,0,1050,1050,0,0,0,0
397823544,1540,1602,1547,1666,1610,1659,0,0,1050,1050,0,0,0,0
397923480,1542,1603,1552,1664,1609,1656,0,0,1050,1050,0,0,0,0
398023532,1538,1597,1555,1668,1616,1654,0,0,1050,1050,0,0,0,0
398123527,1527,1582,1546,1672,1624,1656,0,0,1050,1050,0,0,0,0
398223574,1531,1585,1543,1667,1620,1658,0,0,1050,1050,0,0,0,0
398323508,1528,1587,1544,1667,1615,1653,0,0,1050,1050,0,0,0,0
398423517,1522,1579,1543,1668,1619,1651,0,0,1050,1050,0,0,0,0
398523497,1527,1581,1548,1664,1617,1647,0,0,1050,1050,0,0,0,0
398623641,1538,1588,1550,1653,1609,1643,0,0,1050,1050,0,0,0,0
398723549,1544,1592,1558,1650,1606,1638,0,0,1050,1050,0,0,0,0
398823552,1548,1588,1562,1649,1612,1636,0,0,1050,1050,0,0,0,0
398923570,1546,1587,1567,1651,1614,1633,0,0,1050,1050,0,0,0,0
399023510,1548,1582,1562,1648,1618,1637,0,0,1050,1050,0,0,0,0
399123682,1545,1579,1560,1650,1620,1637,0,0,1050,1050,0,0,0,0
399223516,1544,1582,1559,1655,1621,1642,0,0,1050,1050,0,0,0,0
399323511,1536,1577,1547,1659,1623,1650,0,0,1050,1050,0,0,0,0
399423512,1528,1591,1552,1667,1612,1647,0,0,1050,1050,0,0,0,0
399523500,1522,1595,1551,1673,1609,1648,0,0,1050,1050,0,0,0,0
399623585,1517,1589,1542,1676,1613,1655,0,0,1050,1050,0,0,0,0
399723528,1519,1598,1544,1675,1606,1655,0,0,1050,1050,0,0,0,0
399823511,1529,1605,1543,1669,1601,1658,0,0,1050,1050,0,0,0,0
399923489,1525,1603,1544,1673,1604,1657,0,0,1050,1050,0,0,0,0
400023532,1523,1593,1541,1676,1615,1661,0,0,1050,1050,0,0,0,0
400123582,1517,1588,1544,1680,1619,1658,0,0,1050,1050,0,0,0,0
400223531,1513,1584,1550,1680,1619,1650,0,0,1050,1050,0,0,0,0
400323546,1517,1585,1549,1675,1617,1649,0,0,1050,1050,0,0,0,0
400423543,1520,1585,1545,1672,1616,1651,0,0,1050,1050,0,0,0,0
400523505,1515,1586,1551,1673,1613,1644,0,0,1050,1050,0,0,0,0
400623570,1516,1585,1552,1671,1612,1642,0,0,1050,1050,0,0,0,0
400723576,1521,1585,1557,1669,1613,1639,0,0,1050,1050,0,0,0,0
400823543,1523,1584,1558,1667,1614,1637,0,0,1050,1050,0,0,0,0
400923634,1518,1580,1560,1670,1617,1635,0,0,1050,1050,0,0,0,0
401023520,1521,1577,1554,1667,1619,1640,0,0,1050,1050,0,0,0,0
401123460,1527,1584,1557,1665,1616,1640,0,0,1050,1050,0,0,0,0
401223506,1522,1585,1565,1670,1615,1634,0,0,1050,1050,0,0,0,0
401323478,1522,1584,1563,1672,1618,1637,0,0,1050,1050,0,0,0,0
401423515,1523,1578,1551,1668,1621,1644,0,0,1050,1050,0,0,0,0
401523520,1521,1581,1551,1667,1615,1642,0,0,1050,1050,0,0,0,0
401623544,1516,1578,1550,1670,1616,1641,0,0,1050,1050,0,0,0,0
401723516,1518,1583,1548,1665,1608,1640,0,0,1050,1050,0,0,0,0
401823534,1522,1587,1546,1664,1606,1644,0,0,1050,1050,0,0,0,0
401923484,1523,1592,1551,1667,1607,1644,0,0,1050,1050,0,0,0,0
402023529,1530,1593,1550,1664,1608,1648,0,0,1050,1050,0,0,0,0
402123653,1527,1582,1549,1668,1621,1650,0,0,1050,1050,0,0,0,0
402223598,1532,1583,1553,1666,1622,1648,0,0,1050,1050,0,0,0,0
402323543,1524,1575,1564,1673,1630,1640,0,0,1050,1050,0,0,0,0
402423502,1524,1568,1565,1672,1634,1637,0,0,1050,1050,0,0,0,0
402523474,1521,1562,1563,1672,1637,1637,0,0,1050,1050,0,0,0,0
402623539,1525,1569,1567,1669,1631,1633,0,0,1050,1050,0,0,0,0
402723601,1529,1579,1571,1668,1624,1631,0,0,1050,1050,0,0,0,0
402823509,1531,1582,1570,1667,1622,1633,0,0,1050,1050,0,0,0,0
402923448,1538,1582,1564,1665,1626,1643,0,0,1050,1050,0,0,0,0
403023594,1540,1588,1567,1664,1622,1641,0,0,1050,1050,0,0,0,0
403123565,1530,1582,1568,1672,1628,1641,0,0,1050,1050,0,0,0,0
403223518,1530,1574,1561,1672,1635,1646,0,0,1050,1050,0,0,0,0
403323527,1530,1577,1564,1672,1632,1643,0,0,1050,1050,0,0,0,0
403423572,1524,1583,1572,1675,1624,1634,0,0,1050,1050,0,0,0,0
403523528,1530,1588,1567,1665,1614,1634,0,0,1050,1050,0,0,0,0
403623637,1529,1581,1559,1664,1620,1639,0,0,1050,1050,0,0,0,0
403723490,1523,1575,1567,1668,1623,1631,0,0,1050,1050,0,0,0,0
403823506,1526,1580,1577,1668,1621,1623,0,0,1050,1050,0,0,0,0
403923522,1527,1576,1574,1665,1623,1625,0,0,1050,1050,0,0,0,0
404023537,1535,1579,1567,1658,1620,1631,0,0,1050,1050,0,0,0,0
404123694,1530,1582,1573,1663,1618,1626,0,0,1050,1050,0,0,0,0
404223511,1527,1581,1571,1665,1618,1628,0,0,1050,1050,0,0,0,0
404323601,1527,1584,1565,1667,1616,1634,0,0,1050,1050,0,0,0,0
404423477,1521,1582,1558,1671,1618,1640,0,0,1050,1050,0,0,0,0
404523545,1515,1585,1558,1674,1614,1638,0,0,1050,1050,0,0,0,0
404623562,1511,1587,1555,1676,1611,1640,0,0,1050,1050,0,0,0,0
404723471,1511,1587,1550,1677,1612,1645,0,0,1050,1050,0,0,0,0
404823564,1509,1586,1550,1679,1614,1647,0,0,1050,1050,0,0,0,0
404923566,1509,1593,1557,1679,1606,1639,0,0,1050,1050,0,0,0,0
405023526,1507,1590,1553,1679,1607,1642,0,0,1050,1050,0,0,0,0
405123769,1502,1582,1547,1681,1613,1645,0,0,1050,1050,0,0,0,0
405223636,1508,1585,1547,1676,1611,1645,0,0,1050,1050,0,0,0,0
405323473,1517,1586,1548,1669,1610,1644,0,0,1050,1050,0,0,0,0
405423494,1518,1580,1549,1665,1612,1640,0,0,1050,1050,0,0,0,0
405523489,1520,1573,1549,1661,1615,1637,0,0,1050,1050,0,0,0,0
405623516,1523,1571,1554,1662,1620,1635,0,0,1050,1050,0,0,0,0
405723525,1524,1571,1558,1663,1622,1634,0,0,1050,1050,0,0,0,0
405823500,1527,1573,1563,1661,1621,1631,0,0,1050,1050,0,0,0,0
405923487,1521,1578,1575,1666,1617,1620,0,0,1050,1050,0,0,0,0
406023431,1523,1581,1579,1667,1616,1618,0,0,1050,1050,0,0,0,0
406123777,1524,1575,1568,1662,1619,1625,0,0,1050,1050,0,0,0,0
406223516,1517,1574,1569,1667,1618,1623,0,0,1050,1050,0,0,0,0
406323475,1502,1566,1563,1676,1624,1626,0,0,1050,1050,0,0,0,0
406423466,1511,1566,1555,1671,1625,1635,0,0,1050,1050,0,0,0,0
406523472,1517,1566,1552,1670,1629,1641,0,0,1050,1050,0,0,0,0
406623586,1519,1570,1553,1671,1629,1643,0,0,1050,1050,0,0,0,0
406723553,1517,1566,1546,1673,1633,1650,0,0,1050,1050,0,0,0,0
406823498,1524,1575,1546,1673,1629,1654,0,0,1050,1050,0,0,0,0
406923397,1520,1580,1551,1677,1626,1652,0,0,1050,1050,0,0,0,0
407023540,1521,1581,1556,1676,1625,1647,0,0,1050,1050,0,0,0,0
407123696,1523,1579,1560,1672,1625,1642,0,0,1050,1050,0,0,0,0
407223614,1521,1573,1562,1672,1628,1638,0,0,1050,1050,0,0,0,0
407323528,1517,1566,1560,1674,1633,1639,0,0,1050,1050,0,0,0,0
407423497,1515,1562,1553,1673,1634,1642,0,0,1050,1050,0,0,0,0
407523479,1513,1573,1559,1675,1624,1637,0,0,1050,1050,0,0,0,0
407623527,1517,1584,1565,1675,1618,1635,0,0,1050,1050,0,0,0,0
407723516,1525,1587,1562,1668,1614,1636,0,0,1050,1050,0,0,0,0
407823514,1524,1586,1569,1668,1614,1631,0,0,1050,1050,0,0,0,0
407923537,1525,1579,1568,1666,1619,1630,0,0,1050,1050,0,0,0,0
408023489,1524,1582,1571,1669,1618,1629,0,0,1050,1050,0,0,0,0
408123690,1529,1581,1561,1667,1623,1640,0,0,1050,1050,0,0,0,0
408223551,1530,1576,1560,1668,1629,1643,0,0,1050,1050,0,0,0,0
408323561,1532,1576,1559,1669,1630,1646,0,0,1050,1050,0,0,0,0
408423573,1530,1574,1555,1670,1633,1650,0,0,1050,1050,0,0,0,0
408523522,1523,1572,1557,1675,1633,1647,0,0,1050,1050,0,0,0,0
408623580,1522,1575,1560,1676,1631,1644,0,0,1050,1050,0,0,0,0
408723528,1531,1581,1556,1670,1626,1649,0,0,1050,1050,0,0,0,0
408823525,1532,1583,1556,1669,1625,1649,0,0,1050,1050,0,0,0,0
408923527,1527,1585,1567,1672,1622,1639,0,0,1050,1050,0,0,0,0
409023566,1530,1583,1569,1669,1623,1635,0,0,1050,1050,0,0,0,0
409123570,1511,1557,1568,1683,1646,1636,0,0,1050,1050,0,0,0,0
409223560,1562,1606,1575,1645,1604,1633,0,0,1050,1050,0,0,0,0
409323560,1528,1576,1578,1669,1628,1627,0,0,1050,1050,0,0,0,0
409423558,1534,1574,1568,1664,1630,1635,0,0,1050,1050,0,0,0,0
409523554,1530,1576,1570,1670,1631,1636,0,0,1050,1050,0,0,0,0
409623704,1531,1580,1567,1671,1629,1641,0,0,1050,1050,0,0,0,0
409723542,1533,1582,1568,1669,1627,1640,0,0,1050,1050,0,0,0,0
409823601,1542,1584,1565,1660,1623,1641,0,0,1050,1050,0,0,0,0
409923572,1544,1582,1568,1660,1626,1639,0,0,1050,1050,0,0,0,0
410023501,1532,1578,1579,1669,1629,1629,0,0,1050,1050,0,0,0,0
410123544,1522,1579,1591,1676,1627,1616,0,0,1050,1050,0,0,0,0
410223270,1532,1579,1581,1666,1625,1623,0,0,1050,1050,0,0,0,0
410323287,1526,1582,1588,1670,1622,1616,0,0,1050,1050,0,0,0,0
410423247,1523,1579,1588,1672,1624,1616,0,0,1050,1050,0,0,0,0
410523241,1535,1570,1569,1663,1633,1634,0,0,1050,1050,0,0,0,0
410623410,1543,1583,1571,1660,1624,1636,0,0,1050,1050,0,0,0,0
410723297,1541,1587,1572,1664,1623,1637,0,0,1050,1050,0,0,0,0
410823279,1531,1586,1576,1673,1626,1634,0,0,1050,1050,0,0,0,0
410923250,1529,1583,1576,1676,1629,1636,0,0,1050,1050,0,0,0,0
411023241,1525,1584,1580,1676,1626,1630,0,0,1050,1050,0,0,0,0
411123268,1524,1586,1584,1674,1621,1623,0,0,1050,1050,0,0,0,0
411223204,1522,1580,1584,1673,1623,1619,0,0,1050,1050,0,0,0,0
411323211,1525,1574,1572,1666,1625,1626,0,0,1050,1050,0,0,0,0
411423289,1528,1577,1568,1663,1621,1630,0,0,1050,1050,0,0,0,0
411523285,1532,1585,1570,1661,1614,1629,0,0,1050,1050,0,0,0,0
411623447,1525,1588,1575,1668,1613,1625,0,0,1050,1050,0,0,0,0
411723341,1516,1584,1573,1674,1616,1626,0,0,1050,1050,0,0,0,0
411823248,1511,1582,1568,1680,1620,1632,0,0,1050,1050,0,0,0,0
411923259,1515,1587,1566,1677,1616,1636,0,0,1050,1050,0,0,0,0
412023245,1527,1594,1561,1670,1612,1642,0,0,1050,1050,0,0,0,0
412123327,1521,1594,1560,1677,1612,1644,0,0,1050,1050,0,0,0,0
412223214,1510,1601,1569,1687,1608,1638,0,0,1050,1050,0,0,0,0
412323248,1507,1597,1559,1689,1613,1647,0,0,1050,1050,0,0,0,0
412423272,1501,1595,1565,1694,1615,1643,0,0,1050,1050,0,0,0,0
412523311,1511,1598,1560,1686,1611,1646,0,0,1050,1050,0,0,0,0
412623301,1504,1597,1571,1688,1609,1634,0,0,1050,1050,0,0,0,0
412723270,1504,1588,1569,1686,1615,1632,0,0,1050,1050,0,0,0,0
412823258,1503,1578,1571,1683,1620,1626,0,0,1050,1050,0,0,0,0
412923243,1517,1582,1569,1673,1617,1630,0,0,1050,1050,0,0,0,0
413023251,1519,1584,1568,1672,1616,1631,0,0,1050,1050,0,0,0,0
413123366,1516,1590,1574,1676,1612,1627,0,0,1050,1050,0,0,0,0
413223254,1518,1590,1567,1676,1613,1635,0,0,1050,1050,0,0,0,0
413323294,1514,1588,1565,1681,1617,1639,0,0,1050,1050,0,0,0,0
413423342,1509,1575,1552,1683,1629,1649,0,0,1050,1050,0,0,0,0
413523336,1507,1581,1560,1685,1622,1642,0,0,1050,1050,0,0,0,0
413623258,1493,1586,1580,1697,1621,1626,0,0,1050,1050,0,0,0,0
413723241,1508,1587,1579,1684,1617,1624,0,0,1050,1050,0,0,0,0
413823206,1515,1587,1588,1677,1615,1614,0,0,1050,1050,0,0,0,0
413923277,1522,1567,1580,1672,1634,1622,0,0,1050,1050,0,0,0,0
414023318,1536,1560,1572,1661,1641,1630,0,0,1050,1050,0,0,0,0
414123473,1541,1572,1581,1658,1632,1624,0,0,1050,1050,0,0,0,0
414223368,1530,1574,1586,1665,1628,1617,0,0,1050,1050,0,0,0,0
414323243,1534,1572,1570,1661,1629,1630,0,0,1050,1050,0,0,0,0
414423305,1540,1583,1565,1659,1621,1638,0,0,1050,1050,0,0,0,0
414523244,1536,1589,1569,1663,1616,1635,0,0,1050,1050,0,0,0,0
414623321,1533,1590,1571,1667,1617,1635,0,0,1050,1050,0,0,0,0
414723282,1532,1582,1560,1669,1625,1645,0,0,1050,1050,0,0,0,0
414823258,1531,1581,1555,1670,1627,1650,0,0,1050,1050,0,0,0,0
414923217,1526,1583,1558,1674,1625,1648,0,0,1050,1050,0,0,0,0
415023212,1522,1581,1554,1674,1623,1647,0,0,1050,1050,0,0,0,0
415123451,1523,1582,1554,1669,1618,1644,0,0,1050,1050,0,0,0,0
415223296,1524,1584,1558,1666,1614,1638,0,0,1050,1050,0,0,0,0
415323310,1522,1586,1567,1667,1612,1629,0,0,1050,1050,0,0,0,0
415423272,1529,1584,1564,1663,1614,1633,0,0,1050,1050,0,0,0,0
415523258,1532,1579,1563,1660,1618,1633,0,0,1050,1050,0,0,0,0
415623419,1531,1574,1570,1658,1622,1625,0,0,1050,1050,0,0,0,0
415723244,1533,1573,1574,1658,1623,1622,0,0,1050,1050,0,0,0,0
415823195,1536,1569,1575,1658,1629,1624,0,0,1050,1050,0,0,0,0
415923242,1526,1557,1575,1664,1639,1622,0,0,1050,1050,0,0,0,0
416023275,1531,1556,1573,1659,1638,1623,0,0,1050,1050,0,0,0,0
416123415,1537,1564,1577,1653,1630,1618,0,0,1050,1050,0,0,0,0
416223277,1529,1568,1584,1659,1625,1610,0,0,1050,1050,0,0,0,0
416323251,1527,1564,1577,1662,1630,1618,0,0,1050,1050,0,0,0,0
416423249,1532,1569,1570,1657,1625,1624,0,0,1050,1050,0,0,0,0
416523244,1540,1577,1569,1651,1619,1627,0,0,1050,1050,0,0,0,0
416623383,1533,1582,1579,1661,1618,1620,0,0,1050,1050,0,0,0,0
416723243,1528,1581,1583,1665,1619,1617,0,0,1050,1050,0,0,0,0
416823261,1526,1572,1576,1668,1629,1625,0,0,1050,1050,0,0,0,0
416923267,1541,1570,1568,1659,1633,1635,0,0,1050,1050,0,0,0,0
417023314,1543,1578,1575,1658,1627,1630,0,0,1050,1050,0,0,0,0
417123450,1526,1577,1587,1669,1626,1616,0,0,1050,1050,0,0,0,0
417223237,1526,1568,1582,1667,1631,1618,0,0,1050,1050,0,0,0,0
417323312,1536,1565,1573,1658,1634,1626,0,0,1050,1050,0,0,0,0
417423220,1552,1581,1577,1647,1620,1624,0,0,1050,1050,0,0,0,0
417523223,1543,1584,1583,1654,1618,1619,0,0,1050,1050,0,0,0,0
417623355,1530,1583,1573,1666,1620,1629,0,0,1050,1050,0,0,0,0
417723274,1525,1588,1558,1676,1622,1649,0,0,1050,1050,0,0,0,0
417823291,1530,1597,1553,1674,1616,1655,0,0,1050,1050,0,0,0,0
417923274,1532,1605,1547,1676,1611,1664,0,0,1050,1050,0,0,0,0
418023280,1522,1605,1548,1685,1612,1663,0,0,1050,1050,0,0,0,0
418123305,1521,1602,1543,1681,1611,1664,0,0,1050,1050,0,0,0,0
418223293,1516,1592,1546,1681,1616,1656,0,0,1050,1050,0,0,0,0
418323299,1516,1579,1556,1679,1625,1646,0,0,1050,1050,0,0,0,0
418423282,1524,1572,1558,1671,1630,1642,0,0,1050,1050,0,0,0,0
418523247,1527,1573,1568,1666,1627,1631,0,0,1050,1050,0,0,0,0
418623466,1531,1574,1579,1660,1622,1618,0,0,1050,1050,0,0,0,0
418723304,1535,1571,1584,1656,1625,1613,0,0,1050,1050,0,0,0,0
418823312,1531,1566,1584,1658,1628,1612,0,0,1050,1050,0,0,0,0
418923264,1531,1560,1579,1658,1634,1616,0,0,1050,1050,0,0,0,0
419023259,1529,1557,1579,1659,1635,1615,0,0,1050,1050,0,0,0,0
419123350,1531,1564,1583,1658,1630,1612,0,0,1050,1050,0,0,0,0
419223531,1530,1564,1579,1660,1631,1617,0,0,1050,1050,0,0,0,0
419323513,1527,1560,1572,1664,1636,1625,0,0,1050,1050,0,0,0,0
419423534,1527,1560,1566,1662,1635,1630,0,0,1050,1050,0,0,0,0
419523474,1531,1569,1564,1661,1628,1632,0,0,1050,1050,0,0,0,0
419623729,1524,1576,1568,1667,1622,1629,0,0,1050,1050,0,0,0,0
419723516,1518,1582,1571,1673,1619,1629,0,0,1050,1050,0,0,0,0
419823569,1524,1588,1565,1672,1616,1637,0,0,1050,1050,0,0,0,0
419923508,1527,1592,1564,1672,1616,1642,0,0,1050,1050,0,0,0,0
420023507,1524,1592,1557,1677,1618,1649,0,0,1050,1050,0,0,0,0
420123602,1525,1588,1551,1677,1623,1656,0,0,1050,1050,0,0,0,0
420223549,1526,1592,1556,1677,1620,1652,0,0,1050,1050,0,0,0,0
420323555,1525,1592,1555,1678,1620,1653,0,0,1050,1050,0,0,0,0
420423536,1529,1590,1548,1675,1623,1660,0,0,1050,1050,0,0,0,0
420523512,1526,1589,1553,1676,1621,1653,0,0,1050,1050,0,0,0,0
420623658,1521,1592,1566,1678,1617,1641,0,0,1050,1050,0,0,0,0
420723519,1523,1585,1561,1675,1621,1643,0,0,1050,1050,0,0,0,0
420823509,1528,1585,1562,1669,1619,1640,0,0,1050,1050,0,0,0,0
420923550,1529,1587,1566,1667,1617,1636,0,0,1050,1050,0,0,0,0
421023475,1535,1588,1566,1663,1616,1636,0,0,1050,1050,0,0,0,0
421123564,1529,1585,1570,1665,1616,1631,0,0,1050,1050,0,0,0,0
421223478,1528,1584,1572,1668,1619,1630,0,0,1050,1050,0,0,0,0
421323540,1524,1580,1573,1673,1625,1631,0,0,1050,1050,0,0,0,0
421423517,1533,1582,1562,1666,1624,1642,0,0,1050,1050,0,0,0,0
421523468,1530,1581,1554,1668,1624,1648,0,0,1050,1050,0,0,0,0
421623600,1527,1582,1554,1672,1624,1650,0,0,1050,1050,0,0,0,0
421723506,1526,1583,1555,1672,1623,1648,0,0,1050,1050,0,0,0,0
421823499,1525,1579,1552,1673,1627,1651,0,0,1050,1050,0,0,0,0
421923523,1528,1589,1556,1670,1617,1646,0,0,1050,1050,0,0,0,0
422023547,1524,1586,1558,1673,1619,1645,0,0,1050,1050,0,0,0,0
422123611,1523,1586,1562,1673,1619,1641,0,0,1050,1050,0,0,0,0
422223503,1522,1588,1568,1672,1614,1633,0,0,1050,1050,0,0,0,0
422323521,1527,1592,1567,1668,1611,1635,0,0,1050,1050,0,0,0,0
422423475,1528,1587,1560,1668,1616,1641,0,0,1050,1050,0,0,0,0
422523536,1528,1586,1561,1671,1620,1643,0,0,1050,1050,0,0,0,0
422623531,1528,1583,1562,1672,1625,1644,0,0,1050,1050,0,0,0,0
422723491,1537,1584,1560,1665,1624,1646,0,0,1050,1050,0,0,0,0
422823499,1538,1577,1562,1663,1630,1643,0,0,1050,1050,0,0,0,0
422923490,1531,1567,1573,1669,1638,1633,0,0,1050,1050,0,0,0,0
423023619,1536,1562,1568,1665,1642,1637,0,0,1050,1050,0,0,0,0
423123556,1541,1559,1565,1661,1645,1640,0,0,1050,1050,0,0,0,0
423223580,1538,1558,1570,1659,1641,1631,0,0,1050,1050,0,0,0,0
423323519,1543,1572,1581,1653,1629,1620,0,0,1050,1050,0,0,0,0
423423549,1539,1571,1585,1661,1633,1621,0,0,1050,1050,0,0,0,0
423523506,1538,1566,1579,1663,1640,1628,0,0,1050,1050,0,0,0,0
423623519,1547,1563,1569,1655,1641,1636,0,0,1050,1050,0,0,0,0
423723567,1544,1572,1575,1657,1632,1630,0,0,1050,1050,0,0,0,0
423823505,1537,1579,1570,1664,1627,1635,0,0,1050,1050,0,0,0,0
423923501,1520,1586,1565,1675,1618,1638,0,0,1050,1050,0,0,0,0
424023456,1508,1594,1557,1686,1611,1646,0,0,1050,1050,0,0,0,0
424123724,1509,1595,1546,1685,1611,1656,0,0,1050,1050,0,0,0,0
424223525,1499,1602,1539,1692,1604,1661,0,0,1050,1050,0,0,0,0
424323438,1501,1607,1534,1693,1601,1667,0,0,1050,1050,0,0,0,0
424423447,1500,1611,1538,1695,1599,1666,0,0,1050,1050,0,0,0,0
424523437,1510,1608,1532,1688,1602,1670,0,0,1050,1050,0,0,0,0
424623651,1512,1603,1537,1686,1606,1666,0,0,1050,1050,0,0,0,0
424723528,1516,1590,1539,1682,1619,1664,0,0,1050,1050,0,0,0,0
424823531,1519,1585,1555,1679,1622,1649,0,0,1050,1050,0,0,0,0
424923417,1521,1576,1563,1672,1625,1637,0,0,1050,1050,0,0,0,0
425023544,1527,1571,1567,1666,1627,1631,0,0,1050,1050,0,0,0,0
425123679,1525,1572,1572,1667,1627,1627,0,0,1050,1050,0,0,0,0
425223578,1524,1572,1575,1667,1626,1623,0,0,1050,1050,0,0,0,0
425323537,1526,1566,1566,1663,1629,1629,0,0,1050,1050,0,0,0,0
425423496,1522,1570,1566,1666,1626,1629,0,0,1050,1050,0,0,0,0
425523493,1518,1572,1564,1667,1622,1629,0,0,1050,1050,0,0,0,0
425623543,1518,1569,1555,1668,1625,1637,0,0,1050,1050,0,0,0,0
425723514,1520,1569,1542,1667,1626,1650,0,0,1050,1050,0,0,0,0
425823521,1519,1574,1538,1668,1620,1652,0,0,1050,1050,0,0,0,0
425923523,1511,1580,1545,1675,1617,1648,0,0,1050,1050,0,0,0,0
426023481,1509,1578,1544,1678,1619,1649,0,0,1050,1050,0,0,0,0
426123558,1508,1579,1543,1677,1618,1650,0,0,1050,1050,0,0,0,0
426223481,1502,1579,1551,1683,1619,1643,0,0,1050,1050,0,0,0,0
426323506,1510,1573,1545,1676,1622,1647,0,0,1050,1050,0,0,0,0
426423536,1515,1574,1550,1671,1621,1643,0,0,1050,1050,0,0,0,0
426523497,1520,1577,1558,1668,1619,1636,0,0,1050,1050,0,0,0,0
426623698,1526,1571,1553,1663,1624,1640,0,0,1050,1050,0,0,0,0
426723538,1531,1569,1555,1656,1624,1636,0,0,1050,1050,0,0,0,0
426823517,1530,1571,1568,1656,1620,1623,0,0,1050,1050,0,0,0,0
426923529,1527,1571,1572,1658,1619,1619,0,0,1050,1050,0,0,0,0
427023557,1520,1575,1572,1666,1619,1622,0,0,1050,1050,0,0,0,0
427123581,1521,1580,1559,1665,1615,1634,0,0,1050,1050,0,0,0,0
427223554,1512,1585,1562,1673,1611,1632,0,0,1050,1050,0,0,0,0
427323420,1506,1587,1553,1680,1610,1642,0,0,1050,1050,0,0,0,0
427423575,1512,1592,1538,1677,1608,1657,0,0,1050,1050,0,0,0,0
427523570,1507,1597,1540,1683,1606,1657,0,0,1050,1050,0,0,0,0
427623526,1509,1592,1537,1682,1611,1659,0,0,1050,1050,0,0,0,0
427723522,1509,1585,1536,1683,1619,1662,0,0,1050,1050,0,0,0,0
427823537,1506,1587,1549,1687,1619,1653,0,0,1050,1050,0,0,0,0
427923587,1517,1592,1552,1677,1612,1648,0,0,1050,1050,0,0,0,0
428023573,1520,1596,1562,1673,1605,1637,0,0,1050,1050,0,0,0,0
428123576,1520,1593,1562,1670,1607,1636,0,0,1050,1050,0,0,0,0
428223594,1526,1586,1553,1668,1615,1646,0,0,1050,1050,0,0,0,0
428323510,1526,1588,1554,1669,1615,1646,0,0,1050,1050,0,0,0,0
428423599,1526,1589,1548,1671,1617,1653,0,0,1050,1050,0,0,0,0
428523424,1521,1597,1541,1674,1608,1658,0,0,1050,1050,0,0,0,0
428623675,1512,1594,1534,1680,1610,1663,0,0,1050,1050,0,0,0,0
428723522,1514,1595,1531,1679,1610,1666,0,0,1050,1050,0,0,0,0
428823588,1511,1593,1532,1681,1611,1665,0,0,1050,1050,0,0,0,0
428923502,1515,1599,1545,1681,1609,1658,0,0,1050,1050,0,0,0,0
429023535,1519,1596,1551,1681,1614,1655,0,0,1050,1050,0,0,0,0
429123627,1515,1587,1556,1683,1622,1650,0,0,1050,1050,0,0,0,0
429223590,1522,1586,1557,1676,1621,1648,0,0,1050,1050,0,0,0,0
429323526,1527,1588,1558,1673,1619,1647,0,0,1050,1050,0,0,0,0
429423520,1525,1583,1558,1674,1624,1646,0,0,1050,1050,0,0,0,0
429523523,1531,1582,1555,1670,1625,1650,0,0,1050,1050,0,0,0,0
429624176,1533,1583,1557,1667,1624,1647,0,0,1050,1050,0,0,0,0
429723548,1533,1580,1559,1665,1625,1643,0,0,1050,1050,0,0,0,0
429823520,1533,1578,1555,1665,1626,1646,0,0,1050,1050,0,0,0,0
429923513,1536,1582,1554,1664,1623,1648,0,0,1050,1050,0,0,0,0
430023572,1541,1592,1553,1662,1616,1651,0,0,1050,1050,0,0,0,0
430123526,1532,1592,1554,1669,1616,1651,0,0,1050,1050,0,0,0,0
430223542,1526,1596,1555,1675,1614,1652,0,0,1050,1050,0,0,0,0
430323540,1525,1600,1550,1678,1612,1658,0,0,1050,1050,0,0,0,0
430423610,1521,1601,1550,1682,1612,1658,0,0,1050,1050,0,0,0,0
430523280,1519,1602,1550,1685,1613,1660,0,0,1050,1050,0,0,0,0
430623508,1519,1601,1545,1684,1613,1664,0,0,1050,1050,0,0,0,0
430723256,1518,1609,1553,1686,1606,1658,0,0,1050,1050,0,0,0,0
430823238,1523,1609,1549,1684,1608,1663,0,0,1050,1050,0,0,0,0
430923243,1523,1597,1541,1682,1618,1667,0,0,1050,1050,0,0,0,0
431023198,1520,1594,1548,1680,1616,1658,0,0,1050,1050,0,0,0,0
431123414,1523,1581,1537,1675,1625,1664,0,0,1050,1050,0,0,0,0
431223272,1518,1587,1549,1676,1617,1651,0,0,1050,1050,0,0,0,0
431323275,1520,1591,1554,1672,1611,1645,0,0,1050,1050,0,0,0,0
431423307,1521,1589,1551,1670,1611,1646,0,0,1050,1050,0,0,0,0
431523287,1522,1593,1554,1670,1607,1644,0,0,1050,1050,0,0,0,0
431623290,1529,1605,1558,1665,1598,1641,0,0,1050,1050,0,0,0,0
431723267,1534,1606,1555,1663,1598,1645,0,0,1050,1050,0,0,0,0
431823251,1536,1602,1552,1663,1603,1649,0,0,1050,1050,0,0,0,0
431923282,1535,1602,1556,1664,1605,1647,0,0,1050,1050,0,0,0,0
432023305,1535,1593,1551,1665,1615,1653,0,0,1050,1050,0,0,0,0
432123580,1543,1590,1550,1659,1618,1653,0,0,1050,1050,0,0,0,0
432223520,1543,1583,1556,1658,1624,1647,0,0,1050,1050,0,0,0,0
432323514,1541,1572,1559,1659,1632,1644,0,0,1050,1050,0,0,0,0
432423558,1539,1567,1564,1660,1636,1639,0,0,1050,1050,0,0,0,0
432523520,1544,1567,1562,1657,1637,1642,0,0,1050,1050,0,0,0,0
432623561,1547,1570,1567,1653,1633,1636,0,0,1050,1050,0,0,0,0
432723507,1547,1573,1574,1652,1629,1628,0,0,1050,1050,0,0,0,0
432823594,1548,1576,1575,1648,1623,1625,0,0,1050,1050,0,0,0,0
432923483,1546,1577,1576,1649,1621,1622,0,0,1050,1050,0,0,0,0
433023437,1538,1576,1577,1656,1623,1622,0,0,1050,1050,0,0,0,0
433123712,1533,1574,1572,1661,1625,1627,0,0,1050,1050,0,0,0,0
433223539,1532,1570,1559,1659,1627,1636,0,0,1050,1050,0,0,0,0
433323511,1536,1576,1553,1657,1622,1643,0,0,1050,1050,0,0,0,0
433423466,1534,1581,1545,1659,1618,1649,0,0,1050,1050,0,0,0,0
433523572,1526,1591,1555,1665,1608,1640,0,0,1050,1050,0,0,0,0
433623633,1525,1596,1547,1669,1606,1651,0,0,1050,1050,0,0,0,0
433723544,1522,1595,1536,1675,1611,1663,0,0,1050,1050,0,0,0,0
433823524,1518,1601,1540,1683,1610,1665,0,0,1050,1050,0,0,0,0
433923456,1510,1605,1544,1690,1608,1663,0,0,1050,1050,0,0,0,0
434023522,1522,1605,1534,1682,1609,1673,0,0,1050,1050,0,0,0,0
434123654,1528,1613,1540,1678,1602,1669,0,0,1050,1050,0,0,0,0
434223554,1533,1609,1537,1675,1607,1672,0,0,1050,1050,0,0,0,0
434323508,1534,1603,1536,1674,1613,1673,0,0,1050,1050,0,0,0,0
434423484,1528,1599,1545,1678,1616,1665,0,0,1050,1050,0,0,0,0
434523537,1530,1602,1557,1676,1612,1653,0,0,1050,1050,0,0,0,0
434623490,1537,1598,1556,1670,1616,1655,0,0,1050,1050,0,0,0,0
434723487,1536,1591,1564,1668,1620,1645,0,0,1050,1050,0,0,0,0
434823446,1548,1587,1569,1656,1622,1638,0,0,1050,1050,0,0,0,0
434923591,1559,1579,1573,1644,1627,1632,0,0,1050,1050,0,0,0,0
435023513,1555,1561,1578,1644,1639,1623,0,0,1050,1050,0,0,0,0
435123563,1552,1549,1580,1643,1646,1618,0,0,1050,1050,0,0,0,0
435223492,1542,1539,1580,1647,1649,1613,0,0,1050,1050,0,0,0,0
435323525,1540,1549,1580,1645,1637,1609,0,0,1050,1050,0,0,0,0
435423485,1538,1558,1578,1648,1631,1612,0,0,1050,1050,0,0,0,0
435523538,1529,1560,1570,1655,1629,1620,0,0,1050,1050,0,0,0,0
435623665,1532,1569,1567,1652,1621,1622,0,0,1050,1050,0,0,0,0
435723497,1531,1573,1557,1656,1619,1634,0,0,1050,1050,0,0,0,0
435823543,1526,1595,1573,1666,1606,1627,0,0,1050,1050,0,0,0,0
435923525,1539,1609,1565,1662,1598,1640,0,0,1050,1050,0,0,0,0
436023553,1528,1604,1560,1672,1604,1646,0,0,1050,1050,0,0,0,0
436123513,1520,1603,1550,1680,1608,1656,0,0,1050,1050,0,0,0,0
436223505,1522,1616,1543,1681,1597,1664,0,0,1050,1050,0,0,0,0
436323520,1516,1619,1532,1687,1596,1675,0,0,1050,1050,0,0,0,0
436423614,1497,1621,1527,1701,1594,1679,0,0,1050,1050,0,0,0,0
436523572,1506,1631,1514,1701,1589,1695,0,0,1050,1050,0,0,0,0
436623738,1505,1630,1511,1703,1593,1699,0,0,1050,1050,0,0,0,0
436723590,1502,1630,1514,1705,1593,1697,0,0,1050,1050,0,0,0,0
436823622,1497,1626,1514,1706,1594,1695,0,0,1050,1050,0,0,0,0
436923533,1493,1637,1526,1710,1583,1685,0,0,1050,1050,0,0,0,0
437023518,1478,1629,1526,1716,1586,1680,0,0,1050,1050,0,0,0,0
437123563,1480,1631,1529,1713,1583,1677,0,0,1050,1050,0,0,0,0
437223538,1477,1621,1531,1712,1590,1673,0,0,1050,1050,0,0,0,0
437323465,1478,1618,1538,1706,1587,1661,0,0,1050,1050,0,0,0,0
437423556,1498,1621,1536,1688,1579,1659,0,0,1050,1050,0,0,0,0
437523519,1494,1604,1537,1687,1593,1654,0,0,1050,1050,0,0,0,0
437623662,1503,1594,1537,1679,1601,1653,0,0,1050,1050,0,0,0,0
437723548,1509,1591,1539,1674,1602,1649,0,0,1050,1050,0,0,0,0
437823536,1513,1585,1540,1668,1607,1647,0,0,1050,1050,0,0,0,0
437923514,1507,1599,1563,1674,1593,1627,0,0,1050,1050,0,0,0,0
438023556,1500,1599,1570,1684,1599,1627,0,0,1050,1050,0,0,0,0
438123647,1507,1601,1566,1682,1600,1633,0,0,1050,1050,0,0,0,0
438223558,1515,1599,1563,1677,1603,1637,0,0,1050,1050,0,0,0,0
438323508,1522,1591,1561,1670,1610,1638,0,0,1050,1050,0,0,0,0
438423510,1525,1590,1577,1672,1615,1628,0,0,1050,1050,0,0,0,0
438523512,1532,1589,1573,1669,1618,1633,0,0,1050,1050,0,0,0,0
438623787,1527,1588,1574,1671,1618,1631,0,0,1050,1050,0,0,0,0
438723574,1519,1595,1582,1676,1610,1623,0,0,1050,1050,0,0,0,0
438823589,1518,1596,1579,1676,1608,1624,0,0,1050,1050,0,0,0,0
438923493,1504,1593,1573,1684,1609,1627,0,0,1050,1050,0,0,0,0
439023959,1507,1595,1570,1684,1609,1633,0,0,1050,1050,0,0,0,0
439123604,1518,1600,1568,1675,1603,1633,0,0,1050,1050,0,0,0,0
439223528,1524,1599,1574,1668,1602,1626,0,0,1050,1050,0,0,0,0
439323487,1526,1596,1586,1667,1605,1615,0,0,1050,1050,0,0,0,0
439423504,1528,1587,1585,1664,1612,1614,0,0,1050,1050,0,0,0,0
439523482,1525,1577,1581,1665,1619,1615,0,0,1050,1050,0,0,0,0
439623754,1529,1586,1587,1660,1609,1609,0,0,1050,1050,0,0,0,0
439723514,1526,1586,1594,1664,1611,1604,0,0,1050,1050,0,0,0,0
439823547,1534,1585,1586,1659,1614,1613,0,0,1050,1050,0,0,0,0
439923498,1525,1587,1590,1669,1615,1612,0,0,1050,1050,0,0,0,0
440023530,1531,1596,1588,1664,1605,1613,0,0,1050,1050,0,0,0,0
440123543,1513,1593,1595,1679,1610,1608,0,0,1050,1050,0,0,0,0
440223554,1514,1584,1579,1683,1624,1628,0,0,1050,1050,0,0,0,0
440323505,1524,1599,1586,1682,1616,1628,0,0,1050,1050,0,0,0,0
440423484,1517,1606,1596,1689,1612,1621,0,0,1050,1050,0,0,0,0
440523556,1517,1600,1581,1688,1617,1634,0,0,1050,1050,0,0,0,0
440623685,1516,1608,1585,1689,1609,1631,0,0,1050,1050,0,0,0,0
440723489,1520,1605,1580,1688,1614,1637,0,0,1050,1050,0,0,0,0
440823607,1543,1587,1593,1672,1634,1628,0,0,1050,1050,0,0,0,0
440923548,1554,1587,1593,1662,1633,1627,0,0,1050,1050,0,0,0,0
441023492,1546,1591,1611,1666,1626,1606,0,0,1050,1050,0,0,0,0
441123576,1535,1576,1604,1671,1637,1610,0,0,1050,1050,0,0,0,0
441223530,1544,1585,1591,1657,1620,1615,0,0,1050,1050,0,0,0,0
441323523,1536,1578,1578,1660,1623,1623,0,0,1050,1050,0,0,0,0
441423469,1530,1589,1579,1665,1612,1622,0,0,1050,1050,0,0,0,0
441523499,1523,1596,1582,1673,1609,1622,0,0,1050,1050,0,0,0,0
441623650,1512,1593,1576,1680,1611,1627,0,0,1050,1050,0,0,0,0
441723520,1510,1600,1562,1684,1606,1642,0,0,1050,1050,0,0,0,0
441823504,1497,1628,1553,1694,1578,1651,0,0,1050,1050,0,0,0,0
441923511,1495,1628,1547,1696,1578,1655,0,0,1050,1050,0,0,0,0
442023435,1500,1624,1549,1692,1582,1654,0,0,1050,1050,0,0,0,0
442123722,1512,1616,1550,1686,1593,1655,0,0,1050,1050,0,0,0,0
442223484,1519,1613,1561,1682,1599,1648,0,0,1050,1050,0,0,0,0
442323537,1528,1607,1560,1678,1608,1651,0,0,1050,1050,0,0,0,0
442423497,1528,1611,1575,1676,1602,1637,0,0,1050,1050,0,0,0,0
442523492,1527,1608,1580,1677,1605,1631,0,0,1050,1050,0,0,0,0
442623663,1531,1605,1577,1672,1607,1633,0,0,1050,1050,0,0,0,0
442723581,1525,1599,1581,1677,1612,1629,0,0,1050,1050,0,0,0,0
442823504,1532,1592,1586,1671,1618,1624,0,0,1050,1050,0,0,0,0
442923527,1545,1584,1592,1654,1620,1612,0,0,1050,1050,0,0,0,0
443023614,1545,1579,1590,1650,1621,1610,0,0,1050,1050,0,0,0,0
443123602,1530,1583,1573,1659,1613,1622,0,0,1050,1050,0,0,0,0
443223570,1533,1594,1562,1653,1598,1627,0,0,1050,1050,0,0,0,0
443323480,1546,1587,1576,1640,1602,1613,0,0,1050,1050,0,0,0,0
443423510,1548,1583,1590,1638,1607,1600,0,0,1050,1050,0,0,0,0
443523478,1553,1563,1598,1630,1622,1588,0,0,1050,1050,0,0,0,0
443623754,1565,1560,1610,1620,1624,1576,0,0,1050,1050,0,0,0,0
443723535,1567,1555,1612,1622,1632,1578,0,0,1050,1050,0,0,0,0
443823554,1570,1565,1615,1623,1628,1579,0,0,1050,1050,0,0,0,0
443923588,1560,1565,1612,1634,1629,1584,0,0,1050,1050,0,0,0,0
444023526,1566,1569,1601,1628,1625,1595,0,0,1050,1050,0,0,0,0
444123580,1553,1565,1594,1638,1627,1600,0,0,1050,1050,0,0,0,0
444223525,1553,1575,1590,1637,1617,1603,0,0,1050,1050,0,0,0,0
444323502,1538,1576,1595,1653,1620,1602,0,0,1050,1050,0,0,0,0
444423946,1552,1593,1589,1645,1608,1612,0,0,1050,1050,0,0,0,0
444523490,1532,1591,1581,1659,1605,1615,0,0,1050,1050,0,0,0,0
444624089,1509,1606,1549,1678,1592,1646,0,0,1050,1050,0,0,0,0
444723478,1493,1619,1539,1694,1585,1659,0,0,1050,1050,0,0,0,0
444823549,1481,1621,1535,1705,1584,1664,0,0,1050,1050,0,0,0,0
444923522,1483,1621,1536,1705,1586,1665,0,0,1050,1050,0,0,0,0
445023622,1496,1619,1542,1697,1589,1661,0,0,1050,1050,0,0,0,0
445123565,1504,1616,1543,1692,1593,1661,0,0,1050,1050,0,0,0,0
445223521,1519,1615,1553,1680,1594,1652,0,0,1050,1050,0,0,0,0
445323499,1525,1606,1562,1675,1604,1645,0,0,1050,1050,0,0,0,0
445423608,1523,1606,1576,1676,1603,1632,0,0,1050,1050,0,0,0,0
445523486,1521,1608,1578,1675,1597,1626,0,0,1050,1050,0,0,0,0
445623701,1516,1600,1568,1676,1602,1632,0,0,1050,1050,0,0,0,0
445723538,1503,1600,1571,1685,1602,1629,0,0,1050,1050,0,0,0,0
445823528,1511,1596,1558,1678,1604,1639,0,0,1050,1050,0,0,0,0
445923472,1511,1596,1563,1679,1605,1636,0,0,1050,1050,0,0,0,0
446023468,1513,1594,1572,1680,1610,1630,0,0,1050,1050,0,0,0,0
446123558,1521,1587,1567,1674,1616,1635,0,0,1050,1050,0,0,0,0
446223544,1529,1585,1582,1668,1619,1623,0,0,1050,1050,0,0,0,0
446323508,1542,1592,1599,1659,1614,1607,0,0,1050,1050,0,0,0,0
446423525,1540,1585,1605,1658,1618,1598,0,0,1050,1050,0,0,0,0
446523504,1543,1575,1597,1655,1626,1606,0,0,1050,1050,0,0,0,0
446623612,1545,1592,1609,1657,1615,1599,0,0,1050,1050,0,0,0,0
446723538,1536,1589,1599,1666,1619,1609,0,0,1050,1050,0,0,0,0
446823504,1521,1600,1601,1676,1606,1605,0,0,1050,1050,0,0,0,0
446923496,1513,1593,1583,1682,1613,1623,0,0,1050,1050,0,0,0,0
447023513,1505,1590,1575,1687,1615,1630,0,0,1050,1050,0,0,0,0
447123654,1501,1590,1573,1689,1614,1629,0,0,1050,1050,0,0,0,0
447223537,1506,1586,1566,1684,1617,1635,0,0,1050,1050,0,0,0,0
447323480,1507,1585,1568,1683,1618,1633,0,0,1050,1050,0,0,0,0
447423441,1511,1584,1567,1679,1617,1633,0,0,1050,1050,0,0,0,0
447523553,1506,1584,1567,1682,1615,1631,0,0,1050,1050,0,0,0,0
447623691,1515,1592,1563,1675,1608,1635,0,0,1050,1050,0,0,0,0
447723539,1513,1592,1569,1674,1607,1628,0,0,1050,1050,0,0,0,0
447823541,1516,1589,1582,1671,1607,1614,0,0,1050,1050,0,0,0,0
447923484,1517,1586,1592,1667,1607,1601,0,0,1050,1050,0,0,0,0
448023505,1522,1574,1581,1664,1619,1613,0,0,1050,1050,0,0,0,0
448123529,1526,1584,1592,1664,1614,1606,0,0,1050,1050,0,0,0,0
448223543,1530,1586,1590,1664,1615,1611,0,0,1050,1050,0,0,0,0
448323547,1512,1571,1589,1684,1635,1618,0,0,1050,1050,0,0,0,0
448423564,1529,1591,1595,1675,1620,1617,0,0,1050,1050,0,0,0,0
448523531,1527,1586,1592,1672,1621,1615,0,0,1050,1050,0,0,0,0
448623637,1526,1571,1588,1673,1635,1620,0,0,1050,1050,0,0,0,0
448723526,1536,1570,1591,1667,1638,1618,0,0,1050,1050,0,0,0,0
448824000,1529,1559,1600,1672,1647,1609,0,0,1050,1050,0,0,0,0
448923493,1544,1565,1601,1659,1641,1608,0,0,1050,1050,0,0,0,0
449023493,1547,1556,1600,1655,1647,1607,0,0,1050,1050,0,0,0,0
449123518,1554,1570,1615,1652,1638,1594,0,0,1050,1050,0,0,0,0
449223548,1556,1570,1623,1652,1640,1588,0,0,1050,1050,0,0,0,0
449323504,1570,1564,1609,1639,1645,1603,0,0,1050,1050,0,0,0,0
449423539,1555,1559,1627,1654,1651,1585,0,0,1050,1050,0,0,0,0
449523566,1555,1561,1629,1651,1647,1581,0,0,1050,1050,0,0,0,0
449623667,1547,1550,1620,1654,1651,1585,0,0,1050,1050,0,0,0,0
449723511,1543,1554,1615,1662,1653,1595,0,0,1050,1050,0,0,0,0
449823502,1523,1554,1601,1675,1650,1606,0,0,1050,1050,0,0,0,0
449923517,1509,1553,1575,1678,1643,1623,0,0,1050,1050,0,0,0,0
450023519,1494,1557,1559,1687,1636,1634,0,0,1050,1050,0,0,0,0
450123668,1485,1564,1550,1698,1635,1647,0,0,1050,1050,0,0,0,0
450223539,1491,1577,1542,1695,1626,1656,0,0,1050,1050,0,0,0,0
450323562,1489,1580,1544,1697,1623,1655,0,0,1050,1050,0,0,0,0
450423531,1487,1580,1545,1698,1623,1654,0,0,1050,1050,0,0,0,0
450523487,1498,1593,1557,1693,1612,1646,0,0,1050,1050,0,0,0,0
450623611,1494,1581,1554,1697,1626,1650,0,0,1050,1050,0,0,0,0
450723517,1496,1580,1560,1696,1627,1646,0,0,1050,1050,0,0,0,0
450823586,1508,1576,1558,1688,1632,1648,0,0,1050,1050,0,0,0,0
450923479,1512,1577,1572,1685,1631,1635,0,0,1050,1050,0,0,0,0
451023459,1520,1577,1577,1677,1629,1629,0,0,1050,1050,0,0,0,0
451123626,1519,1576,1583,1675,1626,1620,0,0,1050,1050,0,0,0,0
451223561,1515,1565,1579,1678,1636,1624,0,0,1050,1050,0,0,0,0
451323573,1526,1562,1569,1674,1645,1639,0,0,1050,1050,0,0,0,0
451423501,1527,1570,1578,1675,1639,1632,0,0,1050,1050,0,0,0,0
451523446,1531,1575,1581,1673,1635,1629,0,0,1050,1050,0,0,0,0
451623788,1521,1574,1585,1677,1632,1622,0,0,1050,1050,0,0,0,0
451723598,1512,1571,1582,1684,1635,1624,0,0,1050,1050,0,0,0,0
451823518,1509,1570,1571,1681,1631,1630,0,0,1050,1050,0,0,0,0
451923478,1509,1572,1566,1679,1626,1632,0,0,1050,1050,0,0,0,0
452023510,1502,1568,1561,1681,1627,1633,0,0,1050,1050,0,0,0,0
452123659,1509,1570,1557,1677,1627,1638,0,0,1050,1050,0,0,0,0
452223318,1508,1569,1562,1678,1628,1633,0,0,1050,1050,0,0,0,0
452323287,1509,1571,1566,1680,1629,1633,0,0,1050,1050,0,0,0,0
452423310,1505,1570,1569,1684,1631,1632,0,0,1050,1050,0,0,0,0
452523261,1503,1563,1557,1686,1638,1643,0,0,1050,1050,0,0,0,0
452623416,1496,1569,1562,1693,1634,1640,0,0,1050,1050,0,0,0,0
452723222,1490,1565,1561,1694,1634,1637,0,0,1050,1050,0,0,0,0
452823253,1500,1574,1562,1686,1624,1636,0,0,1050,1050,0,0,0,0
452923277,1506,1573,1555,1679,1623,1640,0,0,1050,1050,0,0,0,0
453023281,1517,1576,1550,1672,1622,1645,0,0,1050,1050,0,0,0,0
453123290,1516,1577,1555,1675,1622,1642,0,0,1050,1050,0,0,0,0
453223277,1519,1577,1552,1671,1621,1643,0,0,1050,1050,0,0,0,0
453323310,1515,1575,1554,1673,1622,1641,0,0,1050,1050,0,0,0,0
453423322,1513,1577,1564,1678,1624,1636,0,0,1050,1050,0,0,0,0
453523231,1519,1577,1562,1675,1626,1640,0,0,1050,1050,0,0,0,0
453623380,1511,1569,1563,1679,1631,1636,0,0,1050,1050,0,0,0,0
453723245,1506,1557,1557,1680,1639,1639,0,0,1050,1050,0,0,0,0
453823285,1506,1564,1564,1679,1631,1631,0,0,1050,1050,0,0,0,0
453923292,1508,1565,1564,1677,1629,1630,0,0,1050,1050,0,0,0,0
454023376,1518,1562,1554,1670,1633,1640,0,0,1050,1050,0,0,0,0
454123272,1524,1568,1557,1669,1632,1641,0,0,1050,1050,0,0,0,0
454223264,1513,1558,1552,1674,1636,1642,0,0,1050,1050,0,0,0,0
454323206,1517,1563,1544,1667,1629,1645,0,0,1050,1050,0,0,0,0
454423283,1535,1576,1532,1653,1617,1656,0,0,1050,1050,0,0,0,0
454523247,1519,1568,1535,1666,1624,1653,0,0,1050,1050,0,0,0,0
454623386,1501,1558,1538,1684,1638,1656,0,0,1050,1050,0,0,0,0
454723279,1474,1550,1555,1711,1653,1649,0,0,1050,1050,0,0,0,0
454823315,1489,1555,1550,1702,1650,1655,0,0,1050,1050,0,0,0,0
454923328,1494,1559,1550,1695,1644,1652,0,0,1050,1050,0,0,0,0
455023277,1505,1553,1538,1686,1648,1661,0,0,1050,1050,0,0,0,0
455123238,1514,1553,1541,1682,1651,1660,0,0,1050,1050,0,0,0,0
455223238,1523,1555,1540,1676,1650,1662,0,0,1050,1050,0,0,0,0
455323248,1525,1562,1545,1675,1644,1659,0,0,1050,1050,0,0,0,0
455423231,1526,1573,1557,1677,1637,1652,0,0,1050,1050,0,0,0,0
455523233,1535,1577,1553,1672,1636,1657,0,0,1050,1050,0,0,0,0
455623425,1534,1572,1551,1673,1641,1660,0,0,1050,1050,0,0,0,0
455723297,1536,1571,1549,1671,1641,1660,0,0,1050,1050,0,0,0,0
455823330,1539,1570,1547,1669,1642,1662,0,0,1050,1050,0,0,0,0
455923248,1535,1570,1551,1668,1638,1655,0,0,1050,1050,0,0,0,0
456023253,1528,1564,1553,1670,1640,1649,0,0,1050,1050,0,0,0,0
456123351,1533,1564,1552,1665,1639,1649,0,0,1050,1050,0,0,0,0
456223255,1534,1561,1551,1662,1640,1648,0,0,1050,1050,0,0,0,0
456323236,1529,1561,1557,1666,1639,1643,0,0,1050,1050,0,0,0,0
456423238,1528,1563,1557,1667,1638,1643,0,0,1050,1050,0,0,0,0
456523273,1528,1562,1553,1666,1637,1646,0,0,1050,1050,0,0,0,0
456623402,1528,1568,1556,1666,1632,1642,0,0,1050,1050,0,0,0,0
456723329,1526,1571,1555,1668,1630,1644,0,0,1050,1050,0,0,0,0
456823300,1532,1574,1551,1665,1629,1649,0,0,1050,1050,0,0,0,0
456923258,1536,1576,1548,1662,1628,1652,0,0,1050,1050,0,0,0,0
457023245,1535,1574,1549,1663,1630,1652,0,0,1050,1050,0,0,0,0
457123445,1534,1572,1554,1664,1632,1647,0,0,1050,1050,0,0,0,0
457223259,1534,1567,1555,1664,1636,1647,0,0,1050,1050,0,0,0,0
457323239,1535,1564,1552,1663,1639,1649,0,0,1050,1050,0,0,0,0
457423263,1532,1566,1555,1667,1639,1648,0,0,1050,1050,0,0,0,0
457523291,1528,1561,1554,1670,1643,1649,0,0,1050,1050,0,0,0,0
457623319,1529,1558,1552,1668,1645,1650,0,0,1050,1050,0,0,0,0
457723262,1535,1566,1558,1666,1640,1646,0,0,1050,1050,0,0,0,0
457823283,1531,1563,1560,1668,1642,1644,0,0,1050,1050,0,0,0,0
457923260,1541,1570,1563,1664,1639,1645,0,0,1050,1050,0,0,0,0
458023257,1547,1568,1562,1662,1644,1649,0,0,1050,1050,0,0,0,0
458123456,1545,1564,1562,1662,1646,1648,0,0,1050,1050,0,0,0,0
458223209,1540,1562,1564,1665,1646,1645,0,0,1050,1050,0,0,0,0
458323289,1538,1566,1570,1667,1644,1640,0,0,1050,1050,0,0,0,0
458423308,1537,1568,1568,1666,1640,1640,0,0,1050,1050,0,0,0,0
458523283,1542,1571,1559,1662,1636,1647,0,0,1050,1050,0,0,0,0
458623306,1535,1570,1555,1666,1636,1649,0,0,1050,1050,0,0,0,0
458723319,1527,1570,1558,1671,1635,1646,0,0,1050,1050,0,0,0,0
458823239,1527,1571,1552,1671,1634,1650,0,0,1050,1050,0,0,0,0
458923278,1523,1569,1548,1672,1633,1651,0,0,1050,1050,0,0,0,0
459023223,1522,1574,1552,1672,1628,1648,0,0,1050,1050,0,0,0,0
459123436,1517,1572,1552,1677,1631,1648,0,0,1050,1050,0,0,0,0
459223293,1517,1569,1549,1675,1631,1649,0,0,1050,1050,0,0,0,0
459323274,1514,1570,1553,1677,1630,1645,0,0,1050,1050,0,0,0,0
459423261,1521,1577,1557,1672,1624,1642,0,0,1050,1050,0,0,0,0
459523282,1518,1569,1554,1676,1633,1646,0,0,1050,1050,0,0,0,0
459623288,1524,1572,1550,1672,1631,1651,0,0,1050,1050,0,0,0,0
459723270,1515,1566,1553,1678,1636,1648,0,0,1050,1050,0,0,0,0
459823233,1521,1567,1547,1673,1634,1652,0,0,1050,1050,0,0,0,0
459923224,1526,1572,1549,1670,1631,1651,0,0,1050,1050,0,0,0,0
460023243,1525,1571,1551,1672,1632,1650,0,0,1050,1050,0,0,0,0
460123299,1533,1572,1550,1667,1633,1653,0,0,1050,1050,0,0,0,0
460223278,1530,1571,1554,1668,1633,1648,0,0,1050,1050,0,0,0,0
460323247,1524,1574,1563,1672,1630,1639,0,0,1050,1050,0,0,0,0
460423321,1530,1582,1565,1668,1623,1639,0,0,1050,1050,0,0,0,0
460523232,1531,1578,1558,1668,1627,1646,0,0,1050,1050,0,0,0,0
460623273,1533,1585,1560,1667,1622,1645,0,0,1050,1050,0,0,0,0
460723278,1523,1579,1557,1673,1625,1645,0,0,1050,1050,0,0,0,0
460823221,1524,1576,1549,1673,1629,1653,0,0,1050,1050,0,0,0,0
460923184,1524,1581,1553,1675,1626,1651,0,0,1050,1050,0,0,0,0
461023368,1520,1574,1549,1676,1630,1652,0,0,1050,1050,0,0,0,0
461123303,1521,1576,1545,1672,1625,1652,0,0,1050,1050,0,0,0,0
461223299,1517,1579,1548,1675,1622,1649,0,0,1050,1050,0,0,0,0
461323246,1511,1576,1548,1678,1623,1648,0,0,1050,1050,0,0,0,0
461423331,1512,1572,1541,1675,1625,1652,0,0,1050,1050,0,0,0,0
461523261,1510,1575,1546,1677,1623,1648,0,0,1050,1050,0,0,0,0
461623519,1515,1575,1548,1675,1624,1647,0,0,1050,1050,0,0,0,0
461723217,1532,1580,1547,1661,1620,1649,0,0,1050,1050,0,0,0,0
461823306,1538,1573,1547,1658,1627,1651,0,0,1050,1050,0,0,0,0
461923293,1538,1576,1558,1659,1626,1642,0,0,1050,1050,0,0,0,0
462023324,1544,1570,1558,1655,1632,1642,0,0,1050,1050,0,0,0,0
462123350,1541,1565,1563,1657,1636,1638,0,0,1050,1050,0,0,0,0
462223296,1534,1565,1569,1660,1634,1630,0,0,1050,1050,0,0,0,0
462323221,1527,1564,1570,1664,1633,1627,0,0,1050,1050,0,0,0,0
462423353,1523,1562,1561,1667,1634,1635,0,0,1050,1050,0,0,0,0
462523170,1522,1569,1555,1670,1630,1643,0,0,1050,1050,0,0,0,0
462623376,1522,1580,1551,1671,1621,1647,0,0,1050,1050,0,0,0,0
462723192,1513,1585,1549,1676,1614,1646,0,0,1050,1050,0,0,0,0
462823366,1513,1588,1540,1678,1613,1656,0,0,1050,1050,0,0,0,0
462923313,1511,1590,1539,1681,1613,1658,0,0,1050,1050,0,0,0,0
463023335,1516,1589,1532,1680,1617,1667,0,0,1050,1050,0,0,0,0
463123313,1517,1592,1534,1682,1617,1668,0,0,1050,1050,0,0,0,0
463223277,1511,1595,1543,1686,1613,1660,0,0,1050,1050,0,0,0,0
463323258,1515,1590,1537,1684,1620,1666,0,0,1050,1050,0,0,0,0
463423258,1516,1588,1543,1683,1622,1661,0,0,1050,1050,0,0,0,0
463523203,1512,1585,1550,1685,1623,1654,0,0,1050,1050,0,0,0,0
463623489,1516,1583,1547,1680,1623,1656,0,0,1050,1050,0,0,0,0
463723282,1517,1585,1552,1680,1622,1652,0,0,1050,1050,0,0,0,0
463823262,1526,1589,1549,1672,1617,1653,0,0,1050,1050,0,0,0,0
463923306,1523,1591,1553,1674,1615,1650,0,0,1050,1050,0,0,0,0
464023277,1529,1594,1548,1671,1614,1655,0,0,1050,1050,0,0,0,0
464123289,1536,1587,1535,1666,1621,1667,0,0,1050,1050,0,0,0,0
464223265,1530,1585,1541,1670,1621,1660,0,0,1050,1050,0,0,0,0
464323259,1528,1586,1550,1670,1619,1652,0,0,1050,1050,0,0,0,0
464423188,1533,1574,1543,1665,1629,1657,0,0,1050,1050,0,0,0,0
464523236,1529,1565,1546,1664,1634,1650,0,0,1050,1050,0,0,0,0
464623304,1530,1572,1559,1662,1626,1637,0,0,1050,1050,0,0,0,0
464723295,1537,1577,1564,1659,1624,1636,0,0,1050,1050,0,0,0,0
464823258,1540,1574,1559,1655,1625,1638,0,0,1050,1050,0,0,0,0
464923256,1546,1579,1558,1651,1622,1641,0,0,1050,1050,0,0,0,0
465023353,1543,1579,1560,1655,1624,1640,0,0,1050,1050,0,0,0,0
465123290,1544,1581,1561,1655,1622,1640,0,0,1050,1050,0,0,0,0
465223283,1540,1573,1556,1659,1630,1645,0,0,1050,1050,0,0,0,0
465323245,1543,1577,1553,1657,1627,1648,0,0,1050,1050,0,0,0,0
465423231,1541,1572,1547,1658,1631,1653,0,0,1050,1050,0,0,0,0
465523275,1541,1576,1553,1657,1626,1647,0,0,1050,1050,0,0,0,0
465623349,1538,1576,1557,1661,1627,1645,0,0,1050,1050,0,0,0,0
465723349,1538,1582,1563,1662,1623,1640,0,0,1050,1050,0,0,0,0
465823272,1541,1580,1556,1660,1625,1647,0,0,1050,1050,0,0,0,0
465923281,1542,1580,1553,1658,1625,1649,0,0,1050,1050,0,0,0,0
466023280,1546,1576,1546,1655,1629,1655,0,0,1050,1050,0,0,0,0
466123334,1540,1574,1553,1660,1631,1649,0,0,1050,1050,0,0,0,0
466223246,1542,1571,1552,1658,1633,1649,0,0,1050,1050,0,0,0,0
466323243,1546,1571,1552,1654,1633,1649,0,0,1050,1050,0,0,0,0
466423258,1547,1570,1553,1653,1633,1648,0,0,1050,1050,0,0,0,0
466523305,1547,1571,1555,1653,1633,1647,0,0,1050,1050,0,0,0,0
466623352,1542,1575,1560,1658,1630,1643,0,0,1050,1050,0,0,0,0
466723266,1540,1576,1557,1660,1629,1646,0,0,1050,1050,0,0,0,0
466823253,1539,1580,1558,1662,1626,1646,0,0,1050,1050,0,0,0,0
466923254,1545,1584,1556,1659,1624,1650,0,0,1050,1050,0,0,0,0
467023240,1548,1585,1554,1657,1624,1652,0,0,1050,1050,0,0,0,0
467123306,1541,1581,1556,1663,1628,1650,0,0,1050,1050,0,0,0,0
467223234,1534,1576,1558,1667,1631,1647,0,0,1050,1050,0,0,0,0
467323265,1533,1574,1555,1667,1631,1648,0,0,1050,1050,0,0,0,0
467423376,1535,1575,1551,1664,1629,1651,0,0,1050,1050,0,0,0,0
467523246,1540,1582,1548,1660,1624,1654,0,0,1050,1050,0,0,0,0
467623374,1537,1583,1548,1663,1624,1654,0,0,1050,1050,0,0,0,0
467723292,1534,1583,1549,1666,1624,1654,0,0,1050,1050,0,0,0,0
467823302,1529,1582,1553,1671,1626,1651,0,0,1050,1050,0,0,0,0
467923239,1535,1588,1555,1667,1620,1650,0,0,1050,1050,0,0,0,0
468023221,1538,1589,1553,1663,1618,1651,0,0,1050,1050,0,0,0,0
468123481,1536,1585,1551,1664,1621,1651,0,0,1050,1050,0,0,0,0
468223270,1534,1589,1558,1665,1617,1645,0,0,1050,1050,0,0,0,0
468323284,1541,1588,1548,1658,1616,1651,0,0,1050,1050,0,0,0,0
468423282,1535,1583,1548,1661,1619,1651,0,0,1050,1050,0,0,0,0
468523250,1536,1585,1548,1658,1614,1647,0,0,1050,1050,0,0,0,0
468623282,1534,1580,1545,1658,1618,1649,0,0,1050,1050,0,0,0,0
468723252,1533,1578,1549,1660,1620,1646,0,0,1050,1050,0,0,0,0
468823233,1535,1575,1552,1658,1622,1643,0,0,1050,1050,0,0,0,0
468923225,1535,1570,1547,1657,1627,1647,0,0,1050,1050,0,0,0,0
469023168,1534,1573,1549,1660,1627,1648,0,0,1050,1050,0,0,0,0
469123367,1530,1571,1544,1664,1630,1653,0,0,1050,1050,0,0,0,0
469223324,1528,1572,1546,1667,1629,1652,0,0,1050,1050,0,0,0,0
469323275,1530,1581,1548,1667,1623,1652,0,0,1050,1050,0,0,0,0
469423264,1536,1592,1551,1663,1613,1650,0,0,1050,1050,0,0,0,0
469523311,1537,1593,1551,1660,1610,1648,0,0,1050,1050,0,0,0,0
469623274,1532,1585,1549,1661,1614,1647,0,0,1050,1050,0,0,0,0
469723216,1529,1583,1546,1663,1616,1649,0,0,1050,1050,0,0,0,0
469823207,1531,1588,1542,1662,1611,1653,0,0,1050,1050,0,0,0,0
469923269,1525,1584,1541,1666,1614,1653,0,0,1050,1050,0,0,0,0
470023266,1528,1585,1549,1666,1617,1649,0,0,1050,1050,0,0,0,0
470123451,1522,1575,1562,1674,1629,1641,0,0,1050,1050,0,0,0,0
470223285,1537,1573,1556,1661,1630,1645,0,0,1050,1050,0,0,0,0
470323204,1544,1562,1558,1651,1635,1638,0,0,1050,1050,0,0,0,0
470423269,1548,1560,1570,1648,1637,1628,0,0,1050,1050,0,0,0,0
470523238,1548,1555,1577,1648,1642,1622,0,0,1050,1050,0,0,0,0
470623230,1544,1553,1585,1653,1645,1616,0,0,1050,1050,0,0,0,0
470723519,1545,1558,1587,1656,1645,1619,0,0,1050,1050,0,0,0,0
470823431,1549,1567,1583,1656,1640,1625,0,0,1050,1050,0,0,0,0
470923565,1546,1576,1581,1656,1630,1625,0,0,1050,1050,0,0,0,0
471023557,1537,1576,1572,1663,1629,1633,0,0,1050,1050,0,0,0,0
471123598,1533,1580,1562,1669,1628,1645,0,0,1050,1050,0,0,0,0
471223514,1531,1581,1548,1670,1626,1655,0,0,1050,1050,0,0,0,0
471323537,1528,1584,1549,1671,1622,1653,0,0,1050,1050,0,0,0,0
471423504,1529,1587,1548,1670,1619,1654,0,0,1050,1050,0,0,0,0
471523550,1531,1585,1549,1670,1623,1655,0,0,1050,1050,0,0,0,0
471623434,1537,1581,1552,1664,1625,1651,0,0,1050,1050,0,0,0,0
471723283,1539,1582,1565,1661,1623,1639,0,0,1050,1050,0,0,0,0
471823317,1546,1578,1571,1658,1630,1636,0,0,1050,1050,0,0,0,0
471923244,1546,1572,1573,1659,1636,1635,0,0,1050,1050,0,0,0,0
472023371,1544,1564,1564,1660,1642,1642,0,0,1050,1050,0,0,0,0
472123261,1538,1567,1565,1667,1642,1644,0,0,1050,1050,0,0,0,0
472223305,1537,1578,1559,1669,1634,1650,0,0,1050,1050,0,0,0,0
472323287,1535,1583,1554,1667,1626,1651,0,0,1050,1050,0,0,0,0
472423295,1541,1583,1546,1662,1625,1658,0,0,1050,1050,0,0,0,0
472523216,1533,1575,1549,1665,1629,1653,0,0,1050,1050,0,0,0,0
472623270,1533,1570,1559,1664,1632,1642,0,0,1050,1050,0,0,0,0
472723279,1544,1560,1559,1653,1640,1640,0,0,1050,1050,0,0,0,0
472823300,1540,1551,1572,1654,1644,1626,0,0,1050,1050,0,0,0,0
472923324,1545,1553,1578,1649,1642,1620,0,0,1050,1050,0,0,0,0
473023231,1543,1558,1580,1650,1637,1618,0,0,1050,1050,0,0,0,0
473123264,1539,1563,1573,1655,1634,1625,0,0,1050,1050,0,0,0,0
473223238,1533,1562,1556,1660,1635,1640,0,0,1050,1050,0,0,0,0
473323225,1527,1569,1552,1666,1630,1646,0,0,1050,1050,0,0,0,0
473423274,1527,1572,1549,1668,1629,1649,0,0,1050,1050,0,0,0,0
473523247,1530,1576,1539,1669,1629,1661,0,0,1050,1050,0,0,0,0
473623400,1529,1593,1546,1672,1617,1658,0,0,1050,1050,0,0,0,0
473723283,1521,1597,1549,1679,1613,1656,0,0,1050,1050,0,0,0,0
473823334,1519,1593,1547,1681,1618,1659,0,0,1050,1050,0,0,0,0
473923224,1518,1588,1548,1681,1621,1657,0,0,1050,1050,0,0,0,0
474023258,1517,1588,1556,1680,1619,1648,0,0,1050,1050,0,0,0,0
474123281,1515,1582,1555,1681,1624,1648,0,0,1050,1050,0,0,0,0
474223183,1516,1583,1553,1677,1619,1647,0,0,1050,1050,0,0,0,0
474323184,1515,1583,1552,1674,1616,1643,0,0,1050,1050,0,0,0,0
474423265,1516,1585,1549,1672,1612,1645,0,0,1050,1050,0,0,0,0
474523256,1515,1588,1547,1672,1608,1646,0,0,1050,1050,0,0,0,0
474623265,1521,1590,1535,1669,1608,1657,0,0,1050,1050,0,0,0,0
474723274,1528,1589,1528,1666,1612,1666,0,0,1050,1050,0,0,0,0
474823285,1540,1599,1538,1663,1611,1665,0,0,1050,1050,0,0,0,0
474923210,1540,1599,1552,1667,1614,1657,0,0,1050,1050,0,0,0,0
475023249,1541,1590,1556,1666,1622,1653,0,0,1050,1050,0,0,0,0
475123260,1552,1586,1557,1658,1628,1654,0,0,1050,1050,0,0,0,0
475223158,1543,1574,1560,1664,1637,1649,0,0,1050,1050,0,0,0,0
475323240,1534,1572,1560,1666,1633,1644,0,0,1050,1050,0,0,0,0
475423271,1527,1569,1561,1667,1631,1639,0,0,1050,1050,0,0,0,0
475523330,1534,1570,1553,1660,1629,1644,0,0,1050,1050,0,0,0,0
475623453,1536,1573,1552,1656,1624,1643,0,0,1050,1050,0,0,0,0
475723239,1532,1572,1555,1660,1626,1641,0,0,1050,1050,0,0,0,0
475823313,1527,1574,1558,1664,1623,1637,0,0,1050,1050,0,0,0,0
475923332,1527,1577,1555,1663,1620,1640,0,0,1050,1050,0,0,0,0
476023333,1525,1570,1551,1664,1626,1643,0,0,1050,1050,0,0,0,0
476123272,1522,1569,1555,1669,1629,1641,0,0,1050,1050,0,0,0,0
476223242,1525,1566,1550,1667,1632,1646,0,0,1050,1050,0,0,0,0
476323248,1523,1566,1547,1669,1633,1649,0,0,1050,1050,0,0,0,0
476423234,1519,1572,1547,1672,1627,1649,0,0,1050,1050,0,0,0,0
476523297,1509,1575,1551,1679,1623,1645,0,0,1050,1050,0,0,0,0
476623275,1508,1578,1538,1680,1620,1656,0,0,1050,1050,0,0,0,0
476723506,1509,1587,1532,1680,1613,1662,0,0,1050,1050,0,0,0,0
476823548,1494,1589,1535,1691,1612,1660,0,0,1050,1050,0,0,0,0
476923541,1500,1588,1524,1688,1614,1670,0,0,1050,1050,0,0,0,0
477023444,1502,1591,1530,1688,1613,1666,0,0,1050,1050,0,0,0,0
477123640,1514,1599,1537,1681,1608,1664,0,0,1050,1050,0,0,0,0
477223554,1524,1596,1540,1678,1615,1666,0,0,1050,1050,0,0,0,0
477323506,1524,1590,1551,1677,1621,1655,0,0,1050,1050,0,0,0,0
477423535,1537,1589,1559,1670,1625,1653,0,0,1050,1050,0,0,0,0
477523488,1534,1581,1573,1673,1632,1639,0,0,1050,1050,0,0,0,0
477623608,1529,1571,1572,1674,1638,1637,0,0,1050,1050,0,0,0,0
477723539,1516,1548,1565,1676,1650,1635,0,0,1050,1050,0,0,0,0
477823574,1514,1556,1570,1673,1639,1626,0,0,1050,1050,0,0,0,0
477923228,1523,1559,1555,1665,1635,1638,0,0,1050,1050,0,0,0,0
478023214,1527,1565,1547,1663,1631,1647,0,0,1050,1050,0,0,0,0
478123295,1523,1573,1543,1665,1622,1649,0,0,1050,1050,0,0,0,0
478223292,1510,1566,1542,1668,1622,1642,0,0,1050,1050,0,0,0,0
478323295,1510,1566,1546,1669,1622,1640,0,0,1050,1050,0,0,0,0
478423180,1517,1574,1545,1666,1617,1643,0,0,1050,1050,0,0,0,0
478523233,1527,1583,1547,1662,1614,1646,0,0,1050,1050,0,0,0,0
478623407,1523,1580,1552,1668,1619,1644,0,0,1050,1050,0,0,0,0
478723268,1525,1574,1544,1666,1625,1651,0,0,1050,1050,0,0,0,0
478823216,1521,1568,1543,1671,1631,1653,0,0,1050,1050,0,0,0,0
478923265,1509,1559,1552,1679,1638,1645,0,0,1050,1050,0,0,0,0
479023280,1512,1553,1553,1676,1642,1643,0,0,1050,1050,0,0,0,0
479123385,1520,1555,1554,1670,1642,1643,0,0,1050,1050,0,0,0,0
479223289,1523,1557,1555,1670,1641,1643,0,0,1050,1050,0,0,0,0
479323247,1524,1560,1554,1668,1638,1643,0,0,1050,1050,0,0,0,0
479423245,1526,1560,1551,1666,1637,1645,0,0,1050,1050,0,0,0,0
479523245,1521,1556,1550,1669,1641,1645,0,0,1050,1050,0,0,0,0
479623353,1525,1559,1548,1667,1638,1647,0,0,1050,1050,0,0,0,0
479723284,1529,1562,1547,1664,1636,1649,0,0,1050,1050,0,0,0,0
479823201,1528,1565,1550,1666,1635,1648,0,0,1050,1050,0,0,0,0
479923262,1530,1573,1556,1669,1632,1647,0,0,1050,1050,0,0,0,0
480023249,1527,1575,1560,1671,1630,1644,0,0,1050,1050,0,0,0,0
480123472,1530,1574,1556,1668,1631,1647,0,0,1050,1050,0,0,0,0
480223315,1540,1585,1558,1662,1622,1646,0,0,1050,1050,0,0,0,0
480323299,1532,1578,1553,1669,1629,1651,0,0,1050,1050,0,0,0,0
480423243,1530,1578,1550,1669,1627,1652,0,0,1050,1050,0,0,0,0
480523160,1529,1579,1544,1668,1624,1655,0,0,1050,1050,0,0,0,0
480623348,1525,1571,1541,1667,1628,1653,0,0,1050,1050,0,0,0,0
480723312,1529,1571,1548,1660,1624,1644,0,0,1050,1050,0,0,0,0
480823335,1527,1561,1545,1660,1631,1645,0,0,1050,1050,0,0,0,0
480923307,1523,1559,1555,1662,1632,1636,0,0,1050,1050,0,0,0,0
481023294,1525,1567,1566,1664,1628,1629,0,0,1050,1050,0,0,0,0
481123281,1526,1569,1563,1663,1627,1632,0,0,1050,1050,0,0,0,0
481223275,1522,1574,1557,1666,1622,1637,0,0,1050,1050,0,0,0,0
481323253,1515,1580,1547,1673,1618,1647,0,0,1050,1050,0,0,0,0
481423270,1501,1588,1542,1684,1610,1652,0,0,1050,1050,0,0,0,0
481523186,1500,1592,1527,1683,1605,1663,0,0,1050,1050,0,0,0,0
481623432,1502,1597,1528,1682,1600,1662,0,0,1050,1050,0,0,0,0
481723279,1502,1599,1534,1684,1600,1658,0,0,1050,1050,0,0,0,0
481823401,1508,1594,1527,1679,1604,1664,0,0,1050,1050,0,0,0,0
481923325,1502,1587,1533,1684,1612,1660,0,0,1050,1050,0,0,0,0
482023260,1506,1590,1542,1683,1611,1654,0,0,1050,1050,0,0,0,0
482123353,1512,1589,1545,1678,1612,1651,0,0,1050,1050,0,0,0,0
482223273,1506,1582,1556,1682,1618,1642,0,0,1050,1050,0,0,0,0
482323213,1514,1577,1552,1675,1622,1644,0,0,1050,1050,0,0,0,0
482423216,1518,1570,1548,1671,1627,1647,0,0,1050,1050,0,0,0,0
482523240,1518,1572,1553,1672,1626,1643,0,0,1050,1050,0,0,0,0
482623344,1524,1576,1554,1669,1625,1644,0,0,1050,1050,0,0,0,0
482723302,1531,1577,1547,1667,1628,1653,0,0,1050,1050,0,0,0,0
482823320,1532,1583,1555,1670,1626,1651,0,0,1050,1050,0,0,0,0
482923246,1525,1571,1549,1677,1639,1658,0,0,1050,1050,0,0,0,0
483023264,1518,1570,1552,1678,1635,1651,0,0,1050,1050,0,0,0,0
483123254,1516,1581,1560,1681,1626,1645,0,0,1050,1050,0,0,0,0
483223564,1520,1581,1552,1677,1625,1651,0,0,1050,1050,0,0,0,0
483323548,1525,1582,1547,1671,1622,1653,0,0,1050,1050,0,0,0,0
483423424,1536,1591,1545,1664,1615,1657,0,0,1050,1050,0,0,0,0
483523520,1536,1589,1542,1670,1624,1666,0,0,1050,1050,0,0,0,0
483624133,1526,1582,1546,1677,1629,1661,0,0,1050,1050,0,0,0,0
483723576,1513,1577,1555,1683,1630,1649,0,0,1050,1050,0,0,0,0
483823524,1505,1573,1552,1684,1627,1646,0,0,1050,1050,0,0,0,0
483923474,1506,1574,1547,1682,1625,1650,0,0,1050,1050,0,0,0,0
484023522,1510,1575,1536,1678,1624,1658,0,0,1050,1050,0,0,0,0
484123649,1517,1574,1530,1671,1623,1661,0,0,1050,1050,0,0,0,0
484223553,1520,1578,1534,1670,1621,1659,0,0,1050,1050,0,0,0,0
484323542,1523,1575,1534,1669,1624,1660,0,0,1050,1050,0,0,0,0
484424008,1526,1577,1540,1670,1626,1658,0,0,1050,1050,0,0,0,0
484523555,1528,1576,1542,1671,1629,1659,0,0,1050,1050,0,0,0,0
484623557,1525,1575,1549,1674,1632,1655,0,0,1050,1050,0,0,0,0
484723506,1534,1578,1551,1668,1630,1654,0,0,1050,1050,0,0,0,0
484823527,1535,1570,1551,1668,1637,1654,0,0,1050,1050,0,0,0,0
484923572,1535,1572,1557,1667,1636,1649,0,0,1050,1050,0,0,0,0
485023489,1531,1570,1560,1670,1636,1646,0,0,1050,1050,0,0,0,0
485123631,1529,1565,1557,1671,1640,1647,0,0,1050,1050,0,0,0,0
485223551,1521,1564,1560,1673,1637,1641,0,0,1050,1050,0,0,0,0
485323601,1513,1565,1560,1681,1638,1642,0,0,1050,1050,0,0,0,0
485423470,1518,1569,1549,1677,1635,1652,0,0,1050,1050,0,0,0,0
485523541,1515,1572,1544,1677,1630,1654,0,0,1050,1050,0,0,0,0
485623524,1517,1575,1542,1678,1629,1657,0,0,1050,1050,0,0,0,0
485723515,1519,1575,1537,1676,1629,1662,0,0,1050,1050,0,0,0,0
485823496,1523,1579,1537,1671,1623,1659,0,0,1050,1050,0,0,0,0
485923515,1520,1575,1542,1673,1627,1656,0,0,1050,1050,0,0,0,0
486023570,1521,1572,1540,1670,1627,1655,0,0,1050,1050,0,0,0,0
486123688,1511,1571,1556,1675,1625,1638,0,0,1050,1050,0,0,0,0
486223533,1511,1563,1558,1673,1630,1634,0,0,1050,1050,0,0,0,0
486323480,1522,1567,1559,1665,1627,1634,0,0,1050,1050,0,0,0,0
486423492,1529,1569,1566,1661,1627,1630,0,0,1050,1050,0,0,0,0
486523479,1527,1566,1571,1666,1633,1628,0,0,1050,1050,0,0,0,0
486623450,1524,1558,1563,1667,1638,1634,0,0,1050,1050,0,0,0,0
486723496,1527,1556,1555,1664,1640,1640,0,0,1050,1050,0,0,0,0
486823511,1527,1566,1559,1667,1635,1641,0,0,1050,1050,0,0,0,0
486923527,1524,1572,1555,1672,1632,1647,0,0,1050,1050,0,0,0,0
487023623,1525,1578,1549,1674,1629,1654,0,0,1050,1050,0,0,0,0
487123585,1534,1584,1543,1668,1624,1660,0,0,1050,1050,0,0,0,0
487223531,1539,1583,1537,1666,1627,1667,0,0,1050,1050,0,0,0,0
487323514,1544,1587,1542,1663,1626,1665,0,0,1050,1050,0,0,0,0
487423509,1548,1581,1538,1662,1633,1670,0,0,1050,1050,0,0,0,0
487523502,1543,1570,1542,1664,1642,1666,0,0,1050,1050,0,0,0,0
487623697,1547,1567,1553,1663,1646,1658,0,0,1050,1050,0,0,0,0
487723539,1548,1568,1563,1662,1644,1649,0,0,1050,1050,0,0,0,0
487823513,1548,1569,1565,1660,1642,1646,0,0,1050,1050,0,0,0,0
487923416,1547,1567,1560,1658,1641,1648,0,0,1050,1050,0,0,0,0
488024001,1550,1571,1552,1653,1635,1652,0,0,1050,1050,0,0,0,0
488123696,1540,1571,1560,1661,1634,1644,0,0,1050,1050,0,0,0,0
488223584,1538,1576,1563,1663,1630,1641,0,0,1050,1050,0,0,0,0
488323498,1541,1573,1555,1657,1629,1646,0,0,1050,1050,0,0,0,0
488423535,1540,1569,1551,1657,1631,1647,0,0,1050,1050,0,0,0,0
488523494,1533,1569,1550,1662,1630,1647,0,0,1050,1050,0,0,0,0
488624099,1530,1571,1552,1664,1628,1645,0,0,1050,1050,0,0,0,0
488723556,1528,1574,1554,1664,1625,1643,0,0,1050,1050,0,0,0,0
488824070,1526,1568,1548,1665,1629,1647,0,0,1050,1050,0,0,0,0
488923530,1534,1571,1539,1658,1626,1655,0,0,1050,1050,0,0,0,0
489024029,1533,1572,1537,1660,1626,1656,0,0,1050,1050,0,0,0,0
489123584,1527,1572,1542,1665,1627,1653,0,0,1050,1050,0,0,0,0
489223495,1526,1575,1546,1667,1626,1651,0,0,1050,1050,0,0,0,0
489323531,1529,1578,1548,1666,1624,1651,0,0,1050,1050,0,0,0,0
489423917,1532,1581,1549,1664,1622,1650,0,0,1050,1050,0,0,0,0
489523514,1530,1576,1549,1664,1625,1649,0,0,1050,1050,0,0,0,0
489624087,1533,1573,1553,1662,1627,1645,0,0,1050,1050,0,0,0,0
489723507,1533,1564,1551,1660,1633,1645,0,0,1050,1050,0,0,0,0
489824031,1536,1562,1550,1659,1637,1647,0,0,1050,1050,0,0,0,0
489923488,1534,1566,1558,1662,1635,1642,0,0,1050,1050,0,0,0,0
490024014,1532,1565,1558,1663,1635,1641,0,0,1050,1050,0,0,0,0
490123510,1530,1569,1561,1667,1634,1641,0,0,1050,1050,0,0,0,0
490223530,1536,1568,1553,1663,1636,1649,0,0,1050,1050,0,0,0,0
490323494,1537,1577,1556,1663,1628,1647,0,0,1050,1050,0,0,0,0
490423880,1535,1578,1553,1665,1629,1651,0,0,1050,1050,0,0,0,0
490523469,1536,1582,1548,1664,1624,1654,0,0,1050,1050,0,0,0,0
490624136,1528,1580,1545,1669,1624,1655,0,0,1050,1050,0,0,0,0
490723520,1524,1580,1544,1672,1624,1656,0,0,1050,1050,0,0,0,0
490824054,1522,1581,1547,1674,1624,1654,0,0,1050,1050,0,0,0,0
490923508,1525,1582,1547,1670,1621,1651,0,0,1050,1050,0,0,0,0
491023500,1532,1583,1546,1664,1619,1653,0,0,1050,1050,0,0,0,0
491123689,1535,1584,1551,1662,1618,1648,0,0,1050,1050,0,0,0,0
491223524,1531,1578,1555,1664,1623,1644,0,0,1050,1050,0,0,0,0
491323531,1535,1577,1550,1659,1624,1647,0,0,1050,1050,0,0,0,0
491423508,1529,1572,1554,1667,1631,1646,0,0,1050,1050,0,0,0,0
491523460,1521,1569,1560,1674,1634,1642,0,0,1050,1050,0,0,0,0
491623526,1530,1568,1555,1666,1633,1645,0,0,1050,1050,0,0,0,0
491723527,1525,1564,1551,1666,1633,1644,0,0,1050,1050,0,0,0,0
491823511,1526,1567,1546,1666,1631,1649,0,0,1050,1050,0,0,0,0
491923446,1516,1573,1555,1674,1625,1642,0,0,1050,1050,0,0,0,0
492023499,1515,1577,1554,1674,1621,1642,0,0,1050,1050,0,0,0,0
492123651,1514,1571,1543,1672,1624,1648,0,0,1050,1050,0,0,0,0
492223447,1507,1570,1545,1676,1622,1645,0,0,1050,1050,0,0,0,0
492323512,1515,1576,1543,1670,1617,1647,0,0,1050,1050,0,0,0,0
492423495,1526,1583,1537,1661,1611,1652,0,0,1050,1050,0,0,0,0
492523547,1516,1582,1539,1667,1610,1648,0,0,1050,1050,0,0,0,0
492623688,1519,1581,1539,1667,1613,1650,0,0,1050,1050,0,0,0,0
492723561,1522,1577,1541,1667,1619,1651,0,0,1050,1050,0,0,0,0
492823455,1526,1575,1544,1664,1621,1648,0,0,1050,1050,0,0,0,0
492923517,1522,1571,1548,1666,1624,1645,0,0,1050,1050,0,0,0,0
493023540,1521,1572,1551,1667,1624,1643,0,0,1050,1050,0,0,0,0
493123564,1526,1571,1547,1664,1625,1646,0,0,1050,1050,0,0,0,0
493223489,1526,1571,1547,1663,1625,1646,0,0,1050,1050,0,0,0,0
493323524,1530,1571,1549,1661,1625,1645,0,0,1050,1050,0,0,0,0
493423535,1532,1572,1552,1660,1626,1643,0,0,1050,1050,0,0,0,0
493523466,1532,1566,1549,1660,1631,1646,0,0,1050,1050,0,0,0,0
493623546,1541,1574,1551,1654,1625,1645,0,0,1050,1050,0,0,0,0
493723527,1536,1573,1556,1659,1627,1642,0,0,1050,1050,0,0,0,0
493823515,1533,1573,1558,1663,1629,1642,0,0,1050,1050,0,0,0,0
493923478,1523,1570,1558,1668,1628,1639,0,0,1050,1050,0,0,0,0
494023550,1522,1568,1546,1669,1631,1650,0,0,1050,1050,0,0,0,0
494123519,1513,1569,1545,1674,1627,1648,0,0,1050,1050,0,0,0,0
494223471,1516,1573,1552,1674,1626,1645,0,0,1050,1050,0,0,0,0
494323508,1497,1556,1562,1686,1638,1633,0,0,1050,1050,0,0,0,0
494423551,1491,1549,1561,1687,1641,1631,0,0,1050,1050,0,0,0,0
494523535,1497,1559,1561,1680,1629,1627,0,0,1050,1050,0,0,0,0
494623533,1495,1565,1547,1678,1621,1636,0,0,1050,1050,0,0,0,0
494723527,1493,1570,1538,1677,1613,1641,0,0,1050,1050,0,0,0,0
494823550,1499,1574,1541,1676,1613,1643,0,0,1050,1050,0,0,0,0
494923518,1510,1574,1542,1668,1614,1642,0,0,1050,1050,0,0,0,0
495023511,1508,1576,1548,1675,1618,1642,0,0,1050,1050,0,0,0,0
495123708,1505,1588,1553,1681,1610,1642,0,0,1050,1050,0,0,0,0
495223498,1510,1586,1536,1680,1615,1659,0,0,1050,1050,0,0,0,0
495323548,1515,1578,1528,1683,1630,1673,0,0,1050,1050,0,0,0,0
495423572,1524,1581,1532,1676,1627,1669,0,0,1050,1050,0,0,0,0
495523508,1526,1577,1533,1672,1630,1667,0,0,1050,1050,0,0,0,0
495623757,1536,1571,1541,1662,1633,1658,0,0,1050,1050,0,0,0,0
495723552,1547,1564,1562,1658,1643,1645,0,0,1050,1050,0,0,0,0
495823537,1553,1559,1573,1653,1648,1636,0,0,1050,1050,0,0,0,0
495923500,1540,1546,1580,1664,1659,1629,0,0,1050,1050,0,0,0,0
496024001,1535,1545,1588,1670,1662,1624,0,0,1050,1050,0,0,0,0
496123683,1536,1536,1577,1662,1662,1626,0,0,1050,1050,0,0,0,0
496223545,1539,1537,1567,1656,1657,1631,0,0,1050,1050,0,0,0,0
496323516,1530,1544,1569,1665,1653,1632,0,0,1050,1050,0,0,0,0
496423396,1528,1556,1569,1663,1639,1627,0,0,1050,1050,0,0,0,0
496523507,1526,1556,1564,1662,1637,1630,0,0,1050,1050,0,0,0,0
496623617,1532,1562,1552,1658,1632,1642,0,0,1050,1050,0,0,0,0
496723585,1534,1573,1548,1658,1625,1646,0,0,1050,1050,0,0,0,0
496823960,1524,1574,1547,1666,1624,1648,0,0,1050,1050,0,0,0,0
496923515,1522,1573,1545,1670,1627,1651,0,0,1050,1050,0,0,0,0
497023820,1527,1571,1543,1670,1632,1657,0,0,1050,1050,0,0,0,0
497123689,1522,1567,1540,1672,1634,1657,0,0,1050,1050,0,0,0,0
497223586,1513,1572,1550,1680,1631,1650,0,0,1050,1050,0,0,0,0
497323578,1508,1573,1547,1686,1633,1655,0,0,1050,1050,0,0,0,0
497423487,1510,1588,1547,1687,1621,1658,0,0,1050,1050,0,0,0,0
497523574,1511,1583,1534,1685,1625,1667,0,0,1050,1050,0,0,0,0
497623533,1509,1576,1530,1683,1627,1666,0,0,1050,1050,0,0,0,0
497723497,1499,1569,1537,1686,1628,1656,0,0,1050,1050,0,0,0,0
497823974,1518,1577,1540,1672,1622,1654,0,0,1050,1050,0,0,0,0
497923579,1533,1573,1541,1664,1629,1657,0,0,1050,1050,0,0,0,0
498023561,1530,1558,1543,1666,1641,1654,0,0,1050,1050,0,0,0,0
498123582,1530,1553,1545,1662,1643,1650,0,0,1050,1050,0,0,0,0
498223512,1516,1548,1549,1668,1641,1640,0,0,1050,1050,0,0,0,0
498323500,1521,1556,1551,1667,1638,1642,0,0,1050,1050,0,0,0,0
498423521,1532,1558,1541,1662,1640,1654,0,0,1050,1050,0,0,0,0
498523532,1527,1557,1547,1670,1644,1653,0,0,1050,1050,0,0,0,0
498624041,1520,1559,1559,1679,1647,1647,0,0,1050,1050,0,0,0,0
498723538,1528,1557,1547,1674,1650,1658,0,0,1050,1050,0,0,0,0
498823590,1526,1555,1550,1675,1651,1655,0,0,1050,1050,0,0,0,0
498923536,1524,1552,1553,1677,1654,1654,0,0,1050,1050,0,0,0,0
499023607,1527,1557,1558,1675,1650,1649,0,0,1050,1050,0,0,0,0
499123530,1532,1563,1565,1672,1646,1644,0,0,1050,1050,0,0,0,0
499223535,1534,1569,1573,1669,1639,1636,0,0,1050,1050,0,0,0,0
499323523,1538,1574,1576,1668,1637,1634,0,0,1050,1050,0,0,0,0
499423465,1550,1567,1566,1658,1644,1645,0,0,1050,1050,0,0,0,0
499523442,1548,1560,1567,1661,1651,1644,0,0,1050,1050,0,0,0,0
499623622,1543,1557,1567,1665,1653,1645,0,0,1050,1050,0,0,0,0
499723577,1546,1554,1560,1661,1654,1649,0,0,1050,1050,0,0,0,0
499823499,1546,1552,1556,1660,1655,1651,0,0,1050,1050,0,0,0,0
499923540,1545,1561,1562,1664,1652,1650,0,0,1050,1050,0,0,0,0
500023478,1530,1552,1564,1676,1658,1647,0,0,1050,1050,0,0,0,0
500123603,1535,1548,1562,1667,1656,1645,0,0,1050,1050,0,0,0,0
500223583,1543,1547,1563,1660,1656,1642,0,0,1050,1050,0,0,0,0
500323445,1553,1551,1564,1653,1655,1644,0,0,1050,1050,0,0,0,0
500423938,1554,1551,1568,1654,1657,1642,0,0,1050,1050,0,0,0,0
500523517,1553,1550,1572,1656,1659,1639,0,0,1050,1050,0,0,0,0
500623790,1543,1550,1582,1662,1656,1627,0,0,1050,1050,0,0,0,0
500723543,1546,1548,1575,1657,1655,1631,0,0,1050,1050,0,0,0,0
500823552,1532,1539,1572,1665,1659,1631,0,0,1050,1050,0,0,0,0
500923486,1527,1551,1573,1669,1650,1630,0,0,1050,1050,0,0,0,0
501023480,1528,1560,1566,1668,1641,1636,0,0,1050,1050,0,0,0,0
501123645,1523,1561,1554,1668,1635,1642,0,0,1050,1050,0,0,0,0
501223577,1529,1560,1544,1662,1636,1650,0,0,1050,1050,0,0,0,0
501323511,1540,1562,1544,1657,1638,1653,0,0,1050,1050,0,0,0,0
501423484,1531,1558,1548,1666,1643,1652,0,0,1050,1050,0,0,0,0
501523557,1527,1567,1556,1667,1633,1642,0,0,1050,1050,0,0,0,0
501623533,1527,1564,1560,1669,1638,1642,0,0,1050,1050,0,0,0,0
501723396,1545,1560,1553,1657,1645,1650,0,0,1050,1050,0,0,0,0
501823260,1544,1564,1563,1657,1640,1641,0,0,1050,1050,0,0,0,0
501923210,1538,1554,1567,1660,1647,1635,0,0,1050,1050,0,0,0,0
502023241,1536,1550,1566,1661,1649,1635,0,0,1050,1050,0,0,0,0
502123265,1537,1555,1565,1658,1643,1634,0,0,1050,1050,0,0,0,0
502223207,1526,1552,1569,1663,1642,1627,0,0,1050,1050,0,0,0,0
502323251,1525,1553,1574,1659,1636,1617,0,0,1050,1050,0,0,0,0
502423259,1527,1545,1575,1651,1635,1608,0,0,1050,1050,0,0,0,0
502523482,1534,1553,1580,1653,1636,1612,0,0,1050,1050,0,0,0,0
502623694,1541,1564,1568,1647,1627,1623,0,0,1050,1050,0,0,0,0
502723499,1527,1556,1556,1657,1632,1633,0,0,1050,1050,0,0,0,0
502823543,1530,1559,1552,1657,1632,1639,0,0,1050,1050,0,0,0,0
502923490,1539,1566,1544,1656,1633,1652,0,0,1050,1050,0,0,0,0
503023502,1536,1574,1548,1662,1629,1651,0,0,1050,1050,0,0,0,0
503123525,1534,1567,1537,1665,1637,1662,0,0,1050,1050,0,0,0,0
503223606,1528,1560,1543,1672,1646,1660,0,0,1050,1050,0,0,0,0
503323549,1522,1563,1559,1679,1645,1648,0,0,1050,1050,0,0,0,0
503423516,1517,1562,1564,1681,1644,1642,0,0,1050,1050,0,0,0,0
503523528,1521,1565,1563,1678,1641,1643,0,0,1050,1050,0,0,0,0
503623512,1513,1570,1567,1685,1638,1641,0,0,1050,1050,0,0,0,0
503723444,1520,1567,1557,1679,1641,1650,0,0,1050,1050,0,0,0,0
503823580,1527,1569,1549,1672,1637,1655,0,0,1050,1050,0,0,0,0
503923518,1520,1564,1549,1677,1641,1654,0,0,1050,1050,0,0,0,0
504023954,1524,1563,1545,1675,1642,1658,0,0,1050,1050,0,0,0,0
504123626,1521,1564,1554,1678,1642,1651,0,0,1050,1050,0,0,0,0
504223551,1522,1562,1551,1675,1642,1652,0,0,1050,1050,0,0,0,0
504323490,1526,1568,1552,1672,1637,1651,0,0,1050,1050,0,0,0,0
504423485,1519,1565,1553,1676,1637,1648,0,0,1050,1050,0,0,0,0
504523509,1524,1569,1554,1675,1637,1651,0,0,1050,1050,0,0,0,0
504624053,1534,1568,1544,1668,1639,1659,0,0,1050,1050,0,0,0,0
504723514,1532,1569,1549,1672,1641,1658,0,0,1050,1050,0,0,0,0
504824025,1534,1572,1552,1671,1639,1657,0,0,1050,1050,0,0,0,0
504923562,1531,1566,1547,1673,1644,1660,0,0,1050,1050,0,0,0,0
505023979,1526,1563,1551,1675,1644,1655,0,0,1050,1050,0,0,0,0
505123581,1526,1560,1555,1676,1647,1652,0,0,1050,1050,0,0,0,0
505223541,1533,1563,1553,1669,1644,1653,0,0,1050,1050,0,0,0,0
505323507,1533,1564,1559,1672,1646,1650,0,0,1050,1050,0,0,0,0
505423992,1533,1561,1560,1671,1648,1649,0,0,1050,1050,0,0,0,0
505523506,1536,1564,1559,1667,1643,1647,0,0,1050,1050,0,0,0,0
505624007,1542,1565,1551,1664,1643,1655,0,0,1050,1050,0,0,0,0
505723474,1540,1569,1549,1663,1638,1655,0,0,1050,1050,0,0,0,0
505823928,1536,1576,1560,1670,1636,1650,0,0,1050,1050,0,0,0,0
505923554,1539,1575,1554,1668,1637,1656,0,0,1050,1050,0,0,0,0
506024052,1533,1572,1554,1670,1637,1653,0,0,1050,1050,0,0,0,0
506123637,1525,1563,1548,1673,1641,1654,0,0,1050,1050,0,0,0,0
506223585,1543,1575,1540,1660,1632,1662,0,0,1050,1050,0,0,0,0
506323513,1541,1570,1538,1664,1639,1666,0,0,1050,1050,0,0,0,0
506423932,1535,1564,1548,1668,1644,1657,0,0,1050,1050,0,0,0,0
506523462,1540,1563,1563,1666,1647,1647,0,0,1050,1050,0,0,0,0
506624008,1552,1560,1567,1657,1650,1643,0,0,1050,1050,0,0,0,0
506723531,1561,1556,1565,1649,1654,1646,0,0,1050,1050,0,0,0,0
506824063,1553,1555,1571,1654,1652,1638,0,0,1050,1050,0,0,0,0
506923558,1552,1555,1568,1657,1654,1642,0,0,1050,1050,0,0,0,0
507024052,1552,1554,1563,1655,1654,1646,0,0,1050,1050,0,0,0,0
507123597,1560,1561,1556,1652,1651,1655,0,0,1050,1050,0,0,0,0
507223470,1554,1558,1548,1656,1652,1661,0,0,1050,1050,0,0,0,0
507323539,1548,1556,1542,1661,1654,1666,0,0,1050,1050,0,0,0,0
507423966,1554,1573,1550,1660,1643,1663,0,0,1050,1050,0,0,0,0
507523541,1556,1577,1552,1661,1642,1664,0,0,1050,1050,0,0,0,0
507624047,1553,1569,1546,1665,1652,1671,0,0,1050,1050,0,0,0,0
507723505,1548,1567,1542,1670,1654,1675,0,0,1050,1050,0,0,0,0
507824047,1528,1555,1531,1682,1659,1679,0,0,1050,1050,0,0,0,0
507923494,1523,1570,1534,1684,1645,1675,0,0,1050,1050,0,0,0,0
508024116,1541,1588,1527,1669,1627,1680,0,0,1050,1050,0,0,0,0
508123551,1544,1592,1533,1667,1624,1676,0,0,1050,1050,0,0,0,0
508223536,1539,1573,1531,1665,1636,1672,0,0,1050,1050,0,0,0,0
508323518,1526,1556,1539,1674,1649,1662,0,0,1050,1050,0,0,0,0
508423987,1530,1556,1547,1666,1645,1652,0,0,1050,1050,0,0,0,0
508523471,1530,1553,1554,1666,1647,1646,0,0,1050,1050,0,0,0,0
508624058,1538,1556,1556,1660,1645,1644,0,0,1050,1050,0,0,0,0
508723518,1546,1555,1550,1653,1645,1649,0,0,1050,1050,0,0,0,0
508824061,1547,1557,1548,1654,1645,1653,0,0,1050,1050,0,0,0,0
508923548,1538,1553,1544,1661,1649,1656,0,0,1050,1050,0,0,0,0
509024009,1529,1557,1549,1669,1646,1652,0,0,1050,1050,0,0,0,0
509123587,1530,1554,1539,1668,1648,1660,0,0,1050,1050,0,0,0,0
509223613,1525,1562,1536,1669,1638,1660,0,0,1050,1050,0,0,0,0
509323494,1523,1562,1533,1670,1638,1663,0,0,1050,1050,0,0,0,0
509423950,1536,1568,1530,1662,1635,1667,0,0,1050,1050,0,0,0,0
509523506,1540,1568,1526,1659,1635,1670,0,0,1050,1050,0,0,0,0
509623549,1540,1564,1523,1661,1641,1675,0,0,1050,1050,0,0,0,0
509723552,1538,1570,1540,1666,1639,1665,0,0,1050,1050,0,0,0,0
509824075,1538,1569,1547,1668,1642,1661,0,0,1050,1050,0,0,0,0
509923499,1537,1567,1546,1670,1645,1662,0,0,1050,1050,0,0,0,0
510023959,1544,1565,1537,1665,1647,1670,0,0,1050,1050,0,0,0,0
510123648,1542,1565,1540,1665,1645,1666,0,0,1050,1050,0,0,0,0
510223628,1541,1566,1543,1665,1644,1664,0,0,1050,1050,0,0,0,0
510323525,1538,1563,1542,1664,1643,1661,0,0,1050,1050,0,0,0,0
510423975,1538,1566,1544,1663,1639,1658,0,0,1050,1050,0,0,0,0
510523568,1533,1564,1547,1664,1637,1652,0,0,1050,1050,0,0,0,0
510624117,1532,1562,1546,1664,1639,1652,0,0,1050,1050,0,0,0,0
510723543,1532,1559,1543,1667,1644,1658,0,0,1050,1050,0,0,0,0
510823919,1527,1561,1548,1669,1641,1651,0,0,1050,1050,0,0,0,0
510923467,1530,1563,1551,1667,1639,1649,0,0,1050,1050,0,0,0,0
511023922,1524,1559,1549,1674,1645,1653,0,0,1050,1050,0,0,0,0
511123571,1530,1567,1549,1670,1638,1654,0,0,1050,1050,0,0,0,0
511223583,1531,1567,1549,1669,1639,1655,0,0,1050,1050,0,0,0,0
511323434,1534,1565,1547,1667,1641,1656,0,0,1050,1050,0,0,0,0
511424006,1538,1565,1542,1664,1641,1661,0,0,1050,1050,0,0,0,0
511523521,1530,1562,1554,1672,1645,1653,0,0,1050,1050,0,0,0,0
511624155,1544,1566,1551,1662,1643,1656,0,0,1050,1050,0,0,0,0
511723508,1537,1552,1555,1667,1654,1651,0,0,1050,1050,0,0,0,0
511823933,1523,1537,1562,1671,1660,1638,0,0,1050,1050,0,0,0,0
511923558,1533,1554,1565,1662,1645,1634,0,0,1050,1050,0,0,0,0
512023968,1528,1555,1559,1664,1641,1638,0,0,1050,1050,0,0,0,0
512123584,1523,1563,1553,1670,1637,1646,0,0,1050,1050,0,0,0,0
512223421,1523,1570,1538,1671,1631,1659,0,0,1050,1050,0,0,0,0
512323555,1525,1571,1527,1668,1628,1666,0,0,1050,1050,0,0,0,0
512424035,1516,1571,1523,1675,1628,1670,0,0,1050,1050,0,0,0,0
512523527,1508,1563,1513,1680,1635,1676,0,0,1050,1050,0,0,0,0
512624183,1509,1570,1521,1682,1631,1673,0,0,1050,1050,0,0,0,0
512723253,1515,1573,1520,1676,1628,1673,0,0,1050,1050,0,0,0,0
512823273,1517,1572,1520,1673,1627,1671,0,0,1050,1050,0,0,0,0
512923199,1520,1581,1529,1675,1622,1668,0,0,1050,1050,0,0,0,0
513023215,1521,1580,1534,1673,1622,1663,0,0,1050,1050,0,0,0,0
513123306,1526,1577,1536,1669,1625,1661,0,0,1050,1050,0,0,0,0
513223276,1526,1579,1539,1671,1625,1661,0,0,1050,1050,0,0,0,0
513323327,1524,1577,1537,1673,1628,1663,0,0,1050,1050,0,0,0,0
513423314,1524,1571,1528,1670,1630,1667,0,0,1050,1050,0,0,0,0
513523232,1522,1574,1534,1672,1628,1662,0,0,1050,1050,0,0,0,0
513623299,1518,1580,1539,1677,1625,1660,0,0,1050,1050,0,0,0,0
513723252,1513,1577,1531,1682,1628,1668,0,0,1050,1050,0,0,0,0
513823321,1508,1581,1533,1687,1625,1667,0,0,1050,1050,0,0,0,0
513923213,1508,1581,1534,1689,1628,1668,0,0,1050,1050,0,0,0,0
514023247,1511,1576,1531,1688,1634,1673,0,0,1050,1050,0,0,0,0
514123358,1513,1577,1531,1686,1633,1672,0,0,1050,1050,0,0,0,0
514223331,1508,1577,1523,1685,1627,1673,0,0,1050,1050,0,0,0,0
514323331,1513,1584,1522,1679,1619,1673,0,0,1050,1050,0,0,0,0
514423263,1504,1584,1529,1684,1616,1665,0,0,1050,1050,0,0,0,0
514523232,1498,1586,1540,1687,1612,1653,0,0,1050,1050,0,0,0,0
514623347,1512,1587,1528,1678,1614,1666,0,0,1050,1050,0,0,0,0
514723222,1509,1587,1532,1679,1612,1661,0,0,1050,1050,0,0,0,0
514823252,1514,1585,1531,1676,1615,1663,0,0,1050,1050,0,0,0,0
514923199,1510,1580,1535,1679,1620,1660,0,0,1050,1050,0,0,0,0
515023275,1509,1578,1539,1683,1625,1659,0,0,1050,1050,0,0,0,0
515123483,1515,1574,1537,1682,1633,1665,0,0,1050,1050,0,0,0,0
515223385,1518,1575,1541,1682,1634,1663,0,0,1050,1050,0,0,0,0
515323234,1526,1577,1552,1678,1635,1657,0,0,1050,1050,0,0,0,0
515423318,1533,1578,1556,1672,1634,1653,0,0,1050,1050,0,0,0,0
515523226,1539,1570,1555,1665,1639,1652,0,0,1050,1050,0,0,0,0
515623350,1540,1560,1556,1662,1646,1649,0,0,1050,1050,0,0,0,0
515723241,1545,1556,1558,1656,1647,1645,0,0,1050,1050,0,0,0,0
515823251,1547,1556,1568,1658,1651,1640,0,0,1050,1050,0,0,0,0
515923321,1544,1560,1576,1664,1651,1636,0,0,1050,1050,0,0,0,0
516023325,1552,1562,1567,1659,1650,1646,0,0,1050,1050,0,0,0,0
516123446,1557,1570,1564,1654,1643,1648,0,0,1050,1050,0,0,0,0
516223247,1555,1568,1565,1656,1645,1648,0,0,1050,1050,0,0,0,0
516323250,1553,1561,1562,1656,1650,1649,0,0,1050,1050,0,0,0,0
516423267,1544,1554,1567,1660,1651,1640,0,0,1050,1050,0,0,0,0
516523196,1538,1557,1578,1665,1648,1629,0,0,1050,1050,0,0,0,0
516623481,1540,1551,1572,1657,1648,1630,0,0,1050,1050,0,0,0,0
516723198,1538,1544,1570,1654,1649,1626,0,0,1050,1050,0,0,0,0
516823307,1522,1537,1572,1664,1651,1620,0,0,1050,1050,0,0,0,0
516923311,1522,1555,1576,1664,1637,1618,0,0,1050,1050,0,0,0,0
517023292,1525,1566,1566,1664,1629,1629,0,0,1050,1050,0,0,0,0
517123312,1521,1563,1549,1664,1629,1640,0,0,1050,1050,0,0,0,0
517223256,1532,1570,1547,1663,1631,1651,0,0,1050,1050,0,0,0,0
517323228,1532,1569,1546,1662,1631,1650,0,0,1050,1050,0,0,0,0
517423239,1520,1563,1550,1669,1633,1644,0,0,1050,1050,0,0,0,0
517523242,1515,1561,1552,1673,1635,1643,0,0,1050,1050,0,0,0,0
517623452,1510,1564,1553,1679,1634,1644,0,0,1050,1050,0,0,0,0
517723263,1502,1565,1548,1682,1631,1645,0,0,1050,1050,0,0,0,0
517823319,1502,1573,1549,1683,1624,1645,0,0,1050,1050,0,0,0,0
517923305,1504,1579,1547,1679,1616,1644,0,0,1050,1050,0,0,0,0
518023268,1505,1580,1545,1680,1617,1648,0,0,1050,1050,0,0,0,0
518123260,1506,1570,1536,1678,1625,1655,0,0,1050,1050,0,0,0,0
518223262,1513,1574,1534,1675,1623,1658,0,0,1050,1050,0,0,0,0
518323236,1526,1581,1534,1672,1624,1665,0,0,1050,1050,0,0,0,0
518423242,1533,1581,1536,1670,1629,1668,0,0,1050,1050,0,0,0,0
518523329,1534,1574,1542,1671,1638,1665,0,0,1050,1050,0,0,0,0
518623330,1534,1566,1543,1671,1643,1663,0,0,1050,1050,0,0,0,0
518723344,1526,1555,1556,1674,1649,1649,0,0,1050,1050,0,0,0,0
518823281,1519,1557,1572,1677,1646,1632,0,0,1050,1050,0,0,0,0
518923224,1520,1559,1570,1673,1640,1631,0,0,1050,1050,0,0,0,0
519023260,1522,1557,1557,1669,1640,1639,0,0,1050,1050,0,0,0,0
519123264,1526,1561,1551,1666,1636,1645,0,0,1050,1050,0,0,0,0
519223234,1523,1568,1557,1670,1633,1642,0,0,1050,1050,0,0,0,0
519323211,1528,1572,1551,1666,1629,1647,0,0,1050,1050,0,0,0,0
519423258,1524,1567,1546,1670,1634,1652,0,0,1050,1050,0,0,0,0
519523261,1529,1569,1548,1667,1632,1651,0,0,1050,1050,0,0,0,0
519623458,1524,1563,1548,1671,1638,1652,0,0,1050,1050,0,0,0,0
519723339,1531,1567,1548,1666,1636,1652,0,0,1050,1050,0,0,0,0
519823293,1530,1562,1548,1664,1637,1649,0,0,1050,1050,0,0,0,0
519923252,1525,1563,1551,1669,1637,1647,0,0,1050,1050,0,0,0,0
520023263,1525,1564,1550,1670,1637,1649,0,0,1050,1050,0,0,0,0
520123395,1515,1562,1553,1677,1638,1647,0,0,1050,1050,0,0,0,0
520223232,1512,1568,1555,1675,1629,1641,0,0,1050,1050,0,0,0,0
520323240,1514,1565,1551,1673,1631,1643,0,0,1050,1050,0,0,0,0
520423287,1513,1562,1551,1673,1632,1642,0,0,1050,1050,0,0,0,0
520523289,1509,1562,1551,1674,1631,1641,0,0,1050,1050,0,0,0,0
520623422,1521,1568,1546,1668,1628,1647,0,0,1050,1050,0,0,0,0
520723285,1516,1563,1547,1672,1634,1647,0,0,1050,1050,0,0,0,0
520823265,1516,1557,1546,1671,1638,1647,0,0,1050,1050,0,0,0,0
520923244,1515,1553,1545,1673,1642,1649,0,0,1050,1050,0,0,0,0
521023242,1516,1559,1549,1674,1639,1648,0,0,1050,1050,0,0,0,0
521123354,1509,1561,1555,1680,1638,1643,0,0,1050,1050,0,0,0,0
521223219,1513,1554,1543,1676,1643,1653,0,0,1050,1050,0,0,0,0
521323573,1515,1554,1546,1676,1644,1651,0,0,1050,1050,0,0,0,0
521424031,1520,1561,1555,1674,1640,1646,0,0,1050,1050,0,0,0,0
521523569,1523,1555,1554,1672,1645,1647,0,0,1050,1050,0,0,0,0
521624110,1531,1557,1555,1665,1644,1645,0,0,1050,1050,0,0,0,0
521723554,1529,1556,1557,1667,1645,1644,0,0,1050,1050,0,0,0,0
521823942,1536,1559,1554,1664,1645,1649,0,0,1050,1050,0,0,0,0
521923458,1538,1559,1551,1663,1646,1652,0,0,1050,1050,0,0,0,0
522023527,1535,1560,1557,1664,1643,1646,0,0,1050,1050,0,0,0,0
522123650,1530,1557,1559,1666,1644,1641,0,0,1050,1050,0,0,0,0
522223534,1523,1551,1555,1670,1647,1644,0,0,1050,1050,0,0,0,0
522323529,1520,1554,1554,1672,1643,1643,0,0,1050,1050,0,0,0,0
522423613,1520,1564,1558,1672,1635,1640,0,0,1050,1050,0,0,0,0
522523514,1515,1559,1558,1677,1640,1641,0,0,1050,1050,0,0,0,0
522623547,1526,1558,1552,1671,1645,1650,0,0,1050,1050,0,0,0,0
522723622,1527,1550,1548,1668,1650,1651,0,0,1050,1050,0,0,0,0
522823551,1529,1550,1553,1666,1648,1645,0,0,1050,1050,0,0,0,0
522923555,1528,1543,1558,1663,1651,1638,0,0,1050,1050,0,0,0,0
523023553,1531,1544,1565,1660,1649,1631,0,0,1050,1050,0,0,0,0
523123594,1525,1542,1572,1664,1650,1624,0,0,1050,1050,0,0,0,0
523223509,1536,1551,1564,1658,1645,1633,0,0,1050,1050,0,0,0,0
523323555,1534,1550,1556,1659,1645,1641,0,0,1050,1050,0,0,0,0
523423428,1523,1542,1552,1667,1651,1643,0,0,1050,1050,0,0,0,0
523523534,1533,1563,1555,1663,1638,1645,0,0,1050,1050,0,0,0,0
523623964,1529,1571,1555,1669,1632,1647,0,0,1050,1050,0,0,0,0
523723556,1526,1565,1551,1669,1636,1648,0,0,1050,1050,0,0,0,0
523823562,1520,1558,1551,1673,1642,1648,0,0,1050,1050,0,0,0,0
523923481,1526,1560,1553,1674,1645,1651,0,0,1050,1050,0,0,0,0
524024016,1524,1555,1550,1675,1650,1654,0,0,1050,1050,0,0,0,0
524123674,1519,1553,1555,1677,1650,1648,0,0,1050,1050,0,0,0,0
524223568,1515,1554,1563,1680,1648,1640,0,0,1050,1050,0,0,0,0
524323529,1525,1556,1557,1672,1646,1645,0,0,1050,1050,0,0,0,0
524423898,1537,1558,1552,1663,1646,1650,0,0,1050,1050,0,0,0,0
524523523,1539,1556,1557,1663,1649,1648,0,0,1050,1050,0,0,0,0
524624055,1541,1559,1561,1663,1648,1646,0,0,1050,1050,0,0,0,0
524723498,1541,1558,1557,1664,1650,1651,0,0,1050,1050,0,0,0,0
524824056,1535,1556,1554,1664,1647,1648,0,0,1050,1050,0,0,0,0
524923521,1524,1555,1563,1670,1644,1637,0,0,1050,1050,0,0,0,0
525024015,1513,1541,1554,1673,1650,1640,0,0,1050,1050,0,0,0,0
525123287,1503,1542,1559,1676,1645,1630,0,0,1050,1050,0,0,0,0
525223514,1500,1547,1563,1674,1636,1622,0,0,1050,1050,0,0,0,0
525323489,1517,1556,1548,1665,1633,1640,0,0,1050,1050,0,0,0,0
525423920,1514,1557,1541,1669,1634,1648,0,0,1050,1050,0,0,0,0
525523537,1515,1560,1539,1669,1631,1650,0,0,1050,1050,0,0,0,0
525624137,1516,1561,1541,1670,1632,1650,0,0,1050,1050,0,0,0,0
525723504,1517,1563,1543,1674,1635,1653,0,0,1050,1050,0,0,0,0
525824001,1509,1559,1545,1679,1638,1650,0,0,1050,1050,0,0,0,0
525923512,1503,1551,1543,1683,1644,1651,0,0,1050,1050,0,0,0,0
526024011,1504,1555,1542,1681,1639,1651,0,0,1050,1050,0,0,0,0
526123612,1498,1551,1542,1680,1638,1646,0,0,1050,1050,0,0,0,0
526223442,1503,1551,1544,1678,1639,1645,0,0,1050,1050,0,0,0,0
526323517,1515,1563,1543,1673,1634,1651,0,0,1050,1050,0,0,0,0
526423911,1512,1558,1543,1676,1638,1652,0,0,1050,1050,0,0,0,0
526523495,1518,1555,1544,1672,1641,1651,0,0,1050,1050,0,0,0,0
526624024,1519,1554,1554,1672,1644,1644,0,0,1050,1050,0,0,0,0
526723556,1526,1561,1565,1670,1641,1638,0,0,1050,1050,0,0,0,0
526824073,1537,1555,1556,1664,1649,1648,0,0,1050,1050,0,0,0,0
526923578,1532,1550,1560,1671,1656,1647,0,0,1050,1050,0,0,0,0
527024053,1528,1550,1566,1673,1655,1641,0,0,1050,1050,0,0,0,0
527123609,1529,1557,1564,1670,1647,1641,0,0,1050,1050,0,0,0,0
527223567,1523,1557,1555,1672,1644,1646,0,0,1050,1050,0,0,0,0
527323573,1516,1557,1557,1676,1643,1643,0,0,1050,1050,0,0,0,0
527423978,1522,1562,1560,1675,1642,1644,0,0,1050,1050,0,0,0,0
527523476,1523,1556,1557,1675,1647,1647,0,0,1050,1050,0,0,0,0
527624156,1530,1559,1558,1669,1644,1645,0,0,1050,1050,0,0,0,0
527723540,1518,1555,1564,1677,1647,1639,0,0,1050,1050,0,0,0,0
527824043,1516,1551,1555,1676,1648,1645,0,0,1050,1050,0,0,0,0
527923520,1521,1564,1549,1671,1635,1648,0,0,1050,1050,0,0,0,0
528023987,1526,1564,1541,1667,1636,1655,0,0,1050,1050,0,0,0,0
528123599,1527,1564,1544,1670,1638,1656,0,0,1050,1050,0,0,0,0
528223575,1517,1558,1549,1676,1642,1649,0,0,1050,1050,0,0,0,0
528323459,1517,1562,1546,1676,1639,1653,0,0,1050,1050,0,0,0,0
528423466,1523,1571,1540,1675,1634,1661,0,0,1050,1050,0,0,0,0
528523495,1518,1567,1531,1677,1636,1667,0,0,1050,1050,0,0,0,0
528623621,1511,1565,1519,1676,1631,1670,0,0,1050,1050,0,0,0,0
528723539,1512,1573,1523,1680,1628,1671,0,0,1050,1050,0,0,0,0
528823541,1515,1579,1527,1679,1626,1670,0,0,1050,1050,0,0,0,0
528923455,1510,1573,1523,1680,1627,1670,0,0,1050,1050,0,0,0,0
529023591,1503,1575,1539,1688,1628,1660,0,0,1050,1050,0,0,0,0
529123540,1510,1573,1537,1684,1631,1663,0,0,1050,1050,0,0,0,0
529223506,1509,1568,1543,1683,1633,1655,0,0,1050,1050,0,0,0,0
529323526,1512,1560,1542,1679,1639,1655,0,0,1050,1050,0,0,0,0
529423554,1518,1560,1546,1676,1642,1653,0,0,1050,1050,0,0,0,0
529523533,1519,1554,1550,1676,1647,1650,0,0,1050,1050,0,0,0,0
529623573,1525,1553,1547,1669,1646,1651,0,0,1050,1050,0,0,0,0
529723505,1521,1552,1551,1670,1644,1645,0,0,1050,1050,0,0,0,0
529823968,1519,1555,1562,1670,1640,1634,0,0,1050,1050,0,0,0,0
529923481,1515,1550,1560,1669,1641,1632,0,0,1050,1050,0,0,0,0
530023568,1524,1549,1550,1663,1641,1640,0,0,1050,1050,0,0,0,0
530123598,1524,1553,1554,1663,1639,1639,0,0,1050,1050,0,0,0,0
530223549,1528,1548,1545,1662,1646,1648,0,0,1050,1050,0,0,0,0
530323515,1523,1547,1543,1666,1646,1650,0,0,1050,1050,0,0,0,0
530424032,1520,1553,1547,1671,1644,1648,0,0,1050,1050,0,0,0,0
530523557,1519,1557,1549,1670,1639,1645,0,0,1050,1050,0,0,0,0
530624034,1517,1552,1546,1672,1644,1648,0,0,1050,1050,0,0,0,0
530723543,1520,1549,1542,1673,1648,1654,0,0,1050,1050,0,0,0,0
530823924,1518,1552,1546,1673,1645,1651,0,0,1050,1050,0,0,0,0
530923446,1518,1556,1550,1673,1642,1647,0,0,1050,1050,0,0,0,0
531023945,1524,1557,1546,1670,1642,1651,0,0,1050,1050,0,0,0,0
531123604,1531,1564,1548,1667,1639,1652,0,0,1050,1050,0,0,0,0
531223540,1530,1565,1550,1668,1639,1652,0,0,1050,1050,0,0,0,0
531323592,1535,1564,1547,1667,1643,1657,0,0,1050,1050,0,0,0,0
531424015,1535,1562,1546,1667,1645,1659,0,0,1050,1050,0,0,0,0
531523463,1535,1564,1548,1669,1644,1658,0,0,1050,1050,0,0,0,0
531624149,1534,1557,1548,1669,1650,1657,0,0,1050,1050,0,0,0,0
531723586,1535,1554,1546,1666,1651,1658,0,0,1050,1050,0,0,0,0
531823994,1534,1557,1554,1667,1648,1650,0,0,1050,1050,0,0,0,0
531923527,1533,1553,1557,1668,1651,1647,0,0,1050,1050,0,0,0,0
532023997,1536,1550,1550,1663,1652,1651,0,0,1050,1050,0,0,0,0
532123653,1539,1552,1550,1661,1650,1651,0,0,1050,1050,0,0,0,0
532223533,1532,1551,1556,1666,1650,1646,0,0,1050,1050,0,0,0,0
532323488,1532,1552,1558,1664,1648,1643,0,0,1050,1050,0,0,0,0
532424007,1540,1555,1551,1657,1644,1647,0,0,1050,1050,0,0,0,0
532523503,1536,1555,1548,1660,1644,1650,0,0,1050,1050,0,0,0,0
532624013,1529,1558,1549,1666,1641,1649,0,0,1050,1050,0,0,0,0
532723550,1526,1558,1545,1668,1641,1653,0,0,1050,1050,0,0,0,0
532823991,1524,1554,1535,1670,1646,1662,0,0,1050,1050,0,0,0,0
532923531,1523,1555,1532,1671,1644,1664,0,0,1050,1050,0,0,0,0
533024025,1518,1560,1541,1677,1642,1658,0,0,1050,1050,0,0,0,0
533123657,1520,1562,1542,1675,1640,1658,0,0,1050,1050,0,0,0,0
533223551,1527,1568,1543,1672,1638,1659,0,0,1050,1050,0,0,0,0
533323496,1521,1567,1548,1677,1639,1656,0,0,1050,1050,0,0,0,0
533423934,1521,1559,1540,1674,1643,1659,0,0,1050,1050,0,0,0,0
533523483,1526,1560,1543,1672,1643,1658,0,0,1050,1050,0,0,0,0
533624004,1524,1560,1546,1673,1643,1655,0,0,1050,1050,0,0,0,0
533723511,1525,1556,1544,1672,1647,1657,0,0,1050,1050,0,0,0,0
533824021,1528,1557,1547,1670,1646,1654,0,0,1050,1050,0,0,0,0
533923594,1529,1559,1553,1670,1644,1650,0,0,1050,1050,0,0,0,0
534024047,1535,1562,1555,1666,1643,1649,0,0,1050,1050,0,0,0,0
534123590,1541,1564,1555,1661,1642,1649,0,0,1050,1050,0,0,0,0
534223517,1545,1562,1549,1657,1642,1653,0,0,1050,1050,0,0,0,0
534323483,1537,1563,1557,1664,1641,1646,0,0,1050,1050,0,0,0,0
534423934,1542,1565,1553,1659,1639,1649,0,0,1050,1050,0,0,0,0
534523452,1540,1560,1549,1661,1644,1653,0,0,1050,1050,0,0,0,0
534623953,1541,1561,1548,1661,1644,1655,0,0,1050,1050,0,0,0,0
534723554,1536,1562,1554,1667,1645,1652,0,0,1050,1050,0,0,0,0
534824065,1538,1562,1555,1665,1645,1651,0,0,1050,1050,0,0,0,0
534923546,1540,1558,1549,1665,1650,1657,0,0,1050,1050,0,0,0,0
535024052,1543,1558,1547,1663,1650,1659,0,0,1050,1050,0,0,0,0
535123720,1537,1555,1548,1666,1651,1657,0,0,1050,1050,0,0,0,0
535223585,1536,1561,1553,1665,1645,1652,0,0,1050,1050,0,0,0,0
535323550,1534,1559,1554,1667,1646,1650,0,0,1050,1050,0,0,0,0
535424003,1533,1557,1550,1666,1647,1652,0,0,1050,1050,0,0,0,0
535523496,1528,1559,1555,1670,1644,1648,0,0,1050,1050,0,0,0,0
535624039,1528,1563,1556,1670,1641,1647,0,0,1050,1050,0,0,0,0
535723521,1530,1564,1550,1667,1638,1651,0,0,1050,1050,0,0,0,0
535824027,1534,1568,1548,1665,1637,1654,0,0,1050,1050,0,0,0,0
535923549,1537,1566,1543,1662,1637,1657,0,0,1050,1050,0,0,0,0
536024025,1533,1565,1547,1666,1638,1654,0,0,1050,1050,0,0,0,0
536123607,1529,1565,1548,1669,1639,1653,0,0,1050,1050,0,0,0,0
536223566,1535,1563,1543,1665,1641,1658,0,0,1050,1050,0,0,0,0
536323433,1533,1559,1542,1666,1645,1659,0,0,1050,1050,0,0,0,0
536423994,1528,1559,1547,1670,1644,1655,0,0,1050,1050,0,0,0,0
536523570,1528,1558,1547,1670,1645,1654,0,0,1050,1050,0,0,0,0
536623854,1529,1564,1552,1669,1640,1650,0,0,1050,1050,0,0,0,0
536723553,1529,1561,1551,1668,1642,1650,0,0,1050,1050,0,0,0,0
536823568,1529,1564,1555,1667,1638,1646,0,0,1050,1050,0,0,0,0
536923518,1532,1565,1551,1664,1636,1648,0,0,1050,1050,0,0,0,0
537023510,1537,1561,1545,1661,1641,1655,0,0,1050,1050,0,0,0,0
537123655,1537,1565,1547,1662,1637,1653,0,0,1050,1050,0,0,0,0
537223563,1534,1566,1549,1664,1636,1651,0,0,1050,1050,0,0,0,0
537323510,1532,1567,1552,1666,1637,1650,0,0,1050,1050,0,0,0,0
537423656,1536,1567,1549,1663,1638,1653,0,0,1050,1050,0,0,0,0
537523566,1534,1564,1549,1666,1640,1653,0,0,1050,1050,0,0,0,0
537623558,1531,1564,1553,1668,1640,1650,0,0,1050,1050,0,0,0,0
537723587,1534,1561,1547,1665,1643,1655,0,0,1050,1050,0,0,0,0
537823953,1533,1562,1548,1666,1642,1654,0,0,1050,1050,0,0,0,0
537923533,1531,1558,1545,1666,1643,1655,0,0,1050,1050,0,0,0,0
538023607,1529,1564,1553,1667,1636,1646,0,0,1050,1050,0,0,0,0
538123551,1527,1564,1552,1669,1637,1648,0,0,1050,1050,0,0,0,0
538223511,1529,1567,1550,1668,1636,1650,0,0,1050,1050,0,0,0,0
538323548,1528,1568,1551,1669,1636,1650,0,0,1050,1050,0,0,0,0
538423995,1525,1566,1548,1670,1636,1651,0,0,1050,1050,0,0,0,0
538523349,1522,1564,1546,1671,1636,1652,0,0,1050,1050,0,0,0,0
538623347,1526,1569,1543,1667,1631,1653,0,0,1050,1050,0,0,0,0
538723254,1522,1571,1546,1670,1629,1651,0,0,1050,1050,0,0,0,0
538823255,1521,1566,1541,1671,1633,1654,0,0,1050,1050,0,0,0,0
538923288,1523,1566,1538,1666,1629,1654,0,0,1050,1050,0,0,0,0
539023240,1522,1567,1539,1665,1628,1652,0,0,1050,1050,0,0,0,0
539123231,1525,1573,1549,1667,1626,1647,0,0,1050,1050,0,0,0,0
539223309,1524,1573,1555,1670,1628,1644,0,0,1050,1050,0,0,0,0
539323285,1533,1577,1553,1665,1627,1649,0,0,1050,1050,0,0,0,0
539423371,1538,1575,1548,1663,1632,1655,0,0,1050,1050,0,0,0,0
539523334,1534,1574,1553,1667,1632,1651,0,0,1050,1050,0,0,0,0
539623456,1539,1569,1547,1664,1638,1657,0,0,1050,1050,0,0,0,0
539723324,1535,1563,1546,1666,1643,1657,0,0,1050,1050,0,0,0,0
539823323,1525,1562,1551,1672,1641,1651,0,0,1050,1050,0,0,0,0
539923177,1521,1561,1551,1674,1640,1649,0,0,1050,1050,0,0,0,0
540023201,1524,1563,1551,1673,1640,1651,0,0,1050,1050,0,0,0,0
540123283,1530,1564,1549,1670,1641,1654,0,0,1050,1050,0,0,0,0
540223289,1528,1565,1558,1672,1641,1648,0,0,1050,1050,0,0,0,0
540323327,1528,1559,1556,1671,1645,1648,0,0,1050,1050,0,0,0,0
540423298,1527,1559,1555,1670,1644,1647,0,0,1050,1050,0,0,0,0
540523516,1528,1557,1547,1667,1643,1651,0,0,1050,1050,0,0,0,0
540623572,1525,1561,1552,1668,1638,1646,0,0,1050,1050,0,0,0,0
540723571,1528,1566,1550,1667,1635,1649,0,0,1050,1050,0,0,0,0
540823959,1533,1567,1547,1665,1636,1654,0,0,1050,1050,0,0,0,0
540923471,1533,1572,1552,1667,1634,1651,0,0,1050,1050,0,0,0,0
541024016,1529,1573,1557,1670,1633,1647,0,0,1050,1050,0,0,0,0
541123716,1536,1574,1553,1665,1632,1650,0,0,1050,1050,0,0,0,0
541223597,1539,1576,1551,1661,1629,1651,0,0,1050,1050,0,0,0,0
541323523,1538,1576,1548,1660,1627,1652,0,0,1050,1050,0,0,0,0
541423972,1531,1575,1550,1664,1626,1648,0,0,1050,1050,0,0,0,0
541523492,1529,1576,1548,1666,1626,1650,0,0,1050,1050,0,0,0,0
541623637,1530,1575,1544,1666,1628,1655,0,0,1050,1050,0,0,0,0
541723556,1528,1575,1547,1668,1627,1652,0,0,1050,1050,0,0,0,0
541823576,1526,1573,1544,1670,1629,1655,0,0,1050,1050,0,0,0,0
541923488,1528,1568,1536,1669,1636,1663,0,0,1050,1050,0,0,0,0
542023555,1526,1571,1542,1672,1635,1660,0,0,1050,1050,0,0,0,0
542123653,1526,1576,1549,1673,1630,1654,0,0,1050,1050,0,0,0,0
542223540,1526,1576,1550,1671,1628,1651,0,0,1050,1050,0,0,0,0
542323507,1529,1573,1546,1666,1629,1652,0,0,1050,1050,0,0,0,0
542423490,1527,1572,1552,1667,1628,1646,0,0,1050,1050,0,0,0,0
542523520,1525,1574,1559,1669,1626,1640,0,0,1050,1050,0,0,0,0
542623608,1527,1570,1551,1666,1629,1645,0,0,1050,1050,0,0,0,0
542723539,1525,1573,1556,1668,1627,1641,0,0,1050,1050,0,0,0,0
542823559,1525,1571,1555,1669,1630,1644,0,0,1050,1050,0,0,0,0
542923506,1531,1572,1548,1666,1631,1653,0,0,1050,1050,0,0,0,0
543024026,1530,1573,1545,1667,1630,1655,0,0,1050,1050,0,0,0,0
543123618,1525,1571,1544,1670,1630,1655,0,0,1050,1050,0,0,0,0
543223597,1521,1566,1543,1673,1635,1655,0,0,1050,1050,0,0,0,0
543323511,1522,1565,1542,1670,1634,1654,0,0,1050,1050,0,0,0,0
543423936,1522,1569,1543,1668,1628,1651,0,0,1050,1050,0,0,0,0
543523563,1520,1573,1549,1669,1625,1646,0,0,1050,1050,0,0,0,0
543624070,1531,1575,1547,1662,1623,1648,0,0,1050,1050,0,0,0,0
543723607,1533,1571,1544,1660,1628,1651,0,0,1050,1050,0,0,0,0
543824032,1527,1573,1553,1666,1627,1645,0,0,1050,1050,0,0,0,0
543923526,1529,1571,1552,1665,1629,1646,0,0,1050,1050,0,0,0,0
544024045,1522,1563,1553,1670,1635,1645,0,0,1050,1050,0,0,0,0
544123625,1517,1560,1554,1671,1635,1640,0,0,1050,1050,0,0,0,0
544223472,1516,1559,1555,1671,1635,1639,0,0,1050,1050,0,0,0,0
544323532,1519,1560,1552,1669,1634,1642,0,0,1050,1050,0,0,0,0
544423975,1521,1560,1549,1667,1635,1645,0,0,1050,1050,0,0,0,0
544523487,1510,1551,1551,1674,1641,1641,0,0,1050,1050,0,0,0,0
544624041,1505,1548,1552,1675,1640,1636,0,0,1050,1050,0,0,0,0
544723540,1517,1558,1554,1668,1633,1637,0,0,1050,1050,0,0,0,0
544823364,1519,1559,1553,1667,1633,1639,0,0,1050,1050,0,0,0,0
544923295,1511,1557,1555,1675,1637,1639,0,0,1050,1050,0,0,0,0
545023277,1517,1558,1544,1671,1638,1649,0,0,1050,1050,0,0,0,0
545123364,1513,1555,1542,1674,1640,1651,0,0,1050,1050,0,0,0,0
545223388,1513,1559,1545,1675,1637,1649,0,0,1050,1050,0,0,0,0
545323232,1513,1556,1540,1674,1639,1652,0,0,1050,1050,0,0,0,0
545423244,1513,1560,1541,1676,1638,1654,0,0,1050,1050,0,0,0,0
545523273,1516,1568,1548,1679,1636,1653,0,0,1050,1050,0,0,0,0
545623443,1514,1563,1544,1679,1639,1655,0,0,1050,1050,0,0,0,0
545723310,1519,1559,1540,1677,1644,1661,0,0,1050,1050,0,0,0,0
545823264,1521,1558,1539,1676,1646,1662,0,0,1050,1050,0,0,0,0
545923242,1522,1555,1538,1675,1648,1662,0,0,1050,1050,0,0,0,0
546023272,1525,1563,1548,1674,1642,1655,0,0,1050,1050,0,0,0,0
546123271,1529,1565,1552,1671,1641,1653,0,0,1050,1050,0,0,0,0
546223210,1535,1562,1548,1667,1643,1655,0,0,1050,1050,0,0,0,0
546323232,1533,1561,1553,1668,1645,1652,0,0,1050,1050,0,0,0,0
546423182,1524,1560,1560,1672,1643,1643,0,0,1050,1050,0,0,0,0
546523267,1527,1560,1558,1670,1643,1644,0,0,1050,1050,0,0,0,0
546623396,1534,1561,1556,1665,1642,1646,0,0,1050,1050,0,0,0,0
546723293,1537,1559,1553,1661,1642,1648,0,0,1050,1050,0,0,0,0
546823288,1537,1566,1561,1663,1638,1643,0,0,1050,1050,0,0,0,0
546923279,1543,1567,1555,1658,1638,1648,0,0,1050,1050,0,0,0,0
547023287,1542,1568,1558,1662,1639,1649,0,0,1050,1050,0,0,0,0
547123272,1537,1566,1560,1667,1643,1648,0,0,1050,1050,0,0,0,0
547223357,1532,1569,1560,1670,1639,1646,0,0,1050,1050,0,0,0,0
547323233,1527,1561,1553,1670,1642,1648,0,0,1050,1050,0,0,0,0
547423259,1520,1554,1556,1670,1642,1641,0,0,1050,1050,0,0,0,0
547523297,1522,1555,1563,1668,1639,1633,0,0,1050,1050,0,0,0,0
547623381,1519,1558,1569,1667,1634,1625,0,0,1050,1050,0,0,0,0
547723300,1519,1564,1562,1666,1628,1630,0,0,1050,1050,0,0,0,0
547823297,1520,1566,1549,1666,1626,1641,0,0,1050,1050,0,0,0,0
547923288,1514,1570,1548,1673,1626,1645,0,0,1050,1050,0,0,0,0
548023223,1518,1569,1543,1670,1627,1650,0,0,1050,1050,0,0,0,0
548123436,1519,1571,1544,1670,1626,1650,0,0,1050,1050,0,0,0,0
548223198,1516,1568,1550,1672,1628,1644,0,0,1050,1050,0,0,0,0
548323272,1523,1567,1550,1670,1633,1648,0,0,1050,1050,0,0,0,0
548423305,1521,1550,1547,1669,1645,1647,0,0,1050,1050,0,0,0,0
548523306,1521,1548,1560,1669,1646,1635,0,0,1050,1050,0,0,0,0
548624161,1520,1537,1565,1667,1654,1630,0,0,1050,1050,0,0,0,0
548723511,1526,1526,1571,1659,1659,1620,0,0,1050,1050,0,0,0,0
548823939,1537,1533,1584,1647,1651,1606,0,0,1050,1050,0,0,0,0
548923512,1541,1537,1582,1643,1647,1606,0,0,1050,1050,0,0,0,0
549024005,1536,1536,1580,1646,1646,1607,0,0,1050,1050,0,0,0,0
549123562,1530,1539,1574,1654,1647,1616,0,0,1050,1050,0,0,0,0
549223524,1539,1554,1560,1655,1642,1636,0,0,1050,1050,0,0,0,0
549323532,1529,1560,1549,1663,1637,1647,0,0,1050,1050,0,0,0,0
549424005,1524,1566,1539,1666,1631,1654,0,0,1050,1050,0,0,0,0
549523488,1511,1569,1539,1676,1628,1654,0,0,1050,1050,0,0,0,0
549623977,1511,1574,1541,1680,1627,1656,0,0,1050,1050,0,0,0,0
549723508,1509,1566,1536,1681,1634,1660,0,0,1050,1050,0,0,0,0
549823949,1507,1569,1542,1682,1631,1655,0,0,1050,1050,0,0,0,0
549923498,1505,1567,1544,1683,1632,1652,0,0,1050,1050,0,0,0,0
550023956,1517,1572,1542,1675,1628,1654,0,0,1050,1050,0,0,0,0
550123636,1509,1570,1550,1680,1629,1647,0,0,1050,1050,0,0,0,0
550223652,1512,1568,1546,1675,1628,1647,0,0,1050,1050,0,0,0,0
550323545,1507,1568,1553,1678,1628,1641,0,0,1050,1050,0,0,0,0
550423969,1508,1562,1550,1674,1630,1640,0,0,1050,1050,0,0,0,0
550523516,1513,1561,1553,1672,1632,1639,0,0,1050,1050,0,0,0,0
550623991,1520,1562,1553,1671,1636,1644,0,0,1050,1050,0,0,0,0
550723592,1519,1561,1555,1675,1640,1645,0,0,1050,1050,0,0,0,0
550823993,1520,1556,1549,1674,1643,1650,0,0,1050,1050,0,0,0,0
550923474,1522,1564,1552,1674,1640,1650,0,0,1050,1050,0,0,0,0
551024025,1519,1568,1555,1678,1638,1649,0,0,1050,1050,0,0,0,0
551123583,1526,1570,1551,1674,1637,1654,0,0,1050,1050,0,0,0,0
551223571,1524,1576,1559,1678,1634,1649,0,0,1050,1050,0,0,0,0
551323513,1526,1577,1557,1676,1633,1650,0,0,1050,1050,0,0,0,0
551423940,1532,1579,1552,1670,1629,1653,0,0,1050,1050,0,0,0,0
551523253,1536,1581,1555,1666,1627,1650,0,0,1050,1050,0,0,0,0
551623944,1533,1580,1561,1669,1629,1646,0,0,1050,1050,0,0,0,0
551723520,1534,1577,1557,1668,1631,1649,0,0,1050,1050,0,0,0,0
551823986,1533,1571,1551,1667,1634,1651,0,0,1050,1050,0,0,0,0
551923492,1529,1567,1554,1667,1635,1646,0,0,1050,1050,0,0,0,0
552024018,1533,1568,1552,1662,1632,1646,0,0,1050,1050,0,0,0,0
552123559,1533,1566,1551,1663,1634,1648,0,0,1050,1050,0,0,0,0
552223495,1523,1561,1554,1669,1637,1643,0,0,1050,1050,0,0,0,0
552323491,1517,1560,1553,1670,1634,1640,0,0,1050,1050,0,0,0,0
552423520,1519,1561,1546,1669,1634,1646,0,0,1050,1050,0,0,0,0
552523477,1519,1565,1545,1668,1629,1647,0,0,1050,1050,0,0,0,0
552623718,1514,1568,1549,1671,1625,1642,0,0,1050,1050,0,0,0,0
552723594,1509,1564,1544,1676,1631,1648,0,0,1050,1050,0,0,0,0
552823540,1517,1566,1534,1671,1630,1657,0,0,1050,1050,0,0,0,0
552923496,1518,1572,1539,1668,1623,1651,0,0,1050,1050,0,0,0,0
553024028,1521,1571,1546,1667,1625,1647,0,0,1050,1050,0,0,0,0
553123543,1530,1568,1544,1661,1629,1649,0,0,1050,1050,0,0,0,0
553223516,1534,1570,1543,1658,1627,1651,0,0,1050,1050,0,0,0,0
553323501,1526,1569,1550,1666,1630,1647,0,0,1050,1050,0,0,0,0
553423522,1537,1576,1548,1660,1626,1651,0,0,1050,1050,0,0,0,0
553523532,1541,1572,1547,1662,1635,1656,0,0,1050,1050,0,0,0,0
553623647,1540,1569,1550,1662,1637,1652,0,0,1050,1050,0,0,0,0
553723527,1537,1565,1556,1663,1639,1647,0,0,1050,1050,0,0,0,0
553824062,1533,1561,1561,1667,1643,1643,0,0,1050,1050,0,0,0,0
553923552,1535,1561,1560,1666,1644,1645,0,0,1050,1050,0,0,0,0
554023463,1538,1561,1555,1664,1644,1649,0,0,1050,1050,0,0,0,0
554123573,1538,1568,1557,1664,1638,1648,0,0,1050,1050,0,0,0,0
554223589,1534,1568,1557,1666,1637,1647,0,0,1050,1050,0,0,0,0
554323446,1536,1567,1551,1664,1638,1652,0,0,1050,1050,0,0,0,0
554423899,1536,1571,1551,1665,1635,1653,0,0,1050,1050,0,0,0,0
554523504,1535,1575,1555,1668,1633,1651,0,0,1050,1050,0,0,0,0
554624118,1531,1573,1554,1670,1635,1651,0,0,1050,1050,0,0,0,0
554723533,1532,1570,1550,1670,1638,1655,0,0,1050,1050,0,0,0,0
554824024,1533,1570,1547,1667,1635,1655,0,0,1050,1050,0,0,0,0
554923497,1529,1569,1552,1668,1634,1649,0,0,1050,1050,0,0,0,0
555023967,1530,1573,1559,1667,1630,1642,0,0,1050,1050,0,0,0,0
555123518,1533,1573,1560,1664,1629,1641,0,0,1050,1050,0,0,0,0
555223556,1536,1572,1557,1661,1630,1644,0,0,1050,1050,0,0,0,0
555323552,1534,1571,1560,1662,1630,1641,0,0,1050,1050,0,0,0,0
555423970,1534,1573,1564,1663,1629,1637,0,0,1050,1050,0,0,0,0
555523557,1536,1574,1561,1661,1627,1640,0,0,1050,1050,0,0,0,0
555623984,1535,1569,1553,1661,1632,1646,0,0,1050,1050,0,0,0,0
555723508,1533,1575,1557,1663,1626,1643,0,0,1050,1050,0,0,0,0
555823925,1531,1576,1558,1665,1626,1642,0,0,1050,1050,0,0,0,0
555923501,1528,1571,1555,1667,1630,1644,0,0,1050,1050,0,0,0,0
556023924,1530,1569,1551,1665,1633,1648,0,0,1050,1050,0,0,0,0
556123510,1533,1571,1553,1663,1631,1647,0,0,1050,1050,0,0,0,0
556223488,1535,1569,1550,1661,1632,1648,0,0,1050,1050,0,0,0,0
556323553,1532,1567,1551,1663,1633,1647,0,0,1050,1050,0,0,0,0
556423983,1535,1568,1549,1660,1631,1648,0,0,1050,1050,0,0,0,0
556523510,1532,1570,1552,1662,1629,1645,0,0,1050,1050,0,0,0,0
556624185,1527,1570,1556,1665,1629,1641,0,0,1050,1050,0,0,0,0
556723518,1525,1569,1559,1666,1628,1637,0,0,1050,1050,0,0,0,0
556823957,1530,1574,1556,1662,1624,1640,0,0,1050,1050,0,0,0,0
556923439,1530,1576,1550,1661,1621,1644,0,0,1050,1050,0,0,0,0
557023964,1530,1583,1552,1663,1615,1644,0,0,1050,1050,0,0,0,0
557123643,1525,1588,1553,1668,1612,1644,0,0,1050,1050,0,0,0,0
557223545,1527,1587,1544,1667,1615,1653,0,0,1050,1050,0,0,0,0
557323521,1529,1578,1532,1667,1624,1664,0,0,1050,1050,0,0,0,0
557424009,1519,1578,1543,1674,1625,1655,0,0,1050,1050,0,0,0,0
557523542,1522,1575,1543,1672,1627,1655,0,0,1050,1050,0,0,0,0
557624103,1525,1576,1547,1670,1626,1651,0,0,1050,1050,0,0,0,0
557723499,1526,1583,1559,1670,1621,1642,0,0,1050,1050,0,0,0,0
557824007,1528,1579,1561,1668,1624,1641,0,0,1050,1050,0,0,0,0
557923498,1528,1577,1564,1667,1625,1636,0,0,1050,1050,0,0,0,0
558023972,1534,1572,1559,1662,1629,1641,0,0,1050,1050,0,0,0,0
558123627,1532,1568,1558,1663,1632,1641,0,0,1050,1050,0,0,0,0
558223468,1527,1569,1562,1666,1630,1636,0,0,1050,1050,0,0,0,0
558323528,1527,1573,1563,1665,1625,1635,0,0,1050,1050,0,0,0,0
558423581,1524,1573,1555,1666,1623,1640,0,0,1050,1050,0,0,0,0
558523482,1523,1579,1557,1666,1618,1638,0,0,1050,1050,0,0,0,0
558623685,1523,1584,1554,1667,1614,1641,0,0,1050,1050,0,0,0,0
558723567,1523,1585,1550,1668,1614,1645,0,0,1050,1050,0,0,0,0
558823479,1524,1582,1542,1668,1618,1653,0,0,1050,1050,0,0,0,0
558923514,1525,1584,1540,1667,1617,1656,0,0,1050,1050,0,0,0,0
559023532,1523,1582,1542,1669,1618,1653,0,0,1050,1050,0,0,0,0
559123680,1525,1582,1545,1668,1619,1652,0,0,1050,1050,0,0,0,0
559223638,1526,1578,1546,1668,1623,1652,0,0,1050,1050,0,0,0,0
559323524,1522,1575,1553,1671,1625,1645,0,0,1050,1050,0,0,0,0
559423944,1519,1573,1558,1673,1627,1641,0,0,1050,1050,0,0,0,0
559523501,1521,1573,1557,1673,1629,1644,0,0,1050,1050,0,0,0,0
559624043,1523,1581,1561,1676,1626,1644,0,0,1050,1050,0,0,0,0
559723543,1532,1580,1544,1664,1622,1654,0,0,1050,1050,0,0,0,0
559823955,1531,1583,1540,1664,1618,1656,0,0,1050,1050,0,0,0,0
559923541,1530,1584,1538,1666,1618,1659,0,0,1050,1050,0,0,0,0
560023994,1524,1577,1536,1669,1624,1660,0,0,1050,1050,0,0,0,0
560123553,1522,1575,1539,1672,1626,1658,0,0,1050,1050,0,0,0,0
560223524,1524,1574,1540,1671,1628,1657,0,0,1050,1050,0,0,0,0
560323543,1528,1573,1541,1666,1627,1656,0,0,1050,1050,0,0,0,0
560423479,1529,1578,1546,1665,1622,1651,0,0,1050,1050,0,0,0,0
560523546,1524,1579,1551,1670,1623,1647,0,0,1050,1050,0,0,0,0
560623637,1528,1575,1544,1669,1628,1655,0,0,1050,1050,0,0,0,0
560723524,1530,1576,1547,1667,1627,1654,0,0,1050,1050,0,0,0,0
560823623,1529,1572,1543,1667,1630,1655,0,0,1050,1050,0,0,0,0
560923536,1524,1563,1542,1670,1637,1656,0,0,1050,1050,0,0,0,0
561023505,1522,1563,1547,1670,1635,1649,0,0,1050,1050,0,0,0,0
561123628,1518,1567,1562,1675,1634,1639,0,0,1050,1050,0,0,0,0
561223528,1526,1570,1565,1668,1631,1636,0,0,1050,1050,0,0,0,0
561323495,1536,1575,1567,1664,1631,1638,0,0,1050,1050,0,0,0,0
561423956,1538,1562,1558,1664,1643,1647,0,0,1050,1050,0,0,0,0
561523521,1528,1558,1559,1668,1644,1643,0,0,1050,1050,0,0,0,0
561624069,1529,1560,1559,1667,1640,1642,0,0,1050,1050,0,0,0,0
561723548,1533,1563,1552,1661,1636,1645,0,0,1050,1050,0,0,0,0
561824001,1534,1564,1546,1660,1634,1650,0,0,1050,1050,0,0,0,0
561923546,1526,1560,1545,1667,1638,1651,0,0,1050,1050,0,0,0,0
562023990,1521,1558,1547,1670,1639,1648,0,0,1050,1050,0,0,0,0
562123508,1529,1562,1547,1664,1637,1650,0,0,1050,1050,0,0,0,0
562223501,1531,1563,1545,1664,1636,1652,0,0,1050,1050,0,0,0,0
562323554,1530,1566,1549,1666,1635,1650,0,0,1050,1050,0,0,0,0
562423965,1531,1567,1551,1666,1636,1650,0,0,1050,1050,0,0,0,0
562523466,1532,1563,1547,1666,1639,1653,0,0,1050,1050,0,0,0,0
562624238,1539,1564,1544,1662,1641,1658,0,0,1050,1050,0,0,0,0
562723499,1534,1565,1553,1668,1642,1653,0,0,1050,1050,0,0,0,0
562823269,1537,1561,1549,1668,1648,1658,0,0,1050,1050,0,0,0,0
562923307,1545,1563,1545,1663,1648,1663,0,0,1050,1050,0,0,0,0
563023265,1542,1559,1544,1666,1652,1664,0,0,1050,1050,0,0,0,0
563123247,1540,1562,1551,1668,1650,1659,0,0,1050,1050,0,0,0,0
563223282,1543,1564,1555,1668,1650,1658,0,0,1050,1050,0,0,0,0
563323200,1542,1558,1552,1669,1656,1661,0,0,1050,1050,0,0,0,0
563423204,1529,1551,1557,1675,1657,1652,0,0,1050,1050,0,0,0,0
563523228,1518,1549,1559,1679,1654,1645,0,0,1050,1050,0,0,0,0
563623528,1518,1550,1551,1676,1650,1649,0,0,1050,1050,0,0,0,0
563723331,1521,1561,1555,1673,1639,1645,0,0,1050,1050,0,0,0,0
563823302,1524,1566,1549,1669,1634,1649,0,0,1050,1050,0,0,0,0
563923249,1526,1560,1540,1667,1639,1656,0,0,1050,1050,0,0,0,0
564023200,1519,1558,1545,1673,1642,1653,0,0,1050,1050,0,0,0,0
564123263,1524,1567,1551,1672,1636,1649,0,0,1050,1050,0,0,0,0
564223250,1530,1570,1553,1669,1635,1650,0,0,1050,1050,0,0,0,0
564323241,1532,1561,1549,1667,1642,1653,0,0,1050,1050,0,0,0,0
564423226,1546,1564,1548,1659,1644,1657,0,0,1050,1050,0,0,0,0
564523278,1547,1555,1550,1658,1650,1655,0,0,1050,1050,0,0,0,0
564623374,1548,1554,1555,1657,1652,1651,0,0,1050,1050,0,0,0,0
564723338,1549,1553,1552,1655,1652,1653,0,0,1050,1050,0,0,0,0
564823284,1544,1556,1561,1660,1650,1646,0,0,1050,1050,0,0,0,0
564923261,1551,1568,1566,1661,1646,1647,0,0,1050,1050,0,0,0,0
565023261,1542,1569,1574,1669,1646,1642,0,0,1050,1050,0,0,0,0
565123387,1540,1571,1580,1670,1643,1636,0,0,1050,1050,0,0,0,0
565223235,1532,1561,1575,1672,1648,1636,0,0,1050,1050,0,0,0,0
565323252,1539,1562,1566,1664,1644,1640,0,0,1050,1050,0,0,0,0
565423277,1538,1559,1558,1662,1645,1645,0,0,1050,1050,0,0,0,0
565523281,1539,1561,1556,1660,1641,1646,0,0,1050,1050,0,0,0,0
565623274,1533,1557,1558,1664,1644,1643,0,0,1050,1050,0,0,0,0
565723331,1536,1556,1556,1660,1643,1643,0,0,1050,1050,0,0,0,0
565823321,1541,1560,1560,1658,1642,1642,0,0,1050,1050,0,0,0,0
565923255,1537,1553,1570,1663,1649,1634,0,0,1050,1050,0,0,0,0
566023262,1534,1551,1578,1661,1647,1623,0,0,1050,1050,0,0,0,0
566123392,1530,1548,1581,1666,1651,1621,0,0,1050,1050,0,0,0,0
566223204,1538,1557,1581,1662,1646,1625,0,0,1050,1050,0,0,0,0
566323299,1546,1563,1566,1655,1641,1639,0,0,1050,1050,0,0,0,0
566423311,1545,1564,1557,1658,1641,1648,0,0,1050,1050,0,0,0,0
566523272,1534,1561,1557,1665,1643,1646,0,0,1050,1050,0,0,0,0
566623390,1533,1567,1560,1668,1640,1646,0,0,1050,1050,0,0,0,0
566723263,1533,1572,1559,1671,1638,1649,0,0,1050,1050,0,0,0,0
566823298,1530,1572,1554,1673,1638,1653,0,0,1050,1050,0,0,0,0
566923221,1529,1571,1551,1672,1637,1654,0,0,1050,1050,0,0,0,0
567023236,1526,1568,1549,1672,1637,1653,0,0,1050,1050,0,0,0,0
567123500,1533,1567,1543,1667,1638,1659,0,0,1050,1050,0,0,0,0
567223301,1527,1564,1544,1671,1641,1658,0,0,1050,1050,0,0,0,0
567323302,1514,1560,1549,1680,1643,1652,0,0,1050,1050,0,0,0,0
567423277,1521,1563,1547,1675,1640,1654,0,0,1050,1050,0,0,0,0
567523215,1526,1562,1546,1669,1639,1653,0,0,1050,1050,0,0,0,0
567623402,1525,1565,1553,1671,1637,1648,0,0,1050,1050,0,0,0,0
567723233,1527,1570,1559,1670,1634,1643,0,0,1050,1050,0,0,0,0
567823219,1521,1566,1565,1674,1636,1637,0,0,1050,1050,0,0,0,0
567923261,1525,1562,1556,1670,1639,1644,0,0,1050,1050,0,0,0,0
568023279,1527,1565,1563,1669,1637,1639,0,0,1050,1050,0,0,0,0
568123419,1525,1562,1561,1670,1639,1639,0,0,1050,1050,0,0,0,0
568223297,1534,1565,1555,1662,1636,1644,0,0,1050,1050,0,0,0,0
568323289,1530,1564,1556,1665,1636,1642,0,0,1050,1050,0,0,0,0
568423291,1528,1568,1561,1666,1633,1639,0,0,1050,1050,0,0,0,0
568523253,1533,1572,1561,1665,1632,1642,0,0,1050,1050,0,0,0,0
568623264,1533,1570,1561,1668,1636,1645,0,0,1050,1050,0,0,0,0
568723213,1535,1573,1564,1667,1634,1642,0,0,1050,1050,0,0,0,0
568823183,1535,1561,1556,1664,1643,1647,0,0,1050,1050,0,0,0,0
568923272,1537,1557,1566,1662,1645,1637,0,0,1050,1050,0,0,0,0
569023268,1544,1553,1560,1654,1646,1640,0,0,1050,1050,0,0,0,0
569123436,1543,1549,1563,1652,1647,1634,0,0,1050,1050,0,0,0,0
569223410,1543,1543,1574,1655,1655,1629,0,0,1050,1050,0,0,0,0
569323257,1545,1546,1584,1652,1651,1617,0,0,1050,1050,0,0,0,0
569423210,1536,1538,1584,1656,1655,1613,0,0,1050,1050,0,0,0,0
569523247,1542,1542,1577,1650,1650,1619,0,0,1050,1050,0,0,0,0
569623362,1541,1553,1581,1652,1642,1616,0,0,1050,1050,0,0,0,0
569723233,1541,1560,1575,1654,1637,1624,0,0,1050,1050,0,0,0,0
569823263,1535,1563,1564,1656,1633,1632,0,0,1050,1050,0,0,0,0
569923260,1532,1559,1556,1661,1638,1641,0,0,1050,1050,0,0,0,0
570023327,1529,1556,1551,1664,1642,1646,0,0,1050,1050,0,0,0,0
570123438,1520,1556,1553,1672,1642,1645,0,0,1050,1050,0,0,0,0
570223242,1519,1569,1561,1674,1633,1640,0,0,1050,1050,0,0,0,0
570323245,1512,1572,1564,1683,1634,1641,0,0,1050,1050,0,0,0,0
570423272,1524,1575,1552,1677,1634,1654,0,0,1050,1050,0,0,0,0
570523229,1533,1583,1544,1669,1625,1660,0,0,1050,1050,0,0,0,0
570623310,1534,1586,1545,1671,1625,1662,0,0,1050,1050,0,0,0,0
570723253,1527,1577,1546,1676,1633,1661,0,0,1050,1050,0,0,0,0
570823365,1524,1573,1549,1676,1635,1656,0,0,1050,1050,0,0,0,0
570923291,1526,1574,1547,1672,1631,1655,0,0,1050,1050,0,0,0,0
571023322,1526,1580,1553,1672,1626,1651,0,0,1050,1050,0,0,0,0
571123399,1532,1580,1550,1670,1628,1655,0,0,1050,1050,0,0,0,0
571223315,1535,1584,1555,1669,1626,1652,0,0,1050,1050,0,0,0,0
571323220,1537,1589,1558,1665,1619,1647,0,0,1050,1050,0,0,0,0
571423206,1539,1584,1552,1664,1624,1653,0,0,1050,1050,0,0,0,0
571523212,1538,1578,1549,1663,1629,1654,0,0,1050,1050,0,0,0,0
571623426,1524,1565,1557,1668,1634,1641,0,0,1050,1050,0,0,0,0
571723281,1528,1568,1567,1662,1628,1628,0,0,1050,1050,0,0,0,0
571823299,1535,1567,1570,1656,1628,1626,0,0,1050,1050,0,0,0,0
571923276,1540,1569,1570,1653,1627,1627,0,0,1050,1050,0,0,0,0
572023274,1537,1564,1558,1657,1633,1638,0,0,1050,1050,0,0,0,0
572123382,1534,1568,1561,1659,1630,1636,0,0,1050,1050,0,0,0,0
572223308,1537,1574,1557,1659,1628,1643,0,0,1050,1050,0,0,0,0
572323239,1537,1576,1553,1660,1625,1646,0,0,1050,1050,0,0,0,0
572423232,1542,1582,1548,1658,1622,1653,0,0,1050,1050,0,0,0,0
572523190,1538,1588,1548,1664,1620,1656,0,0,1050,1050,0,0,0,0
572623455,1540,1590,1543,1665,1621,1662,0,0,1050,1050,0,0,0,0
572723312,1535,1591,1549,1671,1622,1659,0,0,1050,1050,0,0,0,0
572823321,1539,1590,1547,1667,1621,1660,0,0,1050,1050,0,0,0,0
572923246,1541,1581,1545,1665,1631,1662,0,0,1050,1050,0,0,0,0
573023223,1540,1573,1546,1664,1636,1660,0,0,1050,1050,0,0,0,0
573123418,1536,1566,1550,1663,1637,1651,0,0,1050,1050,0,0,0,0
573223190,1536,1563,1551,1661,1638,1648,0,0,1050,1050,0,0,0,0
573323222,1532,1563,1560,1661,1634,1637,0,0,1050,1050,0,0,0,0
573423262,1524,1563,1568,1666,1634,1629,0,0,1050,1050,0,0,0,0
573523253,1528,1563,1568,1664,1635,1630,0,0,1050,1050,0,0,0,0
573623466,1533,1568,1565,1656,1626,1628,0,0,1050,1050,0,0,0,0
573723241,1525,1572,1567,1660,1620,1624,0,0,1050,1050,0,0,0,0
573823306,1534,1576,1556,1654,1617,1635,0,0,1050,1050,0,0,0,0
573923243,1526,1574,1557,1661,1619,1634,0,0,1050,1050,0,0,0,0
574023254,1520,1579,1556,1669,1618,1638,0,0,1050,1050,0,0,0,0
574123290,1513,1581,1558,1675,1617,1638,0,0,1050,1050,0,0,0,0
574223242,1524,1579,1542,1667,1619,1652,0,0,1050,1050,0,0,0,0
574323238,1524,1582,1541,1668,1617,1654,0,0,1050,1050,0,0,0,0
574423265,1522,1587,1547,1673,1617,1653,0,0,1050,1050,0,0,0,0
574523252,1530,1598,1549,1669,1609,1653,0,0,1050,1050,0,0,0,0
574623311,1530,1590,1546,1665,1613,1653,0,0,1050,1050,0,0,0,0
574723292,1536,1579,1544,1660,1623,1653,0,0,1050,1050,0,0,0,0
574823305,1545,1568,1549,1655,1636,1652,0,0,1050,1050,0,0,0,0
574923259,1542,1562,1563,1658,1640,1640,0,0,1050,1050,0,0,0,0
575023211,1548,1558,1562,1651,1642,1638,0,0,1050,1050,0,0,0,0
575123225,1550,1571,1572,1648,1629,1628,0,0,1050,1050,0,0,0,0
575223290,1543,1568,1568,1651,1630,1629,0,0,1050,1050,0,0,0,0
575323310,1549,1572,1563,1645,1624,1632,0,0,1050,1050,0,0,0,0
575423295,1546,1568,1556,1646,1627,1637,0,0,1050,1050,0,0,0,0
575523270,1541,1571,1553,1652,1626,1642,0,0,1050,1050,0,0,0,0
575623350,1527,1566,1551,1662,1628,1641,0,0,1050,1050,0,0,0,0
575723314,1516,1560,1546,1669,1632,1644,0,0,1050,1050,0,0,0,0
575823263,1513,1570,1548,1672,1623,1643,0,0,1050,1050,0,0,0,0
575923195,1517,1582,1550,1671,1616,1644,0,0,1050,1050,0,0,0,0
576023199,1526,1581,1545,1666,1618,1650,0,0,1050,1050,0,0,0,0
576123223,1529,1580,1549,1667,1623,1650,0,0,1050,1050,0,0,0,0
576223275,1526,1581,1558,1672,1624,1645,0,0,1050,1050,0,0,0,0
576323363,1524,1583,1567,1675,1624,1639,0,0,1050,1050,0,0,0,0
576423313,1539,1583,1564,1666,1627,1645,0,0,1050,1050,0,0,0,0
576523234,1540,1581,1562,1663,1627,1645,0,0,1050,1050,0,0,0,0
576623461,1534,1585,1571,1671,1626,1639,0,0,1050,1050,0,0,0,0
576723311,1538,1596,1576,1670,1620,1638,0,0,1050,1050,0,0,0,0
576823275,1542,1593,1568,1670,1625,1648,0,0,1050,1050,0,0,0,0
576923195,1541,1594,1565,1672,1625,1652,0,0,1050,1050,0,0,0,0
577023260,1535,1594,1563,1679,1627,1655,0,0,1050,1050,0,0,0,0
577123373,1527,1593,1565,1685,1628,1653,0,0,1050,1050,0,0,0,0
577223305,1532,1597,1559,1679,1622,1656,0,0,1050,1050,0,0,0,0
577323302,1524,1599,1564,1684,1618,1651,0,0,1050,1050,0,0,0,0
577423266,1529,1590,1545,1675,1622,1662,0,0,1050,1050,0,0,0,0
577523248,1527,1591,1549,1674,1618,1656,0,0,1050,1050,0,0,0,0
577623393,1519,1588,1555,1678,1619,1648,0,0,1050,1050,0,0,0,0
577723215,1520,1590,1555,1676,1617,1648,0,0,1050,1050,0,0,0,0
577823215,1518,1582,1549,1674,1619,1649,0,0,1050,1050,0,0,0,0
577923243,1527,1583,1548,1668,1620,1651,0,0,1050,1050,0,0,0,0
578023272,1524,1583,1552,1672,1621,1649,0,0,1050,1050,0,0,0,0
578123271,1533,1594,1559,1669,1615,1647,0,0,1050,1050,0,0,0,0
578223301,1539,1595,1565,1667,1617,1645,0,0,1050,1050,0,0,0,0
578323293,1541,1588,1566,1667,1626,1646,0,0,1050,1050,0,0,0,0
578423285,1538,1583,1570,1671,1632,1644,0,0,1050,1050,0,0,0,0
578523258,1537,1574,1569,1670,1638,1642,0,0,1050,1050,0,0,0,0
578623458,1544,1572,1566,1661,1637,1642,0,0,1050,1050,0,0,0,0
578723246,1544,1572,1568,1659,1635,1639,0,0,1050,1050,0,0,0,0
578823257,1534,1565,1564,1666,1639,1640,0,0,1050,1050,0,0,0,0
578923245,1530,1569,1563,1664,1631,1636,0,0,1050,1050,0,0,0,0
579023240,1525,1567,1560,1664,1629,1635,0,0,1050,1050,0,0,0,0
579123456,1525,1567,1555,1659,1623,1634,0,0,1050,1050,0,0,0,0
579223268,1517,1563,1551,1661,1622,1632,0,0,1050,1050,0,0,0,0
579323208,1518,1571,1554,1661,1616,1631,0,0,1050,1050,0,0,0,0
579423984,1516,1571,1553,1664,1617,1633,0,0,1050,1050,0,0,0,0
579523512,1524,1572,1547,1659,1617,1640,0,0,1050,1050,0,0,0,0
579624126,1525,1571,1543,1661,1621,1646,0,0,1050,1050,0,0,0,0
579723555,1517,1573,1545,1668,1621,1645,0,0,1050,1050,0,0,0,0
579824065,1516,1581,1550,1671,1615,1643,0,0,1050,1050,0,0,0,0
579923474,1509,1586,1556,1678,1612,1640,0,0,1050,1050,0,0,0,0
580024043,1509,1585,1547,1680,1615,1649,0,0,1050,1050,0,0,0,0
580123536,1508,1580,1545,1681,1620,1652,0,0,1050,1050,0,0,0,0
580223462,1507,1580,1552,1683,1621,1646,0,0,1050,1050,0,0,0,0
580323550,1512,1585,1550,1679,1617,1648,0,0,1050,1050,0,0,0,0
580424005,1523,1589,1545,1673,1615,1654,0,0,1050,1050,0,0,0,0
580523595,1520,1589,1551,1676,1615,1650,0,0,1050,1050,0,0,0,0
580624068,1521,1585,1552,1675,1620,1650,0,0,1050,1050,0,0,0,0
580723563,1523,1585,1556,1674,1621,1647,0,0,1050,1050,0,0,0,0
580824073,1525,1590,1565,1672,1614,1638,0,0,1050,1050,0,0,0,0
580923523,1521,1584,1560,1672,1618,1640,0,0,1050,1050,0,0,0,0
581023963,1523,1576,1549,1669,1624,1648,0,0,1050,1050,0,0,0,0
581123656,1516,1572,1547,1673,1625,1648,0,0,1050,1050,0,0,0,0
581223650,1519,1577,1550,1669,1619,1644,0,0,1050,1050,0,0,0,0
581323518,1517,1575,1550,1670,1621,1643,0,0,1050,1050,0,0,0,0
581423956,1523,1580,1546,1665,1615,1646,0,0,1050,1050,0,0,0,0
581523523,1525,1579,1542,1659,1612,1645,0,0,1050,1050,0,0,0,0
581624166,1518,1577,1549,1663,1613,1638,0,0,1050,1050,0,0,0,0
581723515,1522,1571,1545,1659,1618,1641,0,0,1050,1050,0,0,0,0
581824054,1524,1566,1543,1661,1625,1645,0,0,1050,1050,0,0,0,0
581923472,1518,1566,1551,1667,1626,1639,0,0,1050,1050,0,0,0,0
582023912,1511,1567,1561,1675,1628,1634,0,0,1050,1050,0,0,0,0
582123583,1511,1575,1562,1677,1623,1635,0,0,1050,1050,0,0,0,0
582223544,1513,1575,1551,1677,1624,1646,0,0,1050,1050,0,0,0,0
582323527,1514,1582,1550,1675,1618,1647,0,0,1050,1050,0,0,0,0
582423493,1514,1585,1548,1676,1615,1648,0,0,1050,1050,0,0,0,0
582523541,1515,1581,1539,1679,1623,1660,0,0,1050,1050,0,0,0,0
582623651,1514,1584,1545,1682,1622,1657,0,0,1050,1050,0,0,0,0
582723534,1509,1584,1550,1686,1623,1653,0,0,1050,1050,0,0,0,0
582823527,1515,1586,1551,1682,1622,1654,0,0,1050,1050,0,0,0,0
582923476,1518,1592,1559,1681,1618,1648,0,0,1050,1050,0,0,0,0
583023504,1522,1592,1556,1679,1619,1651,0,0,1050,1050,0,0,0,0
583123634,1529,1594,1551,1674,1617,1656,0,0,1050,1050,0,0,0,0
583223952,1532,1600,1557,1672,1612,1652,0,0,1050,1050,0,0,0,0
583323537,1536,1601,1557,1672,1615,1654,0,0,1050,1050,0,0,0,0
583424036,1539,1594,1550,1669,1621,1660,0,0,1050,1050,0,0,0,0
583523501,1540,1598,1558,1668,1617,1654,0,0,1050,1050,0,0,0,0
583624162,1540,1598,1560,1668,1616,1652,0,0,1050,1050,0,0,0,0
583723547,1542,1594,1554,1665,1619,1655,0,0,1050,1050,0,0,0,0
583823964,1541,1591,1556,1663,1619,1650,0,0,1050,1050,0,0,0,0
583923520,1533,1585,1561,1666,1620,1642,0,0,1050,1050,0,0,0,0
584023944,1534,1585,1563,1667,1621,1642,0,0,1050,1050,0,0,0,0
584123584,1545,1589,1557,1657,1617,1646,0,0,1050,1050,0,0,0,0
584223543,1542,1590,1558,1657,1614,1643,0,0,1050,1050,0,0,0,0
584323559,1537,1586,1567,1661,1618,1635,0,0,1050,1050,0,0,0,0
584424004,1536,1577,1573,1661,1625,1629,0,0,1050,1050,0,0,0,0
584523528,1538,1568,1573,1655,1629,1624,0,0,1050,1050,0,0,0,0
584624098,1539,1559,1570,1650,1634,1623,0,0,1050,1050,0,0,0,0
584723549,1543,1552,1562,1647,1640,1630,0,0,1050,1050,0,0,0,0
584823979,1544,1553,1567,1650,1643,1630,0,0,1050,1050,0,0,0,0
584923480,1538,1549,1569,1653,1643,1626,0,0,1050,1050,0,0,0,0
585023220,1547,1559,1569,1645,1634,1625,0,0,1050,1050,0,0,0,0
585123290,1554,1572,1573,1642,1626,1626,0,0,1050,1050,0,0,0,0
585223266,1557,1572,1571,1643,1629,1630,0,0,1050,1050,0,0,0,0
585323275,1558,1562,1566,1644,1641,1637,0,0,1050,1050,0,0,0,0
585423276,1565,1565,1570,1640,1640,1636,0,0,1050,1050,0,0,0,0
585523232,1571,1568,1574,1636,1638,1633,0,0,1050,1050,0,0,0,0
585623369,1566,1574,1587,1642,1634,1622,0,0,1050,1050,0,0,0,0
585723312,1552,1573,1593,1656,1638,1620,0,0,1050,1050,0,0,0,0
585823218,1545,1575,1595,1663,1637,1619,0,0,1050,1050,0,0,0,0
585923203,1541,1592,1600,1667,1622,1614,0,0,1050,1050,0,0,0,0
586023260,1530,1576,1581,1673,1634,1629,0,0,1050,1050,0,0,0,0
586123368,1533,1575,1562,1668,1632,1644,0,0,1050,1050,0,0,0,0
586223271,1538,1579,1551,1663,1627,1652,0,0,1050,1050,0,0,0,0
586323262,1536,1586,1549,1663,1619,1652,0,0,1050,1050,0,0,0,0
586423290,1530,1591,1551,1667,1613,1650,0,0,1050,1050,0,0,0,0
586523241,1523,1595,1552,1672,1609,1648,0,0,1050,1050,0,0,0,0
586623289,1524,1593,1546,1670,1609,1652,0,0,1050,1050,0,0,0,0
586723225,1522,1593,1541,1669,1607,1653,0,0,1050,1050,0,0,0,0
586823308,1518,1597,1549,1672,1603,1647,0,0,1050,1050,0,0,0,0
586923212,1518,1594,1540,1671,1604,1653,0,0,1050,1050,0,0,0,0
587023274,1516,1591,1537,1673,1608,1657,0,0,1050,1050,0,0,0,0
587123447,1521,1592,1541,1670,1607,1653,0,0,1050,1050,0,0,0,0
587223327,1518,1590,1549,1671,1609,1647,0,0,1050,1050,0,0,0,0
587323282,1519,1586,1544,1670,1612,1650,0,0,1050,1050,0,0,0,0
587423279,1523,1591,1544,1667,1607,1650,0,0,1050,1050,0,0,0,0
587523271,1522,1595,1550,1668,1604,1645,0,0,1050,1050,0,0,0,0
587623408,1521,1593,1550,1669,1605,1645,0,0,1050,1050,0,0,0,0
587723233,1523,1590,1547,1667,1608,1647,0,0,1050,1050,0,0,0,0
587823272,1529,1589,1543,1663,1610,1652,0,0,1050,1050,0,0,0,0
587923275,1525,1589,1548,1666,1610,1647,0,0,1050,1050,0,0,0,0
588023299,1526,1582,1545,1664,1615,1648,0,0,1050,1050,0,0,0,0
588123253,1528,1581,1547,1663,1617,1647,0,0,1050,1050,0,0,0,0
588223293,1533,1581,1550,1660,1619,1647,0,0,1050,1050,0,0,0,0
588323258,1531,1579,1556,1662,1620,1641,0,0,1050,1050,0,0,0,0
588423276,1535,1576,1554,1659,1623,1643,0,0,1050,1050,0,0,0,0
588523249,1534,1578,1562,1660,1622,1636,0,0,1050,1050,0,0,0,0
588623436,1539,1585,1569,1659,1619,1633,0,0,1050,1050,0,0,0,0
588723272,1538,1584,1571,1663,1622,1634,0,0,1050,1050,0,0,0,0
588823318,1540,1584,1567,1661,1622,1638,0,0,1050,1050,0,0,0,0
588923300,1545,1585,1560,1657,1621,1644,0,0,1050,1050,0,0,0,0
589023359,1541,1587,1560,1658,1617,1642,0,0,1050,1050,0,0,0,0
589123224,1537,1596,1567,1661,1608,1636,0,0,1050,1050,0,0,0,0
589223302,1531,1593,1562,1665,1610,1639,0,0,1050,1050,0,0,0,0
589323261,1527,1594,1562,1667,1607,1637,0,0,1050,1050,0,0,0,0
589423218,1532,1590,1554,1661,1610,1643,0,0,1050,1050,0,0,0,0
589523192,1533,1583,1550,1660,1616,1645,0,0,1050,1050,0,0,0,0
589624112,1531,1576,1548,1659,1620,1645,0,0,1050,1050,0,0,0,0
589723580,1528,1572,1548,1658,1621,1642,0,0,1050,1050,0,0,0,0
589824054,1527,1573,1552,1658,1619,1637,0,0,1050,1050,0,0,0,0
589923560,1525,1575,1559,1661,1617,1632,0,0,1050,1050,0,0,0,0
590023962,1533,1578,1554,1654,1615,1637,0,0,1050,1050,0,0,0,0
590123475,1529,1578,1557,1658,1616,1635,0,0,1050,1050,0,0,0,0
590223295,1527,1579,1559,1661,1615,1633,0,0,1050,1050,0,0,0,0
590323492,1528,1583,1566,1661,1613,1628,0,0,1050,1050,0,0,0,0
590423951,1535,1584,1569,1659,1615,1629,0,0,1050,1050,0,0,0,0
590523480,1542,1583,1571,1656,1619,1631,0,0,1050,1050,0,0,0,0
590624135,1543,1586,1577,1659,1620,1629,0,0,1050,1050,0,0,0,0
590723487,1539,1583,1573,1662,1624,1633,0,0,1050,1050,0,0,0,0
590824002,1541,1582,1563,1663,1627,1643,0,0,1050,1050,0,0,0,0
590923489,1541,1582,1556,1662,1626,1649,0,0,1050,1050,0,0,0,0
591023979,1535,1589,1566,1667,1619,1640,0,0,1050,1050,0,0,0,0
591123554,1536,1596,1563,1666,1612,1643,0,0,1050,1050,0,0,0,0
591223984,1534,1590,1554,1667,1617,1650,0,0,1050,1050,0,0,0,0
591323501,1531,1590,1554,1668,1616,1648,0,0,1050,1050,0,0,0,0
591424008,1526,1589,1557,1669,1613,1642,0,0,1050,1050,0,0,0,0
591523537,1522,1581,1551,1668,1617,1643,0,0,1050,1050,0,0,0,0
591624117,1524,1575,1545,1663,1619,1646,0,0,1050,1050,0,0,0,0
591723581,1527,1568,1538,1658,1623,1650,0,0,1050,1050,0,0,0,0
591824000,1524,1569,1547,1661,1623,1642,0,0,1050,1050,0,0,0,0
591923419,1524,1573,1553,1659,1616,1634,0,0,1050,1050,0,0,0,0
592023992,1526,1576,1556,1657,1613,1632,0,0,1050,1050,0,0,0,0
592123603,1534,1575,1547,1653,1617,1641,0,0,1050,1050,0,0,0,0
592223559,1539,1576,1548,1653,1620,1646,0,0,1050,1050,0,0,0,0
592323551,1530,1573,1553,1663,1625,1644,0,0,1050,1050,0,0,0,0
592424020,1531,1576,1556,1665,1627,1644,0,0,1050,1050,0,0,0,0
592523531,1533,1580,1559,1667,1627,1646,0,0,1050,1050,0,0,0,0
592624215,1537,1585,1560,1666,1625,1647,0,0,1050,1050,0,0,0,0
592723502,1539,1583,1558,1665,1627,1649,0,0,1050,1050,0,0,0,0
592823932,1539,1584,1560,1666,1626,1648,0,0,1050,1050,0,0,0,0
592923466,1532,1586,1566,1669,1622,1641,0,0,1050,1050,0,0,0,0
593023965,1532,1584,1562,1668,1623,1643,0,0,1050,1050,0,0,0,0
593123643,1537,1583,1556,1664,1624,1649,0,0,1050,1050,0,0,0,0
593223603,1537,1586,1557,1665,1621,1648,0,0,1050,1050,0,0,0,0
593323556,1531,1586,1558,1667,1619,1645,0,0,1050,1050,0,0,0,0
593424032,1527,1584,1555,1667,1618,1644,0,0,1050,1050,0,0,0,0
593523537,1532,1581,1545,1664,1621,1653,0,0,1050,1050,0,0,0,0
593623966,1529,1581,1548,1666,1621,1651,0,0,1050,1050,0,0,0,0
593723466,1528,1584,1554,1666,1617,1644,0,0,1050,1050,0,0,0,0
593823990,1527,1588,1560,1667,1614,1640,0,0,1050,1050,0,0,0,0
593923443,1530,1587,1556,1666,1615,1643,0,0,1050,1050,0,0,0,0
594023958,1531,1581,1546,1665,1622,1652,0,0,1050,1050,0,0,0,0
594123590,1531,1582,1547,1665,1620,1651,0,0,1050,1050,0,0,0,0
594223591,1527,1584,1554,1668,1618,1645,0,0,1050,1050,0,0,0,0
594323524,1531,1582,1549,1664,1619,1649,0,0,1050,1050,0,0,0,0
594424007,1528,1582,1552,1668,1622,1649,0,0,1050,1050,0,0,0,0
594523454,1522,1578,1552,1673,1626,1649,0,0,1050,1050,0,0,0,0
594624075,1523,1578,1551,1674,1627,1652,0,0,1050,1050,0,0,0,0
594723514,1523,1581,1549,1675,1626,1654,0,0,1050,1050,0,0,0,0
594823974,1529,1589,1549,1671,1619,1655,0,0,1050,1050,0,0,0,0
594923427,1523,1588,1550,1677,1621,1655,0,0,1050,1050,0,0,0,0
595023971,1520,1579,1538,1676,1626,1662,0,0,1050,1050,0,0,0,0
595123637,1524,1581,1534,1672,1622,1663,0,0,1050,1050,0,0,0,0
595223573,1524,1584,1539,1671,1619,1658,0,0,1050,1050,0,0,0,0
595323560,1530,1581,1539,1664,1620,1657,0,0,1050,1050,0,0,0,0
595423930,1528,1574,1546,1664,1625,1650,0,0,1050,1050,0,0,0,0
595523525,1527,1576,1559,1666,1624,1640,0,0,1050,1050,0,0,0,0
595624086,1525,1578,1572,1672,1626,1631,0,0,1050,1050,0,0,0,0
595723488,1537,1581,1567,1662,1623,1636,0,0,1050,1050,0,0,0,0
595824005,1543,1574,1555,1655,1628,1645,0,0,1050,1050,0,0,0,0
595923361,1531,1573,1554,1661,1626,1643,0,0,1050,1050,0,0,0,0
596024002,1527,1582,1550,1666,1618,1647,0,0,1050,1050,0,0,0,0
596123639,1519,1586,1545,1673,1615,1652,0,0,1050,1050,0,0,0,0
596223573,1521,1589,1536,1673,1614,1661,0,0,1050,1050,0,0,0,0
596323480,1518,1594,1542,1675,1608,1655,0,0,1050,1050,0,0,0,0
596423944,1519,1597,1543,1675,1607,1656,0,0,1050,1050,0,0,0,0
596523509,1520,1590,1534,1673,1613,1662,0,0,1050,1050,0,0,0,0
596624104,1524,1588,1534,1668,1612,1660,0,0,1050,1050,0,0,0,0
596723553,1531,1596,1547,1662,1604,1649,0,0,1050,1050,0,0,0,0
596823939,1532,1590,1554,1662,1611,1644,0,0,1050,1050,0,0,0,0
596923435,1532,1572,1549,1660,1625,1646,0,0,1050,1050,0,0,0,0
597024015,1537,1563,1552,1652,1629,1639,0,0,1050,1050,0,0,0,0
597123588,1538,1555,1557,1650,1635,1634,0,0,1050,1050,0,0,0,0
597223550,1534,1552,1562,1651,1636,1626,0,0,1050,1050,0,0,0,0
597323528,1527,1554,1571,1658,1635,1620,0,0,1050,1050,0,0,0,0
597423955,1531,1560,1570,1659,1634,1626,0,0,1050,1050,0,0,0,0
597523535,1533,1565,1565,1660,1633,1633,0,0,1050,1050,0,0,0,0
597623640,1535,1568,1558,1662,1633,1642,0,0,1050,1050,0,0,0,0
597723511,1533,1565,1548,1664,1637,1652,0,0,1050,1050,0,0,0,0
597823613,1531,1571,1553,1667,1633,1649,0,0,1050,1050,0,0,0,0
597923491,1533,1576,1554,1666,1628,1648,0,0,1050,1050,0,0,0,0
598024045,1534,1577,1558,1665,1628,1645,0,0,1050,1050,0,0,0,0
598123623,1536,1579,1561,1665,1628,1644,0,0,1050,1050,0,0,0,0
598223515,1541,1576,1555,1661,1630,1649,0,0,1050,1050,0,0,0,0
598323526,1538,1570,1553,1663,1636,1651,0,0,1050,1050,0,0,0,0
598423556,1533,1575,1561,1666,1630,1643,0,0,1050,1050,0,0,0,0
598523491,1530,1571,1551,1669,1634,1652,0,0,1050,1050,0,0,0,0
598623744,1531,1572,1546,1667,1632,1655,0,0,1050,1050,0,0,0,0
598723517,1525,1570,1546,1670,1632,1653,0,0,1050,1050,0,0,0,0
598824024,1520,1572,1554,1674,1630,1646,0,0,1050,1050,0,0,0,0
598923502,1523,1573,1556,1670,1627,1643,0,0,1050,1050,0,0,0,0
599023508,1520,1569,1554,1670,1628,1642,0,0,1050,1050,0,0,0,0
599123533,1531,1574,1549,1662,1625,1647,0,0,1050,1050,0,0,0,0
599223581,1529,1573,1552,1662,1624,1643,0,0,1050,1050,0,0,0,0
599323492,1524,1574,1557,1667,1624,1639,0,0,1050,1050,0,0,0,0
599423983,1534,1571,1547,1661,1628,1649,0,0,1050,1050,0,0,0,0
599523442,1529,1566,1551,1669,1637,1650,0,0,1050,1050,0,0,0,0
599623730,1527,1567,1554,1668,1635,1646,0,0,1050,1050,0,0,0,0
599723514,1532,1568,1550,1665,1634,1650,0,0,1050,1050,0,0,0,0
599824073,1531,1565,1550,1667,1638,1652,0,0,1050,1050,0,0,0,0
599923460,1531,1566,1552,1668,1638,1651,0,0,1050,1050,0,0,0,0
600023913,1523,1565,1557,1673,1638,1646,0,0,1050,1050,0,0,0,0
600123570,1520,1565,1557,1674,1636,1643,0,0,1050,1050,0,0,0,0
600223492,1522,1565,1552,1674,1639,1650,0,0,1050,1050,0,0,0,0
600323726,1523,1567,1550,1674,1637,1652,0,0,1050,1050,0,0,0,0
600423991,1517,1564,1550,1676,1636,1648,0,0,1050,1050,0,0,0,0
600523518,1523,1564,1544,1671,1636,1653,0,0,1050,1050,0,0,0,0
600624147,1522,1564,1545,1670,1636,1652,0,0,1050,1050,0,0,0,0
600723541,1512,1564,1550,1675,1632,1645,0,0,1050,1050,0,0,0,0
600823994,1511,1568,1549,1677,1629,1646,0,0,1050,1050,0,0,0,0
600923508,1514,1574,1547,1676,1625,1649,0,0,1050,1050,0,0,0,0
601023947,1510,1575,1548,1679,1625,1649,0,0,1050,1050,0,0,0,0
601123541,1514,1585,1555,1677,1616,1644,0,0,1050,1050,0,0,0,0
601223477,1515,1583,1551,1676,1618,1647,0,0,1050,1050,0,0,0,0
601323511,1518,1582,1547,1674,1620,1650,0,0,1050,1050,0,0,0,0
601423519,1512,1574,1549,1678,1627,1649,0,0,1050,1050,0,0,0,0
601523502,1516,1571,1542,1674,1628,1653,0,0,1050,1050,0,0,0,0
601623578,1517,1571,1546,1675,1630,1652,0,0,1050,1050,0,0,0,0
601723510,1522,1570,1548,1674,1633,1653,0,0,1050,1050,0,0,0,0
601823946,1528,1572,1550,1671,1633,1652,0,0,1050,1050,0,0,0,0
601923485,1533,1572,1550,1667,1633,1652,0,0,1050,1050,0,0,0,0
602023952,1529,1570,1554,1671,1636,1650,0,0,1050,1050,0,0,0,0
602123678,1524,1571,1564,1676,1636,1642,0,0,1050,1050,0,0,0,0
602223498,1523,1571,1566,1675,1635,1640,0,0,1050,1050,0,0,0,0
602323532,1529,1569,1555,1670,1636,1648,0,0,1050,1050,0,0,0,0
602423504,1529,1569,1554,1670,1637,1650,0,0,1050,1050,0,0,0,0
602523573,1524,1569,1557,1674,1636,1647,0,0,1050,1050,0,0,0,0
602623556,1528,1568,1551,1671,1637,1652,0,0,1050,1050,0,0,0,0
602723504,1527,1570,1552,1671,1635,1651,0,0,1050,1050,0,0,0,0
602823964,1528,1571,1556,1672,1635,1649,0,0,1050,1050,0,0,0,0
602923487,1528,1570,1557,1671,1635,1647,0,0,1050,1050,0,0,0,0
603023982,1532,1567,1552,1667,1637,1650,0,0,1050,1050,0,0,0,0
603123733,1529,1567,1556,1668,1636,1645,0,0,1050,1050,0,0,0,0
603223538,1521,1568,1564,1674,1635,1638,0,0,1050,1050,0,0,0,0
603323511,1520,1568,1562,1675,1635,1640,0,0,1050,1050,0,0,0,0
603423568,1526,1570,1555,1671,1634,1647,0,0,1050,1050,0,0,0,0
603523502,1529,1570,1548,1670,1635,1654,0,0,1050,1050,0,0,0,0
603624010,1528,1577,1556,1671,1629,1647,0,0,1050,1050,0,0,0,0
603723574,1532,1575,1545,1666,1629,1655,0,0,1050,1050,0,0,0,0
603823968,1531,1577,1544,1667,1627,1657,0,0,1050,1050,0,0,0,0
603923502,1527,1583,1550,1671,1623,1652,0,0,1050,1050,0,0,0,0
604023481,1524,1584,1554,1674,1622,1649,0,0,1050,1050,0,0,0,0
604123680,1522,1579,1548,1676,1628,1655,0,0,1050,1050,0,0,0,0
604223552,1524,1573,1540,1675,1634,1663,0,0,1050,1050,0,0,0,0
604323495,1519,1571,1548,1679,1635,1655,0,0,1050,1050,0,0,0,0
604423529,1522,1574,1556,1674,1630,1646,0,0,1050,1050,0,0,0,0
604523507,1523,1572,1558,1672,1630,1643,0,0,1050,1050,0,0,0,0
604624101,1518,1570,1556,1671,1627,1639,0,0,1050,1050,0,0,0,0
604723514,1513,1568,1555,1672,1627,1638,0,0,1050,1050,0,0,0,0
604823516,1513,1570,1551,1673,1625,1641,0,0,1050,1050,0,0,0,0
604923483,1509,1577,1554,1676,1619,1640,0,0,1050,1050,0,0,0,0
605023997,1507,1579,1549,1677,1616,1643,0,0,1050,1050,0,0,0,0
605123671,1506,1575,1538,1678,1620,1653,0,0,1050,1050,0,0,0,0
605223532,1500,1574,1542,1682,1621,1649,0,0,1050,1050,0,0,0,0
605323553,1504,1575,1544,1681,1622,1649,0,0,1050,1050,0,0,0,0
605423928,1514,1577,1541,1674,1621,1652,0,0,1050,1050,0,0,0,0
605523566,1516,1576,1550,1672,1621,1645,0,0,1050,1050,0,0,0,0
605624096,1517,1577,1560,1673,1622,1638,0,0,1050,1050,0,0,0,0
605723569,1516,1565,1551,1674,1634,1646,0,0,1050,1050,0,0,0,0
605823982,1517,1569,1558,1675,1632,1641,0,0,1050,1050,0,0,0,0
605923508,1516,1566,1557,1676,1635,1643,0,0,1050,1050,0,0,0,0
606023987,1518,1562,1548,1673,1637,1649,0,0,1050,1050,0,0,0,0
606123548,1519,1568,1549,1670,1629,1646,0,0,1050,1050,0,0,0,0
606223512,1515,1572,1550,1673,1625,1644,0,0,1050,1050,0,0,0,0
606323533,1516,1570,1547,1673,1627,1648,0,0,1050,1050,0,0,0,0
606423959,1523,1573,1546,1670,1628,1652,0,0,1050,1050,0,0,0,0
606523475,1525,1572,1546,1668,1628,1651,0,0,1050,1050,0,0,0,0
606624100,1523,1574,1547,1667,1624,1647,0,0,1050,1050,0,0,0,0
606723268,1526,1577,1548,1667,1623,1648,0,0,1050,1050,0,0,0,0
606823283,1521,1575,1549,1672,1627,1649,0,0,1050,1050,0,0,0,0
606923280,1517,1577,1552,1678,1626,1649,0,0,1050,1050,0,0,0,0
607023247,1512,1571,1550,1683,1633,1652,0,0,1050,1050,0,0,0,0
607123300,1517,1569,1548,1679,1635,1654,0,0,1050,1050,0,0,0,0
607223257,1515,1568,1555,1679,1635,1646,0,0,1050,1050,0,0,0,0
607323262,1516,1568,1557,1677,1634,1644,0,0,1050,1050,0,0,0,0
607423194,1517,1570,1554,1677,1633,1647,0,0,1050,1050,0,0,0,0
607523212,1519,1580,1556,1676,1624,1645,0,0,1050,1050,0,0,0,0
607623343,1517,1586,1557,1677,1617,1644,0,0,1050,1050,0,0,0,0
607723287,1518,1586,1549,1677,1618,1652,0,0,1050,1050,0,0,0,0
607823330,1519,1589,1550,1677,1617,1652,0,0,1050,1050,0,0,0,0
607923263,1526,1584,1540,1672,1622,1661,0,0,1050,1050,0,0,0,0
608023272,1525,1580,1538,1672,1625,1662,0,0,1050,1050,0,0,0,0
608123400,1520,1581,1544,1675,1622,1655,0,0,1050,1050,0,0,0,0
608223261,1514,1575,1544,1679,1628,1655,0,0,1050,1050,0,0,0,0
608323233,1520,1580,1550,1678,1627,1654,0,0,1050,1050,0,0,0,0
608423222,1522,1582,1551,1678,1627,1654,0,0,1050,1050,0,0,0,0
608523252,1522,1581,1552,1678,1628,1653,0,0,1050,1050,0,0,0,0
608623417,1538,1582,1544,1666,1628,1661,0,0,1050,1050,0,0,0,0
608723283,1547,1582,1548,1658,1626,1656,0,0,1050,1050,0,0,0,0
608823387,1543,1576,1556,1660,1631,1649,0,0,1050,1050,0,0,0,0
608923250,1544,1570,1556,1660,1638,1650,0,0,1050,1050,0,0,0,0
609023272,1546,1560,1556,1656,1645,1648,0,0,1050,1050,0,0,0,0
609123252,1544,1551,1567,1655,1649,1635,0,0,1050,1050,0,0,0,0
609223245,1535,1545,1582,1658,1649,1616,0,0,1050,1050,0,0,0,0
609323242,1532,1540,1586,1655,1648,1607,0,0,1050,1050,0,0,0,0
609423201,1540,1545,1581,1650,1646,1613,0,0,1050,1050,0,0,0,0
609523293,1531,1551,1575,1657,1640,1618,0,0,1050,1050,0,0,0,0
609623343,1526,1557,1557,1661,1635,1635,0,0,1050,1050,0,0,0,0
609723334,1517,1569,1549,1672,1628,1646,0,0,1050,1050,0,0,0,0
609823258,1526,1581,1531,1669,1621,1664,0,0,1050,1050,0,0,0,0
609923314,1524,1581,1529,1673,1624,1669,0,0,1050,1050,0,0,0,0
610023267,1524,1580,1524,1675,1627,1675,0,0,1050,1050,0,0,0,0
610123376,1529,1581,1525,1672,1628,1676,0,0,1050,1050,0,0,0,0
610223157,1522,1581,1541,1677,1626,1661,0,0,1050,1050,0,0,0,0
610323282,1522,1578,1548,1679,1632,1658,0,0,1050,1050,0,0,0,0
610423296,1530,1570,1548,1677,1644,1662,0,0,1050,1050,0,0,0,0
610523266,1532,1564,1550,1673,1646,1659,0,0,1050,1050,0,0,0,0
610623460,1527,1565,1558,1675,1643,1649,0,0,1050,1050,0,0,0,0
610723246,1530,1568,1557,1671,1639,1648,0,0,1050,1050,0,0,0,0
610823269,1535,1569,1547,1667,1639,1657,0,0,1050,1050,0,0,0,0
610923320,1536,1570,1541,1663,1635,1659,0,0,1050,1050,0,0,0,0
611023189,1527,1568,1546,1670,1635,1654,0,0,1050,1050,0,0,0,0
611123497,1529,1576,1550,1671,1631,1654,0,0,1050,1050,0,0,0,0
611223224,1537,1573,1556,1667,1636,1651,0,0,1050,1050,0,0,0,0
611323270,1534,1570,1571,1668,1638,1637,0,0,1050,1050,0,0,0,0
611423287,1526,1563,1578,1676,1645,1632,0,0,1050,1050,0,0,0,0
611523267,1522,1556,1572,1677,1649,1635,0,0,1050,1050,0,0,0,0
611623390,1531,1563,1560,1670,1643,1646,0,0,1050,1050,0,0,0,0
611723252,1532,1568,1553,1669,1639,1652,0,0,1050,1050,0,0,0,0
611823316,1529,1572,1548,1671,1635,1656,0,0,1050,1050,0,0,0,0
611923241,1519,1568,1548,1678,1637,1654,0,0,1050,1050,0,0,0,0
612023252,1521,1570,1544,1673,1632,1654,0,0,1050,1050,0,0,0,0
612123398,1514,1574,1552,1677,1626,1646,0,0,1050,1050,0,0,0,0
612223305,1511,1574,1558,1681,1628,1643,0,0,1050,1050,0,0,0,0
612323261,1520,1579,1553,1678,1627,1650,0,0,1050,1050,0,0,0,0
612423235,1521,1587,1557,1677,1621,1648,0,0,1050,1050,0,0,0,0
612523247,1528,1589,1554,1670,1616,1649,0,0,1050,1050,0,0,0,0
612623262,1536,1586,1548,1666,1622,1656,0,0,1050,1050,0,0,0,0
612723338,1548,1590,1549,1663,1627,1663,0,0,1050,1050,0,0,0,0
612823989,1543,1583,1553,1666,1631,1658,0,0,1050,1050,0,0,0,0
612923528,1544,1587,1561,1665,1627,1650,0,0,1050,1050,0,0,0,0
613023551,1538,1579,1564,1670,1635,1649,0,0,1050,1050,0,0,0,0
613123687,1540,1579,1562,1667,1634,1648,0,0,1050,1050,0,0,0,0
613223480,1538,1582,1566,1667,1629,1643,0,0,1050,1050,0,0,0,0
613323578,1536,1577,1562,1668,1632,1646,0,0,1050,1050,0,0,0,0
613423580,1543,1576,1554,1662,1633,1653,0,0,1050,1050,0,0,0,0
613523497,1549,1578,1553,1658,1632,1654,0,0,1050,1050,0,0,0,0
613623615,1548,1582,1562,1661,1631,1649,0,0,1050,1050,0,0,0,0
613723597,1539,1577,1565,1667,1634,1644,0,0,1050,1050,0,0,0,0
613823970,1541,1580,1565,1665,1630,1643,0,0,1050,1050,0,0,0,0
613923526,1542,1573,1557,1663,1635,1650,0,0,1050,1050,0,0,0,0
614024071,1535,1569,1560,1666,1637,1646,0,0,1050,1050,0,0,0,0
614123638,1525,1568,1566,1674,1639,1640,0,0,1050,1050,0,0,0,0
614223540,1522,1566,1564,1674,1637,1639,0,0,1050,1050,0,0,0,0
614323460,1528,1564,1553,1667,1637,1647,0,0,1050,1050,0,0,0,0
614423918,1524,1564,1554,1670,1636,1645,0,0,1050,1050,0,0,0,0
614523512,1518,1566,1559,1672,1632,1638,0,0,1050,1050,0,0,0,0
614624012,1516,1566,1563,1673,1630,1633,0,0,1050,1050,0,0,0,0
614723466,1518,1572,1564,1673,1627,1634,0,0,1050,1050,0,0,0,0
614823952,1525,1576,1552,1667,1623,1645,0,0,1050,1050,0,0,0,0
614923506,1527,1577,1548,1668,1624,1651,0,0,1050,1050,0,0,0,0
615023982,1526,1581,1553,1670,1623,1648,0,0,1050,1050,0,0,0,0
615123637,1526,1581,1557,1675,1627,1649,0,0,1050,1050,0,0,0,0
615223949,1530,1575,1547,1671,1633,1658,0,0,1050,1050,0,0,0,0
615323505,1531,1576,1551,1672,1633,1656,0,0,1050,1050,0,0,0,0
615423910,1525,1572,1559,1676,1637,1647,0,0,1050,1050,0,0,0,0
615523520,1523,1566,1564,1673,1636,1638,0,0,1050,1050,0,0,0,0
615623990,1531,1569,1566,1664,1631,1634,0,0,1050,1050,0,0,0,0
615723488,1538,1572,1566,1657,1627,1633,0,0,1050,1050,0,0,0,0
615824021,1537,1577,1569,1662,1627,1635,0,0,1050,1050,0,0,0,0
615923490,1537,1586,1570,1666,1624,1638,0,0,1050,1050,0,0,0,0
616024022,1536,1583,1559,1670,1629,1650,0,0,1050,1050,0,0,0,0
616123590,1535,1579,1547,1670,1631,1660,0,0,1050,1050,0,0,0,0
616223513,1532,1580,1547,1670,1629,1658,0,0,1050,1050,0,0,0,0
616323476,1534,1581,1548,1668,1627,1656,0,0,1050,1050,0,0,0,0
616423940,1532,1576,1551,1669,1630,1652,0,0,1050,1050,0,0,0,0
616523515,1531,1566,1546,1664,1634,1651,0,0,1050,1050,0,0,0,0
616624123,1523,1560,1547,1665,1634,1645,0,0,1050,1050,0,0,0,0
616723518,1514,1563,1555,1670,1629,1636,0,0,1050,1050,0,0,0,0
616823971,1511,1564,1558,1672,1628,1633,0,0,1050,1050,0,0,0,0
616923519,1506,1566,1555,1671,1621,1631,0,0,1050,1050,0,0,0,0
617023934,1511,1571,1543,1665,1615,1640,0,0,1050,1050,0,0,0,0
617123592,1513,1577,1541,1668,1614,1645,0,0,1050,1050,0,0,0,0
617223516,1516,1581,1538,1669,1613,1651,0,0,1050,1050,0,0,0,0
617323526,1524,1582,1530,1664,1614,1660,0,0,1050,1050,0,0,0,0
617423922,1520,1579,1525,1670,1620,1666,0,0,1050,1050,0,0,0,0
617523440,1511,1578,1529,1680,1624,1666,0,0,1050,1050,0,0,0,0
617624157,1507,1573,1526,1684,1629,1669,0,0,1050,1050,0,0,0,0
617723499,1516,1583,1535,1680,1623,1665,0,0,1050,1050,0,0,0,0
617824013,1518,1587,1540,1680,1621,1663,0,0,1050,1050,0,0,0,0
617923482,1523,1587,1540,1681,1626,1667,0,0,1050,1050,0,0,0,0
618023917,1525,1587,1530,1679,1626,1675,0,0,1050,1050,0,0,0,0
618123537,1516,1591,1531,1685,1620,1673,0,0,1050,1050,0,0,0,0
618223473,1514,1595,1525,1685,1615,1677,0,0,1050,1050,0,0,0,0
618323535,1510,1597,1524,1687,1612,1676,0,0,1050,1050,0,0,0,0
618423926,1506,1595,1527,1689,1614,1673,0,0,1050,1050,0,0,0,0
618523508,1520,1595,1528,1677,1611,1670,0,0,1050,1050,0,0,0,0
618624151,1523,1580,1528,1671,1621,1667,0,0,1050,1050,0,0,0,0
618723606,1523,1575,1538,1670,1625,1658,0,0,1050,1050,0,0,0,0
618824009,1531,1571,1541,1663,1628,1654,0,0,1050,1050,0,0,0,0
618923517,1533,1567,1555,1665,1635,1645,0,0,1050,1050,0,0,0,0
619023552,1535,1562,1567,1664,1641,1637,0,0,1050,1050,0,0,0,0
619123527,1545,1563,1577,1657,1642,1629,0,0,1050,1050,0,0,0,0
619223546,1545,1555,1584,1658,1650,1624,0,0,1050,1050,0,0,0,0
619323573,1541,1548,1586,1659,1653,1619,0,0,1050,1050,0,0,0,0
619423977,1532,1550,1591,1665,1650,1612,0,0,1050,1050,0,0,0,0
619523480,1523,1548,1578,1667,1647,1620,0,0,1050,1050,0,0,0,0
619624076,1531,1560,1565,1662,1638,1633,0,0,1050,1050,0,0,0,0
619723492,1541,1578,1553,1661,1629,1651,0,0,1050,1050,0,0,0,0
619823540,1537,1581,1544,1665,1627,1660,0,0,1050,1050,0,0,0,0
619923531,1527,1576,1544,1674,1632,1660,0,0,1050,1050,0,0,0,0
620023618,1521,1572,1549,1680,1638,1658,0,0,1050,1050,0,0,0,0
620123541,1520,1564,1545,1673,1636,1652,0,0,1050,1050,0,0,0,0
620223540,1521,1556,1544,1671,1642,1652,0,0,1050,1050,0,0,0,0
620323563,1530,1559,1553,1668,1643,1648,0,0,1050,1050,0,0,0,0
620424020,1533,1558,1557,1668,1646,1647,0,0,1050,1050,0,0,0,0
620523561,1540,1556,1557,1663,1649,1648,0,0,1050,1050,0,0,0,0
620624132,1542,1553,1551,1658,1650,1651,0,0,1050,1050,0,0,0,0
620723474,1534,1547,1554,1666,1655,1649,0,0,1050,1050,0,0,0,0
620823929,1522,1546,1554,1671,1651,1645,0,0,1050,1050,0,0,0,0
620923509,1515,1556,1550,1676,1643,1647,0,0,1050,1050,0,0,0,0
621023913,1515,1562,1537,1675,1635,1657,0,0,1050,1050,0,0,0,0
621123624,1513,1567,1533,1677,1632,1661,0,0,1050,1050,0,0,0,0
621223592,1502,1567,1536,1682,1629,1656,0,0,1050,1050,0,0,0,0
621323525,1513,1574,1537,1679,1627,1660,0,0,1050,1050,0,0,0,0
621423999,1519,1574,1537,1677,1631,1663,0,0,1050,1050,0,0,0,0
621523471,1517,1570,1538,1678,1633,1662,0,0,1050,1050,0,0,0,0
621623949,1520,1560,1530,1674,1641,1666,0,0,1050,1050,0,0,0,0
621723568,1517,1561,1538,1676,1639,1660,0,0,1050,1050,0,0,0,0
621823626,1522,1566,1540,1672,1635,1657,0,0,1050,1050,0,0,0,0
621923524,1540,1571,1533,1658,1631,1664,0,0,1050,1050,0,0,0,0
622023924,1549,1574,1531,1655,1633,1670,0,0,1050,1050,0,0,0,0
622123701,1552,1570,1527,1658,1642,1678,0,0,1050,1050,0,0,0,0
622223526,1546,1571,1540,1668,1646,1673,0,0,1050,1050,0,0,0,0
622323572,1553,1574,1540,1661,1643,1671,0,0,1050,1050,0,0,0,0
622423957,1548,1565,1535,1661,1646,1671,0,0,1050,1050,0,0,0,0
622523606,1547,1569,1541,1665,1646,1669,0,0,1050,1050,0,0,0,0
622624086,1547,1571,1548,1667,1646,1666,0,0,1050,1050,0,0,0,0
622723566,1547,1567,1544,1664,1647,1666,0,0,1050,1050,0,0,0,0
622823954,1551,1560,1545,1659,1651,1664,0,0,1050,1050,0,0,0,0
622923507,1550,1552,1550,1656,1654,1656,0,0,1050,1050,0,0,0,0
623024004,1553,1551,1557,1655,1655,1650,0,0,1050,1050,0,0,0,0
623123668,1550,1556,1562,1658,1653,1647,0,0,1050,1050,0,0,0,0
623224062,1542,1555,1561,1662,1651,1646,0,0,1050,1050,0,0,0,0
623323474,1541,1556,1559,1662,1649,1647,0,0,1050,1050,0,0,0,0
623423977,1546,1557,1546,1658,1649,1659,0,0,1050,1050,0,0,0,0
623523568,1549,1561,1540,1656,1646,1663,0,0,1050,1050,0,0,0,0
623624001,1542,1558,1543,1663,1649,1662,0,0,1050,1050,0,0,0,0
623723545,1544,1557,1542,1663,1653,1666,0,0,1050,1050,0,0,0,0
623824013,1541,1558,1547,1665,1652,1661,0,0,1050,1050,0,0,0,0
623923514,1546,1564,1550,1661,1646,1659,0,0,1050,1050,0,0,0,0
624023998,1549,1567,1548,1659,1643,1660,0,0,1050,1050,0,0,0,0
624123601,1551,1567,1544,1656,1642,1662,0,0,1050,1050,0,0,0,0
624223519,1553,1565,1544,1656,1646,1663,0,0,1050,1050,0,0,0,0
624323497,1557,1568,1549,1656,1647,1663,0,0,1050,1050,0,0,0,0
624423883,1557,1564,1547,1657,1651,1666,0,0,1050,1050,0,0,0,0
624523526,1561,1563,1548,1653,1651,1664,0,0,1050,1050,0,0,0,0
624624026,1563,1558,1543,1651,1656,1668,0,0,1050,1050,0,0,0,0
624723520,1559,1559,1549,1654,1654,1662,0,0,1050,1050,0,0,0,0
624823994,1553,1561,1552,1657,1650,1658,0,0,1050,1050,0,0,0,0
624923498,1552,1556,1550,1656,1653,1658,0,0,1050,1050,0,0,0,0
625024003,1550,1556,1552,1659,1654,1657,0,0,1050,1050,0,0,0,0
625123501,1548,1554,1549,1659,1654,1659,0,0,1050,1050,0,0,0,0
625223521,1554,1554,1544,1655,1655,1663,0,0,1050,1050,0,0,0,0
625323531,1557,1556,1542,1651,1652,1664,0,0,1050,1050,0,0,0,0
625423954,1555,1557,1544,1655,1653,1665,0,0,1050,1050,0,0,0,0
625523500,1544,1556,1546,1663,1653,1662,0,0,1050,1050,0,0,0,0
625624254,1552,1561,1537,1656,1649,1669,0,0,1050,1050,0,0,0,0
625723616,1552,1566,1543,1658,1646,1665,0,0,1050,1050,0,0,0,0
625824061,1560,1571,1539,1653,1643,1670,0,0,1050,1050,0,0,0,0
625923512,1562,1573,1543,1654,1644,1670,0,0,1050,1050,0,0,0,0
626023938,1567,1570,1547,1654,1652,1672,0,0,1050,1050,0,0,0,0
626123540,1559,1566,1560,1661,1655,1660,0,0,1050,1050,0,0,0,0
626223619,1565,1564,1554,1657,1657,1666,0,0,1050,1050,0,0,0,0
626323552,1568,1560,1555,1658,1665,1669,0,0,1050,1050,0,0,0,0
626423912,1565,1557,1562,1657,1664,1659,0,0,1050,1050,0,0,0,0
626523482,1567,1551,1560,1653,1667,1659,0,0,1050,1050,0,0,0,0
626624175,1553,1534,1559,1654,1670,1649,0,0,1050,1050,0,0,0,0
626723592,1546,1528,1558,1656,1671,1646,0,0,1050,1050,0,0,0,0
626824028,1537,1536,1563,1661,1662,1639,0,0,1050,1050,0,0,0,0
626923453,1553,1554,1549,1651,1650,1655,0,0,1050,1050,0,0,0,0
627023957,1557,1556,1535,1654,1655,1672,0,0,1050,1050,0,0,0,0
627123693,1563,1566,1539,1655,1652,1675,0,0,1050,1050,0,0,0,0
627223582,1560,1559,1536,1659,1659,1679,0,0,1050,1050,0,0,0,0
627323550,1561,1557,1531,1658,1661,1682,0,0,1050,1050,0,0,0,0
627423976,1558,1556,1536,1662,1664,1681,0,0,1050,1050,0,0,0,0
627523507,1554,1558,1543,1662,1658,1671,0,0,1050,1050,0,0,0,0
627624224,1551,1559,1547,1663,1656,1666,0,0,1050,1050,0,0,0,0
627723598,1553,1563,1550,1661,1652,1663,0,0,1050,1050,0,0,0,0
627824013,1560,1561,1543,1656,1655,1670,0,0,1050,1050,0,0,0,0
627923509,1563,1559,1540,1653,1657,1673,0,0,1050,1050,0,0,0,0
628023908,1560,1558,1544,1655,1656,1668,0,0,1050,1050,0,0,0,0
628123627,1559,1556,1549,1656,1658,1664,0,0,1050,1050,0,0,0,0
628223528,1557,1551,1552,1656,1661,1661,0,0,1050,1050,0,0,0,0
628323515,1551,1547,1558,1657,1661,1651,0,0,1050,1050,0,0,0,0
628424040,1557,1553,1564,1653,1656,1647,0,0,1050,1050,0,0,0,0
628523478,1553,1550,1568,1655,1658,1642,0,0,1050,1050,0,0,0,0
628624196,1550,1558,1572,1653,1647,1634,0,0,1050,1050,0,0,0,0
628723527,1560,1567,1564,1649,1642,1645,0,0,1050,1050,0,0,0,0
628824035,1559,1561,1553,1651,1650,1657,0,0,1050,1050,0,0,0,0
628923462,1563,1567,1546,1652,1648,1666,0,0,1050,1050,0,0,0,0
629023249,1565,1566,1535,1648,1647,1673,0,0,1050,1050,0,0,0,0
629123361,1556,1554,1529,1650,1652,1673,0,0,1050,1050,0,0,0,0
629223272,1545,1552,1535,1654,1648,1662,0,0,1050,1050,0,0,0,0
629323275,1536,1534,1531,1655,1657,1660,0,0,1050,1050,0,0,0,0
629423302,1545,1538,1539,1651,1656,1656,0,0,1050,1050,0,0,0,0
629523308,1562,1561,1554,1642,1643,1649,0,0,1050,1050,0,0,0,0
629623377,1569,1562,1553,1647,1653,1660,0,0,1050,1050,0,0,0,0
629723246,1572,1562,1554,1650,1659,1666,0,0,1050,1050,0,0,0,0
629823335,1565,1553,1554,1651,1661,1660,0,0,1050,1050,0,0,0,0
629923151,1556,1545,1556,1655,1664,1655,0,0,1050,1050,0,0,0,0
630023226,1553,1554,1566,1659,1658,1648,0,0,1050,1050,0,0,0,0
630123260,1552,1549,1551,1656,1658,1657,0,0,1050,1050,0,0,0,0
630223280,1563,1566,1547,1651,1648,1665,0,0,1050,1050,0,0,0,0
630323263,1556,1556,1535,1653,1653,1670,0,0,1050,1050,0,0,0,0
630423251,1552,1564,1537,1652,1642,1664,0,0,1050,1050,0,0,0,0
630523257,1549,1561,1533,1653,1642,1667,0,0,1050,1050,0,0,0,0
630623352,1546,1555,1536,1659,1651,1668,0,0,1050,1050,0,0,0,0
630723245,1540,1553,1544,1669,1659,1666,0,0,1050,1050,0,0,0,0
630823256,1547,1563,1552,1666,1652,1661,0,0,1050,1050,0,0,0,0
630923234,1560,1565,1548,1655,1650,1666,0,0,1050,1050,0,0,0,0
631023218,1566,1567,1552,1652,1651,1665,0,0,1050,1050,0,0,0,0
631123340,1564,1568,1556,1656,1653,1664,0,0,1050,1050,0,0,0,0
631223345,1564,1571,1555,1656,1651,1665,0,0,1050,1050,0,0,0,0
631323267,1567,1573,1553,1655,1650,1667,0,0,1050,1050,0,0,0,0
631423286,1561,1567,1548,1654,1649,1665,0,0,1050,1050,0,0,0,0
631523277,1560,1572,1549,1653,1642,1662,0,0,1050,1050,0,0,0,0
631623368,1555,1570,1553,1661,1648,1662,0,0,1050,1050,0,0,0,0
631723249,1557,1571,1557,1661,1649,1661,0,0,1050,1050,0,0,0,0
631823236,1546,1563,1559,1671,1656,1660,0,0,1050,1050,0,0,0,0
631923225,1547,1563,1553,1667,1654,1662,0,0,1050,1050,0,0,0,0
632023305,1548,1566,1552,1667,1652,1664,0,0,1050,1050,0,0,0,0
632123302,1546,1573,1556,1672,1649,1664,0,0,1050,1050,0,0,0,0
632223294,1544,1569,1542,1670,1649,1671,0,0,1050,1050,0,0,0,0
632323237,1550,1578,1527,1663,1638,1681,0,0,1050,1050,0,0,0,0
632423266,1551,1586,1520,1660,1628,1685,0,0,1050,1050,0,0,0,0
632523275,1548,1590,1521,1657,1619,1679,0,0,1050,1050,0,0,0,0
632623184,1535,1582,1525,1667,1626,1675,0,0,1050,1050,0,0,0,0
632723530,1538,1582,1526,1665,1627,1675,0,0,1050,1050,0,0,0,0
632823488,1553,1586,1527,1652,1622,1673,0,0,1050,1050,0,0,0,0
632923507,1553,1580,1535,1655,1631,1670,0,0,1050,1050,0,0,0,0
633024021,1560,1574,1527,1650,1637,1677,0,0,1050,1050,0,0,0,0
633123533,1551,1554,1522,1654,1651,1678,0,0,1050,1050,0,0,0,0
633223541,1545,1556,1527,1652,1643,1667,0,0,1050,1050,0,0,0,0
633323520,1542,1563,1531,1657,1639,1666,0,0,1050,1050,0,0,0,0
633423512,1536,1573,1537,1666,1634,1664,0,0,1050,1050,0,0,0,0
633523524,1533,1572,1534,1673,1640,1673,0,0,1050,1050,0,0,0,0
633624072,1528,1580,1542,1678,1635,1668,0,0,1050,1050,0,0,0,0
633723513,1535,1579,1534,1674,1635,1675,0,0,1050,1050,0,0,0,0
633824069,1543,1584,1538,1669,1633,1673,0,0,1050,1050,0,0,0,0
633923214,1551,1581,1534,1666,1640,1680,0,0,1050,1050,0,0,0,0
634023356,1551,1575,1533,1668,1647,1682,0,0,1050,1050,0,0,0,0
634123416,1552,1578,1540,1669,1647,1679,0,0,1050,1050,0,0,0,0
634223236,1552,1585,1547,1672,1643,1676,0,0,1050,1050,0,0,0,0
634323257,1560,1589,1543,1668,1642,1682,0,0,1050,1050,0,0,0,0
634423238,1562,1584,1535,1667,1647,1689,0,0,1050,1050,0,0,0,0
634523221,1561,1585,1528,1664,1643,1691,0,0,1050,1050,0,0,0,0
634623424,1563,1585,1521,1659,1639,1692,0,0,1050,1050,0,0,0,0
634723289,1551,1583,1528,1663,1634,1681,0,0,1050,1050,0,0,0,0
634823257,1555,1587,1530,1655,1626,1675,0,0,1050,1050,0,0,0,0
634923249,1560,1591,1546,1654,1627,1666,0,0,1050,1050,0,0,0,0
635023231,1565,1581,1557,1660,1645,1666,0,0,1050,1050,0,0,0,0
635123335,1569,1572,1550,1657,1655,1673,0,0,1050,1050,0,0,0,0
635223205,1557,1554,1552,1663,1666,1667,0,0,1050,1050,0,0,0,0
635323204,1557,1552,1550,1659,1663,1664,0,0,1050,1050,0,0,0,0
635423245,1550,1558,1555,1664,1658,1660,0,0,1050,1050,0,0,0,0
635523173,1537,1562,1551,1672,1651,1660,0,0,1050,1050,0,0,0,0
635623413,1537,1571,1539,1669,1640,1667,0,0,1050,1050,0,0,0,0
635723287,1545,1578,1524,1661,1632,1678,0,0,1050,1050,0,0,0,0
635823303,1547,1585,1525,1656,1623,1674,0,0,1050,1050,0,0,0,0
635923278,1549,1589,1529,1659,1623,1675,0,0,1050,1050,0,0,0,0
636023291,1537,1575,1532,1667,1634,1671,0,0,1050,1050,0,0,0,0
636123459,1535,1575,1541,1668,1634,1663,0,0,1050,1050,0,0,0,0
636223220,1544,1575,1536,1662,1635,1668,0,0,1050,1050,0,0,0,0
636323205,1539,1567,1538,1667,1644,1668,0,0,1050,1050,0,0,0,0
636423199,1539,1570,1546,1669,1642,1663,0,0,1050,1050,0,0,0,0
636523280,1547,1576,1553,1667,1641,1661,0,0,1050,1050,0,0,0,0
636623377,1546,1565,1552,1667,1650,1661,0,0,1050,1050,0,0,0,0
636723300,1550,1562,1552,1661,1651,1660,0,0,1050,1050,0,0,0,0
636823262,1534,1551,1551,1670,1656,1656,0,0,1050,1050,0,0,0,0
636923260,1531,1564,1556,1674,1646,1653,0,0,1050,1050,0,0,0,0
637023239,1523,1565,1552,1678,1643,1654,0,0,1050,1050,0,0,0,0
637123470,1522,1566,1542,1675,1639,1660,0,0,1050,1050,0,0,0,0
637223296,1534,1576,1543,1670,1635,1663,0,0,1050,1050,0,0,0,0
637323245,1542,1568,1535,1665,1643,1671,0,0,1050,1050,0,0,0,0
637423289,1544,1566,1538,1660,1641,1666,0,0,1050,1050,0,0,0,0
637523274,1546,1569,1547,1663,1643,1662,0,0,1050,1050,0,0,0,0
637623425,1552,1576,1553,1661,1639,1660,0,0,1050,1050,0,0,0,0
637723297,1537,1565,1563,1672,1648,1649,0,0,1050,1050,0,0,0,0
637823270,1537,1563,1565,1668,1646,1644,0,0,1050,1050,0,0,0,0
637923241,1542,1570,1567,1663,1640,1642,0,0,1050,1050,0,0,0,0
638023240,1539,1561,1560,1660,1641,1642,0,0,1050,1050,0,0,0,0
638123351,1535,1562,1558,1665,1642,1645,0,0,1050,1050,0,0,0,0
638223286,1537,1560,1549,1664,1645,1655,0,0,1050,1050,0,0,0,0
638323282,1538,1562,1550,1664,1643,1654,0,0,1050,1050,0,0,0,0
638423285,1538,1565,1551,1663,1640,1653,0,0,1050,1050,0,0,0,0
638523557,1525,1554,1553,1672,1648,1649,0,0,1050,1050,0,0,0,0
638624060,1519,1555,1567,1676,1647,1636,0,0,1050,1050,0,0,0,0
638723539,1527,1561,1564,1669,1640,1637,0,0,1050,1050,0,0,0,0
638823934,1533,1561,1549,1665,1641,1652,0,0,1050,1050,0,0,0,0
638923506,1528,1574,1554,1670,1631,1649,0,0,1050,1050,0,0,0,0
639023912,1528,1574,1544,1677,1639,1664,0,0,1050,1050,0,0,0,0
639123532,1526,1570,1546,1678,1642,1662,0,0,1050,1050,0,0,0,0
639224020,1539,1578,1550,1670,1637,1661,0,0,1050,1050,0,0,0,0
639323551,1536,1574,1556,1675,1642,1658,0,0,1050,1050,0,0,0,0
639424034,1544,1569,1559,1668,1647,1656,0,0,1050,1050,0,0,0,0
639523507,1551,1558,1555,1660,1654,1656,0,0,1050,1050,0,0,0,0
639624110,1551,1554,1564,1658,1655,1646,0,0,1050,1050,0,0,0,0
639723578,1537,1543,1573,1665,1661,1635,0,0,1050,1050,0,0,0,0
639823994,1529,1546,1575,1669,1655,1629,0,0,1050,1050,0,0,0,0
639923470,1530,1556,1570,1668,1647,1634,0,0,1050,1050,0,0,0,0
640023926,1533,1567,1565,1668,1639,1641,0,0,1050,1050,0,0,0,0
640123626,1536,1567,1556,1666,1639,1649,0,0,1050,1050,0,0,0,0
640223553,1537,1571,1554,1662,1633,1648,0,0,1050,1050,0,0,0,0
640323614,1534,1570,1551,1664,1632,1649,0,0,1050,1050,0,0,0,0
640424007,1537,1566,1541,1663,1639,1660,0,0,1050,1050,0,0,0,0
640523512,1543,1569,1538,1664,1642,1668,0,0,1050,1050,0,0,0,0
640623983,1533,1573,1549,1673,1639,1660,0,0,1050,1050,0,0,0,0
640723569,1527,1565,1546,1677,1645,1661,0,0,1050,1050,0,0,0,0
640823960,1533,1570,1547,1675,1643,1663,0,0,1050,1050,0,0,0,0
640923487,1542,1574,1538,1664,1636,1667,0,0,1050,1050,0,0,0,0
641024012,1536,1575,1543,1669,1636,1663,0,0,1050,1050,0,0,0,0
641123639,1538,1577,1550,1669,1635,1660,0,0,1050,1050,0,0,0,0
641223585,1547,1577,1543,1663,1637,1666,0,0,1050,1050,0,0,0,0
641323503,1543,1568,1545,1667,1647,1666,0,0,1050,1050,0,0,0,0
641423954,1542,1572,1555,1668,1643,1658,0,0,1050,1050,0,0,0,0
641523529,1540,1565,1556,1668,1647,1655,0,0,1050,1050,0,0,0,0
641624045,1544,1563,1551,1661,1646,1656,0,0,1050,1050,0,0,0,0
641723501,1538,1556,1548,1663,1648,1655,0,0,1050,1050,0,0,0,0
641823931,1548,1565,1549,1658,1642,1657,0,0,1050,1050,0,0,0,0
641923463,1542,1564,1553,1662,1643,1652,0,0,1050,1050,0,0,0,0
642024024,1545,1571,1553,1660,1638,1654,0,0,1050,1050,0,0,0,0
642123570,1549,1575,1549,1660,1637,1660,0,0,1050,1050,0,0,0,0
642223524,1552,1571,1543,1655,1639,1663,0,0,1050,1050,0,0,0,0
642323528,1551,1573,1545,1654,1635,1659,0,0,1050,1050,0,0,0,0
642424000,1546,1567,1543,1658,1640,1661,0,0,1050,1050,0,0,0,0
642523468,1540,1567,1552,1663,1641,1653,0,0,1050,1050,0,0,0,0
642623972,1542,1569,1559,1663,1640,1648,0,0,1050,1050,0,0,0,0
642723514,1549,1564,1549,1656,1643,1656,0,0,1050,1050,0,0,0,0
642823996,1547,1560,1545,1654,1643,1656,0,0,1050,1050,0,0,0,0
642923491,1546,1555,1542,1654,1646,1657,0,0,1050,1050,0,0,0,0
643023980,1545,1560,1544,1653,1640,1654,0,0,1050,1050,0,0,0,0
643123586,1543,1563,1546,1658,1641,1656,0,0,1050,1050,0,0,0,0
643223984,1542,1568,1545,1663,1640,1660,0,0,1050,1050,0,0,0,0
643323496,1538,1570,1547,1669,1642,1662,0,0,1050,1050,0,0,0,0
643423941,1542,1573,1548,1669,1642,1664,0,0,1050,1050,0,0,0,0
643523538,1555,1576,1539,1661,1642,1674,0,0,1050,1050,0,0,0,0
643624093,1559,1576,1537,1660,1645,1678,0,0,1050,1050,0,0,0,0
643723550,1551,1572,1545,1667,1649,1672,0,0,1050,1050,0,0,0,0
643824050,1543,1567,1552,1673,1654,1666,0,0,1050,1050,0,0,0,0
643923519,1539,1576,1562,1678,1647,1658,0,0,1050,1050,0,0,0,0
644023979,1530,1575,1552,1681,1643,1663,0,0,1050,1050,0,0,0,0
644123666,1525,1576,1542,1681,1638,1667,0,0,1050,1050,0,0,0,0
644223466,1529,1572,1536,1675,1638,1669,0,0,1050,1050,0,0,0,0
644323530,1524,1565,1538,1676,1641,1664,0,0,1050,1050,0,0,0,0
644423476,1532,1568,1540,1674,1644,1667,0,0,1050,1050,0,0,0,0
644523592,1538,1569,1541,1672,1646,1670,0,0,1050,1050,0,0,0,0
644624237,1536,1562,1536,1674,1652,1674,0,0,1050,1050,0,0,0,0
644723531,1542,1567,1523,1664,1643,1679,0,0,1050,1050,0,0,0,0
644824061,1541,1574,1524,1659,1630,1673,0,0,1050,1050,0,0,0,0
644923519,1544,1571,1524,1652,1629,1669,0,0,1050,1050,0,0,0,0
645023932,1541,1566,1535,1655,1633,1659,0,0,1050,1050,0,0,0,0
645123482,1533,1559,1544,1655,1633,1646,0,0,1050,1050,0,0,0,0
645223608,1535,1552,1542,1657,1644,1652,0,0,1050,1050,0,0,0,0
645323534,1537,1550,1543,1659,1649,1654,0,0,1050,1050,0,0,0,0
645423914,1539,1552,1542,1662,1651,1660,0,0,1050,1050,0,0,0,0
645523525,1537,1550,1536,1665,1654,1665,0,0,1050,1050,0,0,0,0
645624199,1538,1553,1535,1665,1652,1667,0,0,1050,1050,0,0,0,0
645723497,1549,1561,1524,1653,1643,1674,0,0,1050,1050,0,0,0,0
645823979,1552,1563,1525,1655,1645,1677,0,0,1050,1050,0,0,0,0
645923496,1550,1559,1535,1661,1653,1673,0,0,1050,1050,0,0,0,0
646023959,1554,1560,1534,1656,1651,1672,0,0,1050,1050,0,0,0,0
646123640,1565,1571,1534,1645,1640,1671,0,0,1050,1050,0,0,0,0
646223490,1555,1561,1545,1655,1650,1663,0,0,1050,1050,0,0,0,0
646323518,1544,1545,1551,1666,1665,1661,0,0,1050,1050,0,0,0,0
646424007,1551,1540,1550,1656,1666,1657,0,0,1050,1050,0,0,0,0
646523513,1558,1542,1547,1647,1661,1657,0,0,1050,1050,0,0,0,0
646624035,1555,1552,1554,1648,1650,1649,0,0,1050,1050,0,0,0,0
646723530,1548,1548,1551,1656,1656,1653,0,0,1050,1050,0,0,0,0
646823970,1536,1555,1551,1668,1652,1656,0,0,1050,1050,0,0,0,0
646923522,1542,1565,1544,1669,1651,1668,0,0,1050,1050,0,0,0,0
647023893,1528,1561,1545,1675,1647,1661,0,0,1050,1050,0,0,0,0
647123458,1531,1566,1541,1667,1638,1658,0,0,1050,1050,0,0,0,0
647223984,1538,1559,1530,1663,1645,1669,0,0,1050,1050,0,0,0,0
647323543,1545,1553,1524,1656,1650,1673,0,0,1050,1050,0,0,0,0
647423994,1542,1543,1537,1659,1658,1663,0,0,1050,1050,0,0,0,0
647523477,1545,1548,1549,1658,1655,1655,0,0,1050,1050,0,0,0,0
647624001,1543,1559,1553,1660,1647,1652,0,0,1050,1050,0,0,0,0
647723542,1545,1560,1547,1660,1647,1659,0,0,1050,1050,0,0,0,0
647823898,1556,1567,1539,1657,1648,1672,0,0,1050,1050,0,0,0,0
647923454,1558,1562,1538,1659,1655,1676,0,0,1050,1050,0,0,0,0
648023956,1550,1562,1548,1664,1654,1666,0,0,1050,1050,0,0,0,0
648123467,1550,1566,1552,1666,1652,1664,0,0,1050,1050,0,0,0,0
648224002,1553,1559,1549,1665,1659,1667,0,0,1050,1050,0,0,0,0
648323516,1552,1551,1547,1663,1664,1666,0,0,1050,1050,0,0,0,0
648424038,1555,1554,1547,1658,1659,1665,0,0,1050,1050,0,0,0,0
648523491,1563,1560,1547,1653,1655,1666,0,0,1050,1050,0,0,0,0
648624158,1573,1570,1548,1650,1652,1671,0,0,1050,1050,0,0,0,0
648723562,1563,1562,1548,1658,1659,1671,0,0,1050,1050,0,0,0,0
648823998,1562,1562,1550,1658,1659,1669,0,0,1050,1050,0,0,0,0
648923548,1558,1555,1548,1660,1663,1669,0,0,1050,1050,0,0,0,0
649024043,1556,1556,1547,1660,1660,1667,0,0,1050,1050,0,0,0,0
649123730,1555,1557,1541,1660,1659,1672,0,0,1050,1050,0,0,0,0
649224037,1562,1566,1544,1655,1651,1670,0,0,1050,1050,0,0,0,0
649323514,1564,1571,1548,1652,1647,1667,0,0,1050,1050,0,0,0,0
649423934,1565,1570,1547,1653,1649,1668,0,0,1050,1050,0,0,0,0
649523501,1558,1566,1551,1660,1653,1666,0,0,1050,1050,0,0,0,0
649624021,1557,1563,1554,1660,1655,1663,0,0,1050,1050,0,0,0,0
649723539,1559,1561,1558,1658,1657,1659,0,0,1050,1050,0,0,0,0
649823981,1557,1547,1550,1658,1666,1663,0,0,1050,1050,0,0,0,0
649923541,1554,1546,1553,1656,1662,1656,0,0,1050,1050,0,0,0,0
650023995,1559,1553,1555,1651,1657,1655,0,0,1050,1050,0,0,0,0
650123624,1561,1556,1553,1650,1654,1657,0,0,1050,1050,0,0,0,0
650223504,1564,1559,1553,1652,1656,1661,0,0,1050,1050,0,0,0,0
650323478,1559,1554,1554,1660,1663,1663,0,0,1050,1050,0,0,0,0
650423937,1558,1557,1555,1659,1660,1662,0,0,1050,1050,0,0,0,0
650523525,1555,1557,1555,1660,1658,1659,0,0,1050,1050,0,0,0,0
650624136,1554,1563,1558,1659,1651,1656,0,0,1050,1050,0,0,0,0
650723504,1553,1568,1560,1662,1650,1656,0,0,1050,1050,0,0,0,0
650823994,1555,1570,1554,1657,1643,1658,0,0,1050,1050,0,0,0,0
650923533,1557,1572,1552,1657,1643,1662,0,0,1050,1050,0,0,0,0
651024037,1561,1577,1552,1656,1643,1664,0,0,1050,1050,0,0,0,0
651123494,1559,1570,1550,1657,1647,1665,0,0,1050,1050,0,0,0,0
651223460,1558,1568,1549,1657,1648,1664,0,0,1050,1050,0,0,0,0
651323496,1559,1573,1554,1660,1648,1664,0,0,1050,1050,0,0,0,0
651423902,1563,1572,1554,1658,1650,1666,0,0,1050,1050,0,0,0,0
651523524,1563,1568,1556,1659,1653,1664,0,0,1050,1050,0,0,0,0
651624070,1557,1560,1557,1661,1659,1661,0,0,1050,1050,0,0,0,0
651723516,1554,1559,1552,1659,1655,1661,0,0,1050,1050,0,0,0,0
651824008,1555,1559,1543,1657,1654,1667,0,0,1050,1050,0,0,0,0
651923525,1548,1564,1553,1661,1647,1657,0,0,1050,1050,0,0,0,0
652023998,1536,1555,1548,1665,1648,1654,0,0,1050,1050,0,0,0,0
652123597,1523,1562,1551,1671,1638,1648,0,0,1050,1050,0,0,0,0
652223471,1525,1566,1543,1667,1632,1653,0,0,1050,1050,0,0,0,0
652323505,1518,1562,1535,1671,1635,1658,0,0,1050,1050,0,0,0,0
652423920,1519,1566,1526,1670,1631,1664,0,0,1050,1050,0,0,0,0
652523483,1519,1575,1529,1673,1625,1665,0,0,1050,1050,0,0,0,0
652623633,1526,1581,1521,1670,1622,1673,0,0,1050,1050,0,0,0,0
652723523,1530,1581,1509,1670,1626,1686,0,0,1050,1050,0,0,0,0
652823991,1531,1583,1507,1674,1629,1692,0,0,1050,1050,0,0,0,0
652923588,1530,1590,1516,1677,1625,1688,0,0,1050,1050,0,0,0,0
653023935,1533,1589,1514,1675,1626,1690,0,0,1050,1050,0,0,0,0
653123510,1529,1584,1522,1678,1631,1684,0,0,1050,1050,0,0,0,0
653223497,1538,1580,1526,1675,1638,1684,0,0,1050,1050,0,0,0,0
653323504,1544,1574,1533,1671,1645,1680,0,0,1050,1050,0,0,0,0
653423963,1547,1573,1546,1669,1646,1669,0,0,1050,1050,0,0,0,0
653523457,1549,1575,1559,1667,1645,1659,0,0,1050,1050,0,0,0,0
653624268,1571,1582,1564,1658,1647,1664,0,0,1050,1050,0,0,0,0
653723516,1576,1573,1561,1655,1658,1668,0,0,1050,1050,0,0,0,0
653824028,1574,1567,1559,1658,1664,1671,0,0,1050,1050,0,0,0,0
653923476,1575,1568,1555,1657,1663,1673,0,0,1050,1050,0,0,0,0
654023944,1571,1570,1561,1658,1659,1666,0,0,1050,1050,0,0,0,0
654123582,1569,1563,1559,1655,1660,1664,0,0,1050,1050,0,0,0,0
654223455,1568,1564,1562,1652,1655,1657,0,0,1050,1050,0,0,0,0
654323482,1567,1567,1563,1651,1651,1654,0,0,1050,1050,0,0,0,0
654423419,1568,1568,1563,1647,1647,1652,0,0,1050,1050,0,0,0,0
654523547,1568,1572,1565,1647,1643,1650,0,0,1050,1050,0,0,0,0
654624136,1563,1570,1563,1648,1641,1648,0,0,1050,1050,0,0,0,0
654723589,1556,1568,1560,1650,1639,1646,0,0,1050,1050,0,0,0,0
654823984,1551,1569,1556,1650,1633,1645,0,0,1050,1050,0,0,0,0
654923453,1542,1565,1552,1652,1632,1643,0,0,1050,1050,0,0,0,0
655023940,1539,1558,1547,1653,1637,1647,0,0,1050,1050,0,0,0,0
655123672,1538,1561,1554,1654,1634,1641,0,0,1050,1050,0,0,0,0
655223985,1540,1561,1553,1652,1634,1640,0,0,1050,1050,0,0,0,0
655323525,1538,1554,1550,1654,1640,1643,0,0,1050,1050,0,0,0,0
655423976,1543,1554,1549,1652,1642,1647,0,0,1050,1050,0,0,0,0
655523470,1548,1552,1547,1651,1647,1651,0,0,1050,1050,0,0,0,0
655624071,1546,1549,1546,1654,1652,1655,0,0,1050,1050,0,0,0,0
655723546,1545,1554,1548,1659,1651,1656,0,0,1050,1050,0,0,0,0
655823963,1549,1557,1545,1657,1651,1661,0,0,1050,1050,0,0,0,0
655923474,1542,1563,1550,1663,1645,1656,0,0,1050,1050,0,0,0,0
656023944,1538,1565,1551,1667,1644,1656,0,0,1050,1050,0,0,0,0
656123558,1544,1570,1549,1663,1641,1659,0,0,1050,1050,0,0,0,0
656223989,1544,1569,1546,1666,1645,1665,0,0,1050,1050,0,0,0,0
656323535,1540,1568,1547,1668,1644,1662,0,0,1050,1050,0,0,0,0
656423997,1536,1563,1545,1668,1646,1661,0,0,1050,1050,0,0,0,0
656523461,1541,1566,1551,1666,1645,1659,0,0,1050,1050,0,0,0,0
656624127,1540,1558,1550,1668,1653,1660,0,0,1050,1050,0,0,0,0
656723601,1543,1560,1552,1666,1652,1659,0,0,1050,1050,0,0,0,0
656823959,1544,1561,1556,1665,1651,1655,0,0,1050,1050,0,0,0,0
656923461,1546,1563,1560,1664,1650,1652,0,0,1050,1050,0,0,0,0
657023931,1545,1564,1565,1663,1647,1646,0,0,1050,1050,0,0,0,0
657123628,1545,1568,1564,1661,1641,1645,0,0,1050,1050,0,0,0,0
657223671,1542,1562,1554,1662,1646,1652,0,0,1050,1050,0,0,0,0
657323477,1540,1569,1550,1665,1641,1657,0,0,1050,1050,0,0,0,0
657424011,1539,1578,1548,1664,1630,1656,0,0,1050,1050,0,0,0,0
657523458,1533,1572,1544,1666,1633,1657,0,0,1050,1050,0,0,0,0
657624045,1534,1568,1545,1666,1637,1656,0,0,1050,1050,0,0,0,0
657723569,1541,1561,1543,1661,1645,1660,0,0,1050,1050,0,0,0,0
657823882,1546,1560,1551,1658,1646,1655,0,0,1050,1050,0,0,0,0
657923468,1547,1555,1553,1656,1649,1651,0,0,1050,1050,0,0,0,0
658023969,1538,1551,1562,1663,1652,1643,0,0,1050,1050,0,0,0,0
658123762,1539,1550,1564,1662,1653,1641,0,0,1050,1050,0,0,0,0
658223536,1546,1547,1555,1656,1654,1648,0,0,1050,1050,0,0,0,0
658323476,1540,1544,1556,1659,1656,1646,0,0,1050,1050,0,0,0,0
658423907,1542,1550,1556,1658,1651,1646,0,0,1050,1050,0,0,0,0
658523470,1539,1554,1554,1659,1646,1646,0,0,1050,1050,0,0,0,0
658623999,1538,1559,1552,1660,1642,1648,0,0,1050,1050,0,0,0,0
658723512,1534,1554,1547,1664,1647,1653,0,0,1050,1050,0,0,0,0
658823955,1533,1561,1551,1665,1641,1650,0,0,1050,1050,0,0,0,0
658923456,1533,1558,1544,1665,1644,1656,0,0,1050,1050,0,0,0,0
659023945,1535,1564,1544,1665,1641,1658,0,0,1050,1050,0,0,0,0
659123552,1536,1568,1546,1666,1638,1658,0,0,1050,1050,0,0,0,0
659223569,1535,1568,1547,1666,1638,1656,0,0,1050,1050,0,0,0,0
659323506,1540,1567,1542,1663,1640,1661,0,0,1050,1050,0,0,0,0
659423923,1541,1571,1546,1663,1637,1659,0,0,1050,1050,0,0,0,0
659523479,1537,1567,1548,1666,1640,1657,0,0,1050,1050,0,0,0,0
659624022,1538,1567,1548,1666,1642,1658,0,0,1050,1050,0,0,0,0
659723485,1539,1562,1544,1665,1646,1661,0,0,1050,1050,0,0,0,0
659823941,1536,1561,1548,1666,1645,1656,0,0,1050,1050,0,0,0,0
659923455,1532,1566,1557,1669,1640,1648,0,0,1050,1050,0,0,0,0
660024004,1533,1563,1554,1668,1642,1651,0,0,1050,1050,0,0,0,0
660123652,1540,1568,1554,1661,1637,1650,0,0,1050,1050,0,0,0,0
660223518,1540,1562,1545,1659,1641,1656,0,0,1050,1050,0,0,0,0
660323524,1538,1569,1554,1662,1635,1649,0,0,1050,1050,0,0,0,0
660423936,1538,1565,1548,1662,1640,1654,0,0,1050,1050,0,0,0,0
660523523,1539,1563,1544,1661,1641,1657,0,0,1050,1050,0,0,0,0
660624015,1541,1561,1541,1661,1645,1661,0,0,1050,1050,0,0,0,0
660723529,1537,1562,1547,1666,1645,1658,0,0,1050,1050,0,0,0,0
660824001,1539,1563,1549,1666,1645,1657,0,0,1050,1050,0,0,0,0
660923486,1538,1563,1555,1668,1647,1654,0,0,1050,1050,0,0,0,0
661024022,1545,1567,1553,1663,1644,1657,0,0,1050,1050,0,0,0,0
661123502,1545,1567,1551,1663,1644,1658,0,0,1050,1050,0,0,0,0
661223541,1545,1566,1550,1661,1643,1657,0,0,1050,1050,0,0,0,0
661323558,1549,1571,1554,1660,1641,1655,0,0,1050,1050,0,0,0,0
661423930,1549,1568,1550,1658,1641,1657,0,0,1050,1050,0,0,0,0
661523446,1547,1566,1548,1657,1641,1656,0,0,1050,1050,0,0,0,0
661624096,1543,1565,1549,1659,1640,1655,0,0,1050,1050,0,0,0,0
661723504,1538,1564,1549,1665,1643,1655,0,0,1050,1050,0,0,0,0
661824032,1542,1566,1546,1661,1641,1658,0,0,1050,1050,0,0,0,0
661923511,1543,1566,1544,1663,1643,1662,0,0,1050,1050,0,0,0,0
662023949,1549,1564,1538,1661,1648,1670,0,0,1050,1050,0,0,0,0
662123520,1554,1569,1540,1659,1645,1670,0,0,1050,1050,0,0,0,0
662223547,1555,1575,1550,1658,1640,1662,0,0,1050,1050,0,0,0,0
662323564,1555,1574,1559,1659,1642,1655,0,0,1050,1050,0,0,0,0
662423508,1558,1567,1551,1654,1647,1660,0,0,1050,1050,0,0,0,0
662523516,1557,1559,1554,1653,1651,1656,0,0,1050,1050,0,0,0,0
662624045,1561,1562,1561,1650,1649,1650,0,0,1050,1050,0,0,0,0
662723535,1561,1564,1567,1649,1647,1644,0,0,1050,1050,0,0,0,0
662824052,1559,1563,1570,1648,1645,1639,0,0,1050,1050,0,0,0,0
662923471,1561,1565,1570,1648,1645,1640,0,0,1050,1050,0,0,0,0
663023923,1558,1560,1567,1649,1647,1641,0,0,1050,1050,0,0,0,0
663123518,1554,1555,1561,1650,1649,1644,0,0,1050,1050,0,0,0,0
663223514,1555,1562,1559,1648,1643,1645,0,0,1050,1050,0,0,0,0
663323540,1547,1564,1557,1652,1637,1643,0,0,1050,1050,0,0,0,0
663424026,1536,1560,1553,1659,1638,1644,0,0,1050,1050,0,0,0,0
663523513,1541,1558,1541,1655,1641,1655,0,0,1050,1050,0,0,0,0
663624058,1540,1562,1536,1659,1640,1662,0,0,1050,1050,0,0,0,0
663723551,1539,1570,1541,1663,1637,1662,0,0,1050,1050,0,0,0,0
663823960,1543,1569,1539,1663,1640,1666,0,0,1050,1050,0,0,0,0
663923513,1554,1568,1539,1656,1644,1669,0,0,1050,1050,0,0,0,0
664023914,1557,1567,1545,1655,1646,1666,0,0,1050,1050,0,0,0,0
664123639,1558,1568,1549,1654,1646,1661,0,0,1050,1050,0,0,0,0
664223531,1558,1568,1552,1655,1646,1660,0,0,1050,1050,0,0,0,0
664323511,1556,1568,1553,1656,1646,1659,0,0,1050,1050,0,0,0,0
664423985,1558,1571,1556,1653,1642,1654,0,0,1050,1050,0,0,0,0
664523490,1556,1573,1561,1653,1638,1649,0,0,1050,1050,0,0,0,0
664624213,1558,1564,1547,1648,1643,1658,0,0,1050,1050,0,0,0,0
664723489,1555,1561,1546,1649,1643,1657,0,0,1050,1050,0,0,0,0
664823974,1556,1560,1542,1650,1646,1661,0,0,1050,1050,0,0,0,0
664923465,1557,1564,1542,1651,1644,1663,0,0,1050,1050,0,0,0,0
665023998,1553,1564,1541,1654,1645,1665,0,0,1050,1050,0,0,0,0
665123521,1557,1571,1542,1654,1641,1667,0,0,1050,1050,0,0,0,0
665223526,1558,1575,1548,1657,1642,1666,0,0,1050,1050,0,0,0,0
665323531,1560,1581,1552,1655,1637,1662,0,0,1050,1050,0,0,0,0
665423319,1560,1581,1546,1654,1636,1666,0,0,1050,1050,0,0,0,0
665523309,1564,1577,1536,1650,1639,1674,0,0,1050,1050,0,0,0,0
665623237,1569,1579,1535,1646,1637,1675,0,0,1050,1050,0,0,0,0
665723311,1565,1573,1537,1654,1646,1677,0,0,1050,1050,0,0,0,0
665823246,1565,1569,1542,1654,1650,1673,0,0,1050,1050,0,0,0,0
665923221,1558,1563,1549,1659,1654,1666,0,0,1050,1050,0,0,0,0
666023241,1561,1566,1552,1655,1650,1662,0,0,1050,1050,0,0,0,0
666123410,1561,1566,1555,1654,1649,1659,0,0,1050,1050,0,0,0,0
666223273,1562,1570,1556,1653,1646,1658,0,0,1050,1050,0,0,0,0
666323312,1563,1572,1555,1649,1641,1656,0,0,1050,1050,0,0,0,0
666423324,1561,1573,1553,1649,1638,1655,0,0,1050,1050,0,0,0,0
666523206,1565,1579,1551,1646,1634,1658,0,0,1050,1050,0,0,0,0
666623393,1566,1573,1543,1645,1639,1665,0,0,1050,1050,0,0,0,0
666723253,1558,1567,1542,1650,1643,1664,0,0,1050,1050,0,0,0,0
666823232,1552,1564,1542,1654,1643,1663,0,0,1050,1050,0,0,0,0
666923284,1548,1564,1542,1655,1641,1660,0,0,1050,1050,0,0,0,0
667023191,1549,1562,1547,1656,1644,1658,0,0,1050,1050,0,0,0,0
667123397,1549,1558,1553,1658,1651,1655,0,0,1050,1050,0,0,0,0
667223322,1556,1564,1562,1655,1649,1650,0,0,1050,1050,0,0,0,0
667323248,1555,1560,1566,1656,1652,1647,0,0,1050,1050,0,0,0,0
667423249,1561,1563,1568,1654,1652,1648,0,0,1050,1050,0,0,0,0
667523238,1557,1560,1565,1656,1654,1649,0,0,1050,1050,0,0,0,0
667623292,1554,1565,1564,1658,1649,1650,0,0,1050,1050,0,0,0,0
667723283,1563,1569,1553,1653,1647,1661,0,0,1050,1050,0,0,0,0
667823205,1560,1573,1545,1653,1641,1666,0,0,1050,1050,0,0,0,0
667923255,1564,1579,1537,1653,1639,1675,0,0,1050,1050,0,0,0,0
668023271,1555,1579,1536,1660,1639,1675,0,0,1050,1050,0,0,0,0
668123439,1556,1581,1537,1657,1636,1673,0,0,1050,1050,0,0,0,0
668223321,1552,1579,1544,1661,1637,1668,0,0,1050,1050,0,0,0,0
668323252,1551,1578,1551,1662,1638,1662,0,0,1050,1050,0,0,0,0
668423257,1557,1580,1552,1657,1637,1661,0,0,1050,1050,0,0,0,0
668523242,1560,1582,1553,1655,1635,1661,0,0,1050,1050,0,0,0,0
668623480,1565,1579,1544,1649,1637,1667,0,0,1050,1050,0,0,0,0
668723322,1562,1583,1552,1652,1633,1660,0,0,1050,1050,0,0,0,0
668823270,1560,1579,1550,1652,1634,1660,0,0,1050,1050,0,0,0,0
668923280,1567,1582,1547,1647,1634,1665,0,0,1050,1050,0,0,0,0
669023313,1574,1579,1543,1643,1639,1670,0,0,1050,1050,0,0,0,0
669123394,1568,1574,1550,1648,1642,1663,0,0,1050,1050,0,0,0,0
669223529,1566,1570,1550,1648,1645,1662,0,0,1050,1050,0,0,0,0
669323534,1566,1575,1556,1650,1641,1658,0,0,1050,1050,0,0,0,0
669423909,1563,1578,1557,1651,1638,1656,0,0,1050,1050,0,0,0,0
669523521,1561,1580,1554,1654,1638,1660,0,0,1050,1050,0,0,0,0
669623893,1566,1583,1547,1648,1634,1665,0,0,1050,1050,0,0,0,0
669723574,1563,1582,1546,1649,1631,1663,0,0,1050,1050,0,0,0,0
669824023,1559,1586,1553,1651,1628,1657,0,0,1050,1050,0,0,0,0
669923526,1549,1581,1554,1660,1632,1656,0,0,1050,1050,0,0,0,0
670024060,1542,1579,1550,1664,1632,1657,0,0,1050,1050,0,0,0,0
670123537,1542,1579,1541,1663,1630,1664,0,0,1050,1050,0,0,0,0
670223565,1545,1583,1535,1661,1627,1669,0,0,1050,1050,0,0,0,0
670323523,1549,1586,1529,1656,1624,1673,0,0,1050,1050,0,0,0,0
670423464,1559,1586,1516,1647,1623,1683,0,0,1050,1050,0,0,0,0
670523479,1559,1580,1515,1646,1627,1682,0,0,1050,1050,0,0,0,0
670624231,1553,1574,1526,1649,1630,1672,0,0,1050,1050,0,0,0,0
670723525,1556,1579,1544,1650,1629,1660,0,0,1050,1050,0,0,0,0
670824048,1560,1587,1555,1649,1624,1653,0,0,1050,1050,0,0,0,0
670923535,1560,1580,1556,1654,1636,1657,0,0,1050,1050,0,0,0,0
671023941,1570,1573,1544,1646,1643,1669,0,0,1050,1050,0,0,0,0
671123502,1569,1568,1542,1647,1647,1670,0,0,1050,1050,0,0,0,0
671223967,1570,1569,1537,1645,1646,1673,0,0,1050,1050,0,0,0,0
671323527,1564,1575,1542,1647,1637,1665,0,0,1050,1050,0,0,0,0
671423951,1561,1582,1537,1645,1625,1665,0,0,1050,1050,0,0,0,0
671523461,1560,1590,1532,1642,1614,1666,0,0,1050,1050,0,0,0,0
671624040,1557,1593,1528,1640,1607,1664,0,0,1050,1050,0,0,0,0
671723494,1545,1582,1533,1651,1618,1661,0,0,1050,1050,0,0,0,0
671824046,1555,1579,1536,1645,1623,1661,0,0,1050,1050,0,0,0,0
671923477,1557,1577,1538,1643,1625,1659,0,0,1050,1050,0,0,0,0
672023954,1551,1561,1539,1648,1639,1658,0,0,1050,1050,0,0,0,0
672123667,1548,1557,1550,1651,1644,1650,0,0,1050,1050,0,0,0,0
672224001,1544,1551,1556,1658,1652,1647,0,0,1050,1050,0,0,0,0
672323482,1545,1555,1563,1658,1650,1643,0,0,1050,1050,0,0,0,0
672423980,1553,1564,1564,1657,1648,1648,0,0,1050,1050,0,0,0,0
672523552,1560,1573,1563,1657,1645,1654,0,0,1050,1050,0,0,0,0
672624106,1567,1579,1554,1654,1643,1666,0,0,1050,1050,0,0,0,0
672723526,1556,1581,1546,1660,1639,1669,0,0,1050,1050,0,0,0,0
672823911,1560,1589,1538,1653,1626,1671,0,0,1050,1050,0,0,0,0
672923509,1557,1585,1535,1655,1630,1674,0,0,1050,1050,0,0,0,0
673023920,1557,1586,1541,1653,1627,1666,0,0,1050,1050,0,0,0,0
673123560,1553,1581,1541,1654,1629,1664,0,0,1050,1050,0,0,0,0
673223966,1555,1581,1544,1653,1630,1663,0,0,1050,1050,0,0,0,0
673323552,1543,1575,1555,1664,1637,1654,0,0,1050,1050,0,0,0,0
673423996,1543,1568,1553,1663,1642,1655,0,0,1050,1050,0,0,0,0
673523461,1555,1567,1544,1651,1640,1660,0,0,1050,1050,0,0,0,0
673624093,1556,1567,1544,1650,1641,1660,0,0,1050,1050,0,0,0,0
673723450,1561,1574,1546,1648,1637,1661,0,0,1050,1050,0,0,0,0
673823922,1559,1572,1547,1651,1639,1662,0,0,1050,1050,0,0,0,0
673923578,1563,1576,1543,1649,1637,1665,0,0,1050,1050,0,0,0,0
674023936,1556,1578,1552,1654,1635,1657,0,0,1050,1050,0,0,0,0
674123580,1558,1578,1554,1656,1638,1659,0,0,1050,1050,0,0,0,0
674223583,1554,1572,1550,1659,1643,1663,0,0,1050,1050,0,0,0,0
674323512,1549,1567,1547,1659,1643,1660,0,0,1050,1050,0,0,0,0
674424029,1553,1566,1543,1654,1643,1663,0,0,1050,1050,0,0,0,0
674523525,1552,1566,1541,1654,1641,1662,0,0,1050,1050,0,0,0,0
674624097,1546,1576,1549,1656,1630,1654,0,0,1050,1050,0,0,0,0
674723420,1545,1576,1545,1660,1633,1660,0,0,1050,1050,0,0,0,0
674823949,1536,1564,1541,1668,1643,1663,0,0,1050,1050,0,0,0,0
674923514,1542,1567,1537,1663,1642,1667,0,0,1050,1050,0,0,0,0
675024024,1551,1567,1528,1656,1642,1675,0,0,1050,1050,0,0,0,0
675123742,1548,1567,1531,1657,1641,1671,0,0,1050,1050,0,0,0,0
675223606,1551,1569,1535,1654,1638,1667,0,0,1050,1050,0,0,0,0
675323537,1549,1572,1545,1660,1641,1664,0,0,1050,1050,0,0,0,0
675424016,1545,1573,1548,1665,1640,1662,0,0,1050,1050,0,0,0,0
675523513,1546,1577,1546,1665,1638,1665,0,0,1050,1050,0,0,0,0
675623973,1546,1571,1537,1663,1642,1671,0,0,1050,1050,0,0,0,0
675723459,1543,1568,1535,1661,1640,1668,0,0,1050,1050,0,0,0,0
675823922,1553,1574,1538,1651,1632,1663,0,0,1050,1050,0,0,0,0
675923493,1560,1572,1540,1648,1637,1665,0,0,1050,1050,0,0,0,0
676024022,1553,1560,1540,1652,1647,1664,0,0,1050,1050,0,0,0,0
676123731,1551,1555,1538,1654,1651,1665,0,0,1050,1050,0,0,0,0
676223532,1552,1559,1543,1655,1649,1662,0,0,1050,1050,0,0,0,0
676323551,1555,1562,1544,1655,1649,1664,0,0,1050,1050,0,0,0,0
676423979,1553,1563,1550,1658,1649,1661,0,0,1050,1050,0,0,0,0
676523510,1556,1568,1549,1656,1645,1662,0,0,1050,1050,0,0,0,0
676624021,1547,1569,1556,1664,1646,1657,0,0,1050,1050,0,0,0,0
676723549,1545,1571,1558,1667,1644,1656,0,0,1050,1050,0,0,0,0
676823942,1541,1572,1556,1669,1643,1657,0,0,1050,1050,0,0,0,0
676923512,1547,1577,1547,1663,1637,1662,0,0,1050,1050,0,0,0,0
677023988,1551,1576,1540,1660,1639,1669,0,0,1050,1050,0,0,0,0
677123587,1544,1574,1544,1666,1640,1666,0,0,1050,1050,0,0,0,0
677223574,1539,1572,1539,1667,1640,1667,0,0,1050,1050,0,0,0,0
677323521,1532,1573,1549,1673,1637,1659,0,0,1050,1050,0,0,0,0
677423897,1538,1581,1549,1669,1632,1660,0,0,1050,1050,0,0,0,0
677523475,1539,1587,1548,1669,1626,1661,0,0,1050,1050,0,0,0,0
677624071,1545,1582,1535,1664,1632,1673,0,0,1050,1050,0,0,0,0
677723508,1540,1578,1538,1666,1633,1668,0,0,1050,1050,0,0,0,0
677823993,1539,1575,1542,1668,1636,1665,0,0,1050,1050,0,0,0,0
677923466,1541,1576,1539,1663,1632,1664,0,0,1050,1050,0,0,0,0
678024040,1539,1578,1541,1664,1629,1662,0,0,1050,1050,0,0,0,0
678123663,1539,1578,1539,1666,1631,1665,0,0,1050,1050,0,0,0,0
678223577,1542,1582,1539,1664,1629,1666,0,0,1050,1050,0,0,0,0
678323523,1539,1578,1536,1665,1631,1667,0,0,1050,1050,0,0,0,0
678423531,1529,1569,1533,1670,1636,1667,0,0,1050,1050,0,0,0,0
678523540,1536,1579,1535,1665,1628,1666,0,0,1050,1050,0,0,0,0
678624087,1534,1580,1533,1663,1624,1664,0,0,1050,1050,0,0,0,0
678723546,1530,1579,1535,1666,1624,1662,0,0,1050,1050,0,0,0,0
678823974,1521,1576,1544,1675,1629,1657,0,0,1050,1050,0,0,0,0
678923520,1524,1573,1540,1672,1631,1660,0,0,1050,1050,0,0,0,0
679024022,1528,1574,1538,1670,1631,1662,0,0,1050,1050,0,0,0,0
679123677,1523,1573,1546,1675,1632,1656,0,0,1050,1050,0,0,0,0
679223957,1529,1567,1537,1670,1638,1663,0,0,1050,1050,0,0,0,0
679323494,1532,1569,1543,1668,1636,1659,0,0,1050,1050,0,0,0,0
679423972,1529,1566,1549,1670,1638,1653,0,0,1050,1050,0,0,0,0
679523470,1531,1568,1553,1667,1636,1649,0,0,1050,1050,0,0,0,0
679624141,1533,1562,1547,1667,1642,1655,0,0,1050,1050,0,0,0,0
679723558,1537,1568,1555,1665,1639,1650,0,0,1050,1050,0,0,0,0
679824025,1533,1572,1565,1668,1634,1641,0,0,1050,1050,0,0,0,0
679923533,1550,1580,1559,1657,1631,1650,0,0,1050,1050,0,0,0,0
680023940,1552,1574,1555,1658,1640,1656,0,0,1050,1050,0,0,0,0
680123607,1552,1572,1553,1658,1640,1656,0,0,1050,1050,0,0,0,0
680223994,1553,1564,1547,1658,1648,1663,0,0,1050,1050,0,0,0,0
680323507,1544,1568,1559,1665,1645,1652,0,0,1050,1050,0,0,0,0
680423908,1549,1571,1557,1661,1642,1654,0,0,1050,1050,0,0,0,0
680523491,1549,1566,1550,1662,1647,1661,0,0,1050,1050,0,0,0,0
680624166,1546,1566,1552,1663,1645,1658,0,0,1050,1050,0,0,0,0
680723544,1544,1563,1552,1661,1646,1655,0,0,1050,1050,0,0,0,0
680823980,1546,1563,1559,1661,1646,1649,0,0,1050,1050,0,0,0,0
680923492,1546,1560,1561,1660,1648,1647,0,0,1050,1050,0,0,0,0
681023921,1545,1552,1557,1659,1652,1649,0,0,1050,1050,0,0,0,0
681123669,1547,1552,1553,1654,1650,1649,0,0,1050,1050,0,0,0,0
681223554,1545,1556,1555,1654,1645,1646,0,0,1050,1050,0,0,0,0
681323557,1541,1564,1566,1659,1640,1638,0,0,1050,1050,0,0,0,0
681423255,1537,1555,1558,1664,1648,1646,0,0,1050,1050,0,0,0,0
681523257,1540,1560,1550,1658,1641,1649,0,0,1050,1050,0,0,0,0
681623424,1542,1562,1543,1656,1639,1656,0,0,1050,1050,0,0,0,0
681723350,1535,1562,1543,1663,1639,1656,0,0,1050,1050,0,0,0,0
681823263,1537,1565,1544,1663,1639,1658,0,0,1050,1050,0,0,0,0
681923287,1524,1559,1549,1673,1645,1653,0,0,1050,1050,0,0,0,0
682023249,1530,1559,1545,1668,1643,1656,0,0,1050,1050,0,0,0,0
682123285,1528,1557,1544,1667,1643,1655,0,0,1050,1050,0,0,0,0
682223234,1530,1565,1549,1666,1637,1650,0,0,1050,1050,0,0,0,0
682323246,1537,1567,1550,1664,1639,1653,0,0,1050,1050,0,0,0,0
682423263,1539,1562,1545,1662,1643,1657,0,0,1050,1050,0,0,0,0
682523296,1536,1557,1544,1662,1644,1656,0,0,1050,1050,0,0,0,0
682623312,1538,1568,1557,1664,1639,1648,0,0,1050,1050,0,0,0,0
682723239,1548,1568,1553,1660,1643,1656,0,0,1050,1050,0,0,0,0
682823288,1553,1573,1550,1658,1641,1660,0,0,1050,1050,0,0,0,0
682923239,1553,1573,1549,1659,1641,1662,0,0,1050,1050,0,0,0,0
683023201,1551,1562,1544,1657,1648,1663,0,0,1050,1050,0,0,0,0
683123448,1556,1560,1549,1652,1648,1658,0,0,1050,1050,0,0,0,0
683223258,1549,1556,1561,1657,1650,1647,0,0,1050,1050,0,0,0,0
683323279,1548,1559,1562,1655,1646,1643,0,0,1050,1050,0,0,0,0
683423363,1556,1563,1556,1650,1644,1650,0,0,1050,1050,0,0,0,0
683523304,1560,1570,1553,1648,1639,1654,0,0,1050,1050,0,0,0,0
683623282,1551,1562,1549,1654,1645,1656,0,0,1050,1050,0,0,0,0
683723254,1557,1566,1555,1653,1645,1655,0,0,1050,1050,0,0,0,0
683823297,1555,1565,1561,1654,1645,1649,0,0,1050,1050,0,0,0,0
683923208,1558,1565,1564,1651,1644,1645,0,0,1050,1050,0,0,0,0
684023201,1561,1564,1566,1647,1644,1643,0,0,1050,1050,0,0,0,0
684123343,1568,1564,1567,1642,1646,1643,0,0,1050,1050,0,0,0,0
684223276,1573,1562,1567,1640,1650,1646,0,0,1050,1050,0,0,0,0
684323295,1578,1566,1572,1638,1648,1643,0,0,1050,1050,0,0,0,0
684423343,1577,1558,1565,1639,1656,1650,0,0,1050,1050,0,0,0,0
684523251,1575,1562,1567,1638,1651,1646,0,0,1050,1050,0,0,0,0
684623285,1570,1558,1566,1642,1652,1645,0,0,1050,1050,0,0,0,0
684723248,1565,1555,1573,1647,1656,1640,0,0,1050,1050,0,0,0,0
684823226,1573,1553,1571,1643,1661,1645,0,0,1050,1050,0,0,0,0
684923224,1566,1548,1575,1647,1662,1639,0,0,1050,1050,0,0,0,0
685023233,1557,1549,1575,1652,1659,1636,0,0,1050,1050,0,0,0,0
685123405,1555,1560,1570,1651,1647,1638,0,0,1050,1050,0,0,0,0
685223350,1545,1566,1563,1654,1636,1638,0,0,1050,1050,0,0,0,0
685323312,1536,1571,1554,1659,1629,1644,0,0,1050,1050,0,0,0,0
685423246,1537,1577,1541,1660,1625,1657,0,0,1050,1050,0,0,0,0
685523298,1532,1585,1549,1665,1619,1651,0,0,1050,1050,0,0,0,0
685623292,1533,1590,1542,1664,1614,1657,0,0,1050,1050,0,0,0,0
685723254,1530,1591,1537,1668,1614,1662,0,0,1050,1050,0,0,0,0
685823215,1532,1582,1524,1668,1624,1674,0,0,1050,1050,0,0,0,0
685923252,1530,1578,1529,1668,1626,1669,0,0,1050,1050,0,0,0,0
686023258,1539,1586,1536,1661,1620,1664,0,0,1050,1050,0,0,0,0
686123351,1537,1582,1542,1662,1622,1658,0,0,1050,1050,0,0,0,0
686223339,1537,1579,1547,1663,1626,1654,0,0,1050,1050,0,0,0,0
686323250,1540,1572,1546,1662,1635,1658,0,0,1050,1050,0,0,0,0
686423220,1543,1567,1543,1660,1640,1661,0,0,1050,1050,0,0,0,0
686523277,1543,1570,1551,1661,1638,1655,0,0,1050,1050,0,0,0,0
686623294,1541,1569,1553,1663,1640,1654,0,0,1050,1050,0,0,0,0
686723224,1549,1567,1546,1656,1640,1658,0,0,1050,1050,0,0,0,0
686823278,1549,1569,1550,1654,1637,1653,0,0,1050,1050,0,0,0,0
686923263,1552,1571,1551,1653,1636,1653,0,0,1050,1050,0,0,0,0
687023339,1551,1572,1556,1653,1635,1649,0,0,1050,1050,0,0,0,0
687123408,1554,1578,1560,1653,1632,1648,0,0,1050,1050,0,0,0,0
687223268,1550,1578,1565,1657,1632,1644,0,0,1050,1050,0,0,0,0
687323252,1544,1570,1563,1660,1637,1643,0,0,1050,1050,0,0,0,0
687423270,1547,1572,1557,1657,1635,1649,0,0,1050,1050,0,0,0,0
687523195,1548,1575,1550,1657,1633,1655,0,0,1050,1050,0,0,0,0
687623432,1537,1573,1555,1666,1635,1651,0,0,1050,1050,0,0,0,0
687723231,1532,1570,1551,1669,1636,1653,0,0,1050,1050,0,0,0,0
687823281,1535,1572,1543,1666,1635,1660,0,0,1050,1050,0,0,0,0
687923231,1540,1571,1533,1663,1637,1669,0,0,1050,1050,0,0,0,0
688023300,1533,1571,1539,1669,1636,1664,0,0,1050,1050,0,0,0,0
688123374,1528,1568,1543,1671,1637,1659,0,0,1050,1050,0,0,0,0
688223300,1536,1574,1549,1665,1632,1655,0,0,1050,1050,0,0,0,0
688323278,1545,1572,1547,1661,1638,1660,0,0,1050,1050,0,0,0,0
688423248,1547,1566,1544,1660,1643,1662,0,0,1050,1050,0,0,0,0
688523193,1549,1567,1546,1657,1641,1659,0,0,1050,1050,0,0,0,0
688623289,1544,1569,1551,1658,1637,1653,0,0,1050,1050,0,0,0,0
688723280,1551,1568,1542,1653,1639,1661,0,0,1050,1050,0,0,0,0
688823321,1547,1566,1543,1659,1642,1663,0,0,1050,1050,0,0,0,0
688923306,1541,1570,1546,1663,1639,1659,0,0,1050,1050,0,0,0,0
689023219,1537,1575,1551,1667,1634,1655,0,0,1050,1050,0,0,0,0
689123407,1540,1576,1552,1666,1634,1655,0,0,1050,1050,0,0,0,0
689223307,1549,1578,1550,1662,1636,1660,0,0,1050,1050,0,0,0,0
689323262,1555,1573,1542,1658,1642,1668,0,0,1050,1050,0,0,0,0
689423213,1551,1567,1542,1662,1648,1669,0,0,1050,1050,0,0,0,0
689523176,1548,1566,1552,1665,1650,1662,0,0,1050,1050,0,0,0,0
689623447,1543,1561,1559,1666,1651,1652,0,0,1050,1050,0,0,0,0
689723290,1550,1558,1550,1659,1652,1659,0,0,1050,1050,0,0,0,0
689823294,1551,1559,1554,1658,1650,1655,0,0,1050,1050,0,0,0,0
689923250,1545,1558,1558,1659,1648,1649,0,0,1050,1050,0,0,0,0
690023253,1541,1556,1557,1659,1646,1645,0,0,1050,1050,0,0,0,0
690123311,1543,1553,1554,1654,1646,1645,0,0,1050,1050,0,0,0,0
690223249,1547,1552,1551,1651,1647,1647,0,0,1050,1050,0,0,0,0
690323237,1546,1553,1547,1651,1646,1650,0,0,1050,1050,0,0,0,0
690423229,1545,1557,1544,1652,1641,1652,0,0,1050,1050,0,0,0,0
690523490,1545,1559,1540,1651,1639,1655,0,0,1050,1050,0,0,0,0
690624058,1537,1559,1543,1657,1638,1652,0,0,1050,1050,0,0,0,0
690723561,1529,1550,1543,1662,1645,1651,0,0,1050,1050,0,0,0,0
690823952,1529,1555,1548,1663,1641,1647,0,0,1050,1050,0,0,0,0
690923484,1528,1555,1540,1663,1640,1652,0,0,1050,1050,0,0,0,0
691023989,1525,1563,1545,1666,1634,1650,0,0,1050,1050,0,0,0,0
691123674,1520,1563,1548,1671,1636,1648,0,0,1050,1050,0,0,0,0
691224003,1523,1564,1548,1673,1638,1652,0,0,1050,1050,0,0,0,0
691323185,1533,1572,1544,1668,1635,1659,0,0,1050,1050,0,0,0,0
691423280,1533,1569,1535,1669,1638,1667,0,0,1050,1050,0,0,0,0
691523194,1528,1570,1536,1673,1637,1666,0,0,1050,1050,0,0,0,0
691623395,1524,1575,1541,1678,1636,1665,0,0,1050,1050,0,0,0,0
691723264,1526,1574,1538,1679,1638,1669,0,0,1050,1050,0,0,0,0
691823306,1527,1578,1544,1678,1634,1664,0,0,1050,1050,0,0,0,0
691923244,1540,1582,1542,1667,1630,1665,0,0,1050,1050,0,0,0,0
692023248,1539,1575,1541,1666,1635,1665,0,0,1050,1050,0,0,0,0
692123258,1533,1578,1554,1672,1633,1654,0,0,1050,1050,0,0,0,0
692223281,1540,1574,1551,1668,1638,1659,0,0,1050,1050,0,0,0,0
692323249,1537,1562,1545,1668,1647,1662,0,0,1050,1050,0,0,0,0
692423279,1536,1562,1544,1668,1646,1661,0,0,1050,1050,0,0,0,0
692523306,1535,1566,1547,1670,1643,1660,0,0,1050,1050,0,0,0,0
692623521,1538,1571,1552,1667,1638,1655,0,0,1050,1050,0,0,0,0
692723291,1543,1569,1548,1662,1640,1658,0,0,1050,1050,0,0,0,0
692823342,1545,1567,1544,1663,1643,1663,0,0,1050,1050,0,0,0,0
692923198,1541,1570,1552,1667,1641,1657,0,0,1050,1050,0,0,0,0
693023244,1542,1567,1550,1664,1642,1657,0,0,1050,1050,0,0,0,0
693123428,1546,1564,1545,1660,1644,1660,0,0,1050,1050,0,0,0,0
693223275,1546,1561,1543,1657,1645,1661,0,0,1050,1050,0,0,0,0
693323301,1543,1561,1547,1660,1645,1656,0,0,1050,1050,0,0,0,0
693423281,1538,1558,1554,1663,1647,1650,0,0,1050,1050,0,0,0,0
693523296,1540,1557,1556,1662,1647,1648,0,0,1050,1050,0,0,0,0
693623345,1538,1557,1557,1661,1645,1644,0,0,1050,1050,0,0,0,0
693723267,1537,1554,1553,1659,1645,1645,0,0,1050,1050,0,0,0,0
693823198,1541,1556,1551,1656,1643,1648,0,0,1050,1050,0,0,0,0
693923230,1537,1559,1557,1660,1641,1643,0,0,1050,1050,0,0,0,0
694023228,1535,1559,1553,1662,1642,1647,0,0,1050,1050,0,0,0,0
694123275,1538,1563,1551,1662,1641,1651,0,0,1050,1050,0,0,0,0
694223356,1539,1564,1549,1664,1642,1655,0,0,1050,1050,0,0,0,0
694323313,1542,1561,1536,1663,1647,1668,0,0,1050,1050,0,0,0,0
694423288,1537,1561,1538,1666,1647,1666,0,0,1050,1050,0,0,0,0
694523217,1538,1565,1546,1667,1644,1660,0,0,1050,1050,0,0,0,0
694623285,1536,1561,1545,1669,1647,1661,0,0,1050,1050,0,0,0,0
694723251,1542,1557,1538,1665,1652,1669,0,0,1050,1050,0,0,0,0
694823252,1531,1552,1546,1672,1655,1660,0,0,1050,1050,0,0,0,0
694923291,1534,1558,1552,1669,1648,1654,0,0,1050,1050,0,0,0,0
695023273,1536,1560,1550,1667,1647,1656,0,0,1050,1050,0,0,0,0
695123406,1539,1561,1546,1667,1649,1662,0,0,1050,1050,0,0,0,0
695223299,1535,1563,1549,1669,1645,1657,0,0,1050,1050,0,0,0,0
695323285,1531,1564,1553,1671,1643,1653,0,0,1050,1050,0,0,0,0
695423239,1538,1571,1546,1665,1637,1658,0,0,1050,1050,0,0,0,0
695523247,1542,1567,1539,1664,1642,1666,0,0,1050,1050,0,0,0,0
695623412,1532,1564,1543,1670,1644,1661,0,0,1050,1050,0,0,0,0
695723239,1532,1566,1541,1671,1642,1663,0,0,1050,1050,0,0,0,0
695823269,1530,1570,1543,1673,1639,1662,0,0,1050,1050,0,0,0,0
695923266,1530,1568,1542,1674,1641,1664,0,0,1050,1050,0,0,0,0
696023319,1527,1575,1553,1676,1635,1655,0,0,1050,1050,0,0,0,0
696123432,1538,1577,1549,1665,1630,1656,0,0,1050,1050,0,0,0,0
696223253,1535,1579,1555,1665,1628,1649,0,0,1050,1050,0,0,0,0
696323206,1523,1569,1551,1670,1632,1647,0,0,1050,1050,0,0,0,0
696423230,1518,1566,1547,1671,1630,1646,0,0,1050,1050,0,0,0,0
696523215,1532,1572,1547,1664,1629,1651,0,0,1050,1050,0,0,0,0
696623539,1529,1563,1557,1668,1639,1644,0,0,1050,1050,0,0,0,0
696723280,1526,1563,1567,1671,1639,1636,0,0,1050,1050,0,0,0,0
696823288,1523,1565,1570,1674,1638,1634,0,0,1050,1050,0,0,0,0
696923329,1530,1567,1558,1665,1633,1642,0,0,1050,1050,0,0,0,0
697023287,1531,1576,1562,1663,1624,1637,0,0,1050,1050,0,0,0,0
697123287,1526,1570,1554,1668,1630,1644,0,0,1050,1050,0,0,0,0
697223279,1526,1572,1548,1670,1631,1652,0,0,1050,1050,0,0,0,0
697323273,1528,1574,1544,1669,1629,1656,0,0,1050,1050,0,0,0,0
697423219,1530,1582,1546,1671,1626,1658,0,0,1050,1050,0,0,0,0
697523236,1526,1569,1537,1675,1638,1666,0,0,1050,1050,0,0,0,0
697623267,1529,1570,1544,1672,1638,1660,0,0,1050,1050,0,0,0,0
697723278,1533,1572,1553,1670,1636,1654,0,0,1050,1050,0,0,0,0
697823342,1538,1576,1560,1665,1632,1646,0,0,1050,1050,0,0,0,0
697923269,1545,1581,1562,1661,1629,1646,0,0,1050,1050,0,0,0,0
698023283,1551,1580,1559,1660,1635,1653,0,0,1050,1050,0,0,0,0
698123290,1546,1581,1567,1664,1633,1646,0,0,1050,1050,0,0,0,0
698223221,1547,1577,1567,1664,1638,1646,0,0,1050,1050,0,0,0,0
698323283,1548,1573,1569,1665,1643,1646,0,0,1050,1050,0,0,0,0
698423227,1560,1576,1566,1656,1641,1650,0,0,1050,1050,0,0,0,0
698523232,1562,1566,1560,1654,1651,1655,0,0,1050,1050,0,0,0,0
698623421,1564,1561,1564,1651,1654,1651,0,0,1050,1050,0,0,0,0
698723337,1560,1554,1575,1654,1660,1641,0,0,1050,1050,0,0,0,0
698823333,1558,1541,1577,1651,1666,1635,0,0,1050,1050,0,0,0,0
698923247,1559,1543,1585,1648,1661,1625,0,0,1050,1050,0,0,0,0
699023263,1557,1551,1590,1651,1657,1622,0,0,1050,1050,0,0,0,0
699123353,1554,1558,1588,1655,1651,1624,0,0,1050,1050,0,0,0,0
699223242,1560,1557,1573,1648,1651,1637,0,0,1050,1050,0,0,0,0
699323185,1548,1552,1561,1654,1650,1643,0,0,1050,1050,0,0,0,0
699423242,1546,1555,1553,1657,1649,1650,0,0,1050,1050,0,0,0,0
699523263,1540,1562,1555,1662,1643,1650,0,0,1050,1050,0,0,0,0
699623471,1532,1569,1557,1668,1637,1647,0,0,1050,1050,0,0,0,0
699723293,1537,1571,1549,1665,1635,1654,0,0,1050,1050,0,0,0,0
699823259,1543,1577,1548,1659,1629,1654,0,0,1050,1050,0,0,0,0
699923258,1544,1576,1545,1658,1630,1657,0,0,1050,1050,0,0,0,0
700023342,1552,1579,1550,1655,1630,1656,0,0,1050,1050,0,0,0,0
700123270,1550,1573,1553,1657,1638,1655,0,0,1050,1050,0,0,0,0
700223248,1550,1575,1558,1657,1635,1650,0,0,1050,1050,0,0,0,0
700323246,1552,1566,1553,1656,1644,1655,0,0,1050,1050,0,0,0,0
700423299,1548,1561,1556,1659,1648,1653,0,0,1050,1050,0,0,0,0
700523304,1550,1566,1564,1659,1645,1647,0,0,1050,1050,0,0,0,0
700623376,1545,1567,1567,1662,1643,1642,0,0,1050,1050,0,0,0,0
700723307,1549,1569,1560,1658,1641,1648,0,0,1050,1050,0,0,0,0
700823298,1546,1565,1564,1661,1645,1645,0,0,1050,1050,0,0,0,0
700923220,1549,1571,1568,1658,1639,1641,0,0,1050,1050,0,0,0,0
701023264,1551,1572,1563,1657,1639,1647,0,0,1050,1050,0,0,0,0
701123412,1550,1570,1559,1659,1641,1651,0,0,1050,1050,0,0,0,0
701223332,1551,1579,1560,1662,1638,1654,0,0,1050,1050,0,0,0,0
701323274,1552,1584,1564,1662,1634,1652,0,0,1050,1050,0,0,0,0
701423335,1554,1586,1562,1661,1632,1654,0,0,1050,1050,0,0,0,0
701523280,1550,1578,1554,1662,1637,1658,0,0,1050,1050,0,0,0,0
701623288,1549,1574,1551,1660,1639,1659,0,0,1050,1050,0,0,0,0
701723273,1537,1571,1558,1668,1638,1650,0,0,1050,1050,0,0,0,0
701823313,1526,1570,1556,1672,1635,1648,0,0,1050,1050,0,0,0,0
701923181,1528,1577,1549,1673,1630,1656,0,0,1050,1050,0,0,0,0
702023205,1535,1586,1536,1667,1622,1667,0,0,1050,1050,0,0,0,0
702123263,1532,1589,1529,1669,1619,1671,0,0,1050,1050,0,0,0,0
702223361,1534,1594,1528,1667,1613,1671,0,0,1050,1050,0,0,0,0
702323344,1538,1591,1521,1665,1617,1678,0,0,1050,1050,0,0,0,0
702423325,1532,1589,1531,1667,1618,1668,0,0,1050,1050,0,0,0,0
702523206,1535,1581,1531,1664,1624,1668,0,0,1050,1050,0,0,0,0
702623290,1547,1578,1531,1655,1628,1669,0,0,1050,1050,0,0,0,0
702723281,1549,1573,1545,1656,1635,1659,0,0,1050,1050,0,0,0,0
702823234,1551,1568,1563,1654,1640,1644,0,0,1050,1050,0,0,0,0
702923190,1551,1561,1576,1652,1643,1629,0,0,1050,1050,0,0,0,0
703023252,1554,1559,1583,1651,1647,1625,0,0,1050,1050,0,0,0,0
703123346,1553,1555,1580,1653,1651,1629,0,0,1050,1050,0,0,0,0
703223344,1553,1554,1571,1653,1652,1637,0,0,1050,1050,0,0,0,0
703323305,1560,1556,1560,1647,1650,1647,0,0,1050,1050,0,0,0,0
703423225,1559,1566,1555,1648,1641,1652,0,0,1050,1050,0,0,0,0
703523205,1555,1578,1550,1652,1632,1656,0,0,1050,1050,0,0,0,0
703623350,1553,1585,1547,1652,1623,1657,0,0,1050,1050,0,0,0,0
703723255,1542,1584,1550,1658,1622,1651,0,0,1050,1050,0,0,0,0
703823245,1540,1576,1554,1662,1631,1650,0,0,1050,1050,0,0,0,0
703923177,1535,1566,1561,1665,1639,1642,0,0,1050,1050,0,0,0,0
704023293,1540,1559,1559,1661,1645,1645,0,0,1050,1050,0,0,0,0
704123380,1543,1559,1567,1659,1645,1638,0,0,1050,1050,0,0,0,0
704223349,1549,1561,1564,1650,1640,1637,0,0,1050,1050,0,0,0,0
704323246,1545,1558,1561,1651,1639,1637,0,0,1050,1050,0,0,0,0
704423276,1544,1560,1562,1652,1638,1636,0,0,1050,1050,0,0,0,0
704523259,1545,1558,1555,1654,1643,1645,0,0,1050,1050,0,0,0,0
704623277,1544,1562,1554,1656,1640,1647,0,0,1050,1050,0,0,0,0
704723211,1541,1568,1554,1657,1634,1646,0,0,1050,1050,0,0,0,0
704823251,1540,1566,1547,1657,1634,1650,0,0,1050,1050,0,0,0,0
704923254,1534,1574,1556,1663,1628,1644,0,0,1050,1050,0,0,0,0
705023275,1534,1574,1556,1664,1629,1645,0,0,1050,1050,0,0,0,0
705123655,1532,1574,1559,1664,1628,1641,0,0,1050,1050,0,0,0,0
705223955,1539,1574,1560,1660,1629,1642,0,0,1050,1050,0,0,0,0
705323484,1550,1576,1558,1653,1630,1646,0,0,1050,1050,0,0,0,0
705423993,1552,1573,1554,1653,1634,1651,0,0,1050,1050,0,0,0,0
705523502,1548,1577,1561,1658,1632,1647,0,0,1050,1050,0,0,0,0
705624242,1546,1579,1563,1660,1630,1645,0,0,1050,1050,0,0,0,0
705723586,1545,1577,1558,1658,1630,1647,0,0,1050,1050,0,0,0,0
705824007,1545,1577,1555,1658,1630,1649,0,0,1050,1050,0,0,0,0
705923546,1543,1578,1554,1659,1628,1649,0,0,1050,1050,0,0,0,0
706023541,1538,1574,1550,1664,1632,1653,0,0,1050,1050,0,0,0,0
706123547,1534,1574,1551,1668,1633,1653,0,0,1050,1050,0,0,0,0
706223519,1535,1579,1549,1668,1630,1657,0,0,1050,1050,0,0,0,0
706323512,1541,1585,1541,1664,1625,1664,0,0,1050,1050,0,0,0,0
706423941,1538,1581,1533,1662,1624,1666,0,0,1050,1050,0,0,0,0
706523552,1529,1581,1541,1669,1624,1659,0,0,1050,1050,0,0,0,0
706624185,1527,1575,1539,1670,1628,1660,0,0,1050,1050,0,0,0,0
706723569,1524,1573,1544,1672,1630,1656,0,0,1050,1050,0,0,0,0
706824018,1517,1576,1554,1676,1626,1646,0,0,1050,1050,0,0,0,0
706923514,1524,1584,1559,1670,1618,1641,0,0,1050,1050,0,0,0,0
707023930,1535,1585,1551,1663,1619,1649,0,0,1050,1050,0,0,0,0
707123627,1543,1581,1548,1660,1626,1655,0,0,1050,1050,0,0,0,0
707223517,1543,1579,1556,1661,1630,1650,0,0,1050,1050,0,0,0,0
707323552,1543,1571,1557,1662,1638,1650,0,0,1050,1050,0,0,0,0
707423965,1540,1564,1558,1665,1644,1649,0,0,1050,1050,0,0,0,0
707523540,1539,1565,1553,1661,1639,1649,0,0,1050,1050,0,0,0,0
707624089,1532,1559,1552,1665,1642,1648,0,0,1050,1050,0,0,0,0
707723484,1525,1560,1553,1667,1638,1644,0,0,1050,1050,0,0,0,0
707824036,1522,1563,1546,1668,1633,1647,0,0,1050,1050,0,0,0,0
707923514,1524,1570,1537,1666,1627,1655,0,0,1050,1050,0,0,0,0
708023940,1523,1575,1533,1667,1622,1659,0,0,1050,1050,0,0,0,0
708123563,1516,1579,1538,1675,1620,1657,0,0,1050,1050,0,0,0,0
708223641,1515,1583,1533,1674,1615,1659,0,0,1050,1050,0,0,0,0
708323498,1524,1588,1526,1669,1613,1668,0,0,1050,1050,0,0,0,0
708424001,1515,1578,1525,1675,1621,1667,0,0,1050,1050,0,0,0,0
708523512,1508,1576,1531,1680,1622,1661,0,0,1050,1050,0,0,0,0
708624074,1512,1578,1532,1676,1620,1661,0,0,1050,1050,0,0,0,0
708723492,1514,1579,1536,1674,1619,1656,0,0,1050,1050,0,0,0,0
708823936,1518,1575,1538,1677,1630,1661,0,0,1050,1050,0,0,0,0
708923491,1523,1574,1544,1674,1631,1657,0,0,1050,1050,0,0,0,0
709023945,1527,1571,1546,1670,1632,1654,0,0,1050,1050,0,0,0,0
709123531,1538,1572,1548,1662,1633,1654,0,0,1050,1050,0,0,0,0
709223979,1540,1567,1550,1661,1638,1653,0,0,1050,1050,0,0,0,0
709323517,1543,1573,1562,1662,1637,1646,0,0,1050,1050,0,0,0,0
709424034,1543,1568,1567,1662,1641,1641,0,0,1050,1050,0,0,0,0
709523472,1549,1567,1571,1656,1640,1636,0,0,1050,1050,0,0,0,0
709623539,1562,1564,1565,1642,1640,1639,0,0,1050,1050,0,0,0,0
709723487,1554,1562,1575,1649,1641,1630,0,0,1050,1050,0,0,0,0
709823928,1545,1556,1580,1654,1645,1623,0,0,1050,1050,0,0,0,0
709923492,1536,1553,1582,1660,1645,1619,0,0,1050,1050,0,0,0,0
710023998,1529,1550,1574,1663,1646,1625,0,0,1050,1050,0,0,0,0
710123623,1530,1561,1572,1662,1636,1626,0,0,1050,1050,0,0,0,0
710224050,1536,1570,1561,1657,1627,1635,0,0,1050,1050,0,0,0,0
710323530,1530,1576,1553,1660,1620,1641,0,0,1050,1050,0,0,0,0
710423981,1526,1579,1541,1664,1617,1651,0,0,1050,1050,0,0,0,0
710523548,1513,1588,1541,1676,1612,1654,0,0,1050,1050,0,0,0,0
710624002,1519,1601,1531,1677,1604,1667,0,0,1050,1050,0,0,0,0
710723554,1521,1604,1522,1675,1602,1675,0,0,1050,1050,0,0,0,0
710823967,1508,1602,1521,1687,1606,1678,0,0,1050,1050,0,0,0,0
710923447,1517,1603,1510,1682,1607,1688,0,0,1050,1050,0,0,0,0
711023963,1533,1608,1507,1672,1604,1692,0,0,1050,1050,0,0,0,0
711123559,1529,1603,1515,1674,1608,1685,0,0,1050,1050,0,0,0,0
711223513,1528,1592,1521,1672,1616,1678,0,0,1050,1050,0,0,0,0
711323514,1535,1588,1531,1667,1620,1670,0,0,1050,1050,0,0,0,0
711424015,1537,1587,1545,1664,1620,1658,0,0,1050,1050,0,0,0,0
711523499,1539,1587,1554,1664,1621,1652,0,0,1050,1050,0,0,0,0
711623978,1539,1582,1556,1663,1625,1649,0,0,1050,1050,0,0,0,0
711723595,1541,1574,1558,1658,1630,1644,0,0,1050,1050,0,0,0,0
711823981,1545,1576,1563,1654,1626,1638,0,0,1050,1050,0,0,0,0
711923456,1554,1573,1561,1644,1627,1637,0,0,1050,1050,0,0,0,0
712023972,1561,1573,1563,1638,1627,1636,0,0,1050,1050,0,0,0,0
712123708,1553,1572,1566,1643,1626,1631,0,0,1050,1050,0,0,0,0
712223602,1545,1568,1556,1647,1627,1638,0,0,1050,1050,0,0,0,0
712323477,1536,1573,1549,1655,1622,1643,0,0,1050,1050,0,0,0,0
712423317,1530,1578,1531,1657,1614,1656,0,0,1050,1050,0,0,0,0
712523245,1515,1582,1524,1668,1610,1661,0,0,1050,1050,0,0,0,0
712623297,1513,1592,1527,1675,1606,1664,0,0,1050,1050,0,0,0,0
712723234,1510,1597,1537,1683,1608,1662,0,0,1050,1050,0,0,0,0
712823268,1515,1594,1528,1680,1611,1670,0,0,1050,1050,0,0,0,0
712923235,1516,1599,1528,1677,1604,1667,0,0,1050,1050,0,0,0,0
713023307,1517,1598,1524,1672,1601,1667,0,0,1050,1050,0,0,0,0
713123274,1525,1602,1532,1668,1599,1663,0,0,1050,1050,0,0,0,0
713223308,1525,1602,1541,1671,1602,1658,0,0,1050,1050,0,0,0,0
713323252,1527,1597,1545,1668,1606,1653,0,0,1050,1050,0,0,0,0
713423286,1532,1585,1547,1659,1613,1647,0,0,1050,1050,0,0,0,0
713523205,1541,1572,1548,1651,1624,1645,0,0,1050,1050,0,0,0,0
713623344,1542,1562,1559,1651,1634,1636,0,0,1050,1050,0,0,0,0
713723220,1543,1558,1568,1650,1637,1627,0,0,1050,1050,0,0,0,0
713823265,1544,1553,1572,1647,1639,1622,0,0,1050,1050,0,0,0,0
713923261,1552,1554,1569,1640,1638,1624,0,0,1050,1050,0,0,0,0
714023248,1545,1547,1575,1647,1646,1620,0,0,1050,1050,0,0,0,0
714123423,1548,1552,1575,1643,1639,1618,0,0,1050,1050,0,0,0,0
714223351,1547,1551,1572,1645,1641,1622,0,0,1050,1050,0,0,0,0
714323448,1544,1555,1575,1649,1639,1622,0,0,1050,1050,0,0,0,0
714423951,1541,1556,1572,1653,1641,1626,0,0,1050,1050,0,0,0,0
714523447,1545,1562,1565,1649,1634,1632,0,0,1050,1050,0,0,0,0
714624127,1544,1563,1558,1649,1633,1637,0,0,1050,1050,0,0,0,0
714723452,1542,1566,1559,1652,1631,1637,0,0,1050,1050,0,0,0,0
714824011,1546,1568,1563,1652,1633,1637,0,0,1050,1050,0,0,0,0
714923493,1540,1565,1567,1656,1634,1633,0,0,1050,1050,0,0,0,0
715024007,1542,1564,1571,1654,1634,1628,0,0,1050,1050,0,0,0,0
715123693,1545,1562,1574,1650,1635,1624,0,0,1050,1050,0,0,0,0
715223945,1539,1553,1578,1654,1643,1620,0,0,1050,1050,0,0,0,0
715323569,1540,1557,1578,1654,1639,1621,0,0,1050,1050,0,0,0,0
715423891,1543,1560,1568,1649,1635,1628,0,0,1050,1050,0,0,0,0
715523406,1548,1569,1566,1644,1626,1628,0,0,1050,1050,0,0,0,0
715624153,1548,1573,1570,1644,1621,1624,0,0,1050,1050,0,0,0,0
715723602,1542,1572,1575,1648,1621,1618,0,0,1050,1050,0,0,0,0
715823464,1539,1568,1576,1652,1627,1620,0,0,1050,1050,0,0,0,0
715923572,1539,1565,1571,1655,1632,1627,0,0,1050,1050,0,0,0,0
716023928,1535,1565,1572,1657,1631,1625,0,0,1050,1050,0,0,0,0
716123539,1536,1568,1567,1653,1626,1626,0,0,1050,1050,0,0,0,0
716223987,1535,1562,1562,1652,1629,1629,0,0,1050,1050,0,0,0,0
716323435,1534,1569,1573,1656,1625,1622,0,0,1050,1050,0,0,0,0
716423950,1538,1573,1572,1654,1622,1623,0,0,1050,1050,0,0,0,0
716523431,1537,1572,1569,1654,1623,1626,0,0,1050,1050,0,0,0,0
716624190,1537,1569,1556,1651,1623,1635,0,0,1050,1050,0,0,0,0
716723502,1539,1580,1554,1650,1613,1636,0,0,1050,1050,0,0,0,0
716824031,1532,1580,1548,1657,1615,1644,0,0,1050,1050,0,0,0,0
716923514,1527,1580,1543,1661,1614,1648,0,0,1050,1050,0,0,0,0
717023943,1519,1578,1547,1667,1616,1644,0,0,1050,1050,0,0,0,0
717123604,1524,1579,1548,1664,1616,1645,0,0,1050,1050,0,0,0,0
717223884,1524,1583,1546,1664,1612,1646,0,0,1050,1050,0,0,0,0
717323458,1527,1592,1543,1663,1606,1650,0,0,1050,1050,0,0,0,0
717423929,1517,1595,1546,1670,1602,1646,0,0,1050,1050,0,0,0,0
717523498,1520,1594,1533,1667,1601,1656,0,0,1050,1050,0,0,0,0
717623597,1534,1597,1525,1663,1605,1670,0,0,1050,1050,0,0,0,0
717723553,1525,1589,1531,1670,1614,1665,0,0,1050,1050,0,0,0,0
717823955,1531,1594,1543,1669,1613,1659,0,0,1050,1050,0,0,0,0
717923506,1538,1591,1547,1662,1615,1655,0,0,1050,1050,0,0,0,0
718023962,1542,1588,1552,1657,1617,1649,0,0,1050,1050,0,0,0,0
718123626,1541,1580,1550,1659,1624,1651,0,0,1050,1050,0,0,0,0
718223539,1550,1575,1543,1650,1628,1656,0,0,1050,1050,0,0,0,0
718323493,1549,1579,1549,1650,1624,1650,0,0,1050,1050,0,0,0,0
718424015,1543,1587,1554,1656,1617,1647,0,0,1050,1050,0,0,0,0
718523468,1538,1590,1551,1659,1613,1648,0,0,1050,1050,0,0,0,0
718624164,1535,1583,1537,1656,1612,1653,0,0,1050,1050,0,0,0,0
718723524,1538,1591,1538,1652,1605,1653,0,0,1050,1050,0,0,0,0
718823972,1533,1588,1537,1656,1607,1653,0,0,1050,1050,0,0,0,0
718923500,1526,1587,1532,1663,1609,1657,0,0,1050,1050,0,0,0,0
719023944,1527,1596,1528,1661,1599,1660,0,0,1050,1050,0,0,0,0
719123707,1523,1603,1534,1665,1593,1656,0,0,1050,1050,0,0,0,0
719224026,1528,1605,1526,1667,1598,1669,0,0,1050,1050,0,0,0,0
719323511,1531,1612,1526,1670,1596,1674,0,0,1050,1050,0,0,0,0
719423433,1526,1616,1525,1674,1592,1674,0,0,1050,1050,0,0,0,0
719523527,1515,1621,1532,1681,1586,1668,0,0,1050,1050,0,0,0,0
719624171,1515,1615,1522,1680,1590,1674,0,0,1050,1050,0,0,0,0
719723543,1537,1624,1520,1666,1584,1680,0,0,1050,1050,0,0,0,0
719823961,1539,1620,1523,1667,1592,1680,0,0,1050,1050,0,0,0,0
719923496,1539,1620,1531,1667,1592,1673,0,0,1050,1050,0,0,0,0
720023943,1542,1620,1533,1665,1593,1673,0,0,1050,1050,0,0,0,0
720123607,1539,1603,1524,1662,1604,1674,0,0,1050,1050,0,0,0,0
720224020,1538,1604,1532,1663,1604,1669,0,0,1050,1050,0,0,0,0
720323522,1545,1601,1538,1662,1611,1667,0,0,1050,1050,0,0,0,0
720424039,1546,1597,1545,1662,1616,1663,0,0,1050,1050,0,0,0,0
720523499,1540,1602,1551,1664,1609,1655,0,0,1050,1050,0,0,0,0
720624105,1540,1598,1542,1662,1610,1661,0,0,1050,1050,0,0,0,0
720723519,1538,1598,1535,1659,1605,1662,0,0,1050,1050,0,0,0,0
720823980,1537,1600,1538,1660,1603,1659,0,0,1050,1050,0,0,0,0
720923458,1534,1601,1542,1663,1602,1656,0,0,1050,1050,0,0,0,0
721023960,1532,1594,1535,1663,1607,1660,0,0,1050,1050,0,0,0,0
721123771,1537,1600,1541,1661,1604,1657,0,0,1050,1050,0,0,0,0
721224095,1541,1602,1542,1659,1603,1658,0,0,1050,1050,0,0,0,0
721323554,1538,1598,1548,1660,1605,1651,0,0,1050,1050,0,0,0,0
721423902,1539,1593,1552,1659,1610,1648,0,0,1050,1050,0,0,0,0
721523191,1542,1592,1553,1656,1612,1647,0,0,1050,1050,0,0,0,0
721623244,1544,1587,1551,1653,1614,1646,0,0,1050,1050,0,0,0,0
721723255,1551,1589,1551,1647,1613,1648,0,0,1050,1050,0,0,0,0
721823216,1560,1601,1556,1641,1602,1644,0,0,1050,1050,0,0,0,0
721923236,1554,1594,1553,1644,1608,1645,0,0,1050,1050,0,0,0,0
722023260,1550,1586,1552,1648,1615,1646,0,0,1050,1050,0,0,0,0
722123331,1548,1577,1553,1652,1626,1647,0,0,1050,1050,0,0,0,0
722223323,1551,1571,1547,1651,1633,1654,0,0,1050,1050,0,0,0,0
722323255,1551,1576,1557,1653,1631,1649,0,0,1050,1050,0,0,0,0
722423297,1542,1579,1562,1661,1628,1645,0,0,1050,1050,0,0,0,0
722523303,1536,1582,1554,1667,1627,1652,0,0,1050,1050,0,0,0,0
722623432,1536,1590,1549,1667,1619,1656,0,0,1050,1050,0,0,0,0
722723228,1541,1600,1546,1662,1608,1657,0,0,1050,1050,0,0,0,0
722823240,1541,1596,1543,1660,1611,1658,0,0,1050,1050,0,0,0,0
722923289,1556,1591,1541,1649,1616,1662,0,0,1050,1050,0,0,0,0
723023244,1562,1590,1549,1641,1616,1653,0,0,1050,1050,0,0,0,0
723123461,1565,1583,1549,1636,1621,1650,0,0,1050,1050,0,0,0,0
723223297,1564,1576,1548,1639,1627,1652,0,0,1050,1050,0,0,0,0
723323279,1554,1576,1556,1648,1629,1646,0,0,1050,1050,0,0,0,0
723423260,1556,1578,1556,1649,1629,1649,0,0,1050,1050,0,0,0,0
723523189,1561,1586,1552,1645,1622,1652,0,0,1050,1050,0,0,0,0
723623436,1555,1587,1548,1649,1620,1654,0,0,1050,1050,0,0,0,0
723723214,1554,1587,1544,1646,1615,1654,0,0,1050,1050,0,0,0,0
723823278,1546,1579,1542,1649,1620,1653,0,0,1050,1050,0,0,0,0
723923270,1540,1572,1547,1653,1625,1647,0,0,1050,1050,0,0,0,0
724023277,1544,1578,1559,1650,1620,1638,0,0,1050,1050,0,0,0,0
724123311,1553,1585,1562,1644,1615,1637,0,0,1050,1050,0,0,0,0
724223256,1554,1585,1556,1643,1615,1641,0,0,1050,1050,0,0,0,0
724323348,1557,1582,1544,1645,1622,1656,0,0,1050,1050,0,0,0,0
724423256,1561,1589,1548,1645,1618,1656,0,0,1050,1050,0,0,0,0
724523200,1564,1594,1549,1648,1620,1661,0,0,1050,1050,0,0,0,0
724623230,1566,1596,1548,1650,1623,1666,0,0,1050,1050,0,0,0,0
724723265,1563,1587,1543,1653,1632,1670,0,0,1050,1050,0,0,0,0
724823302,1559,1592,1556,1657,1627,1660,0,0,1050,1050,0,0,0,0
724923294,1556,1593,1565,1657,1624,1649,0,0,1050,1050,0,0,0,0
725023269,1553,1586,1564,1653,1623,1643,0,0,1050,1050,0,0,0,0
725123277,1546,1572,1561,1655,1632,1642,0,0,1050,1050,0,0,0,0
725223216,1551,1575,1556,1650,1629,1646,0,0,1050,1050,0,0,0,0
725323303,1553,1582,1552,1646,1620,1647,0,0,1050,1050,0,0,0,0
725423268,1561,1586,1544,1637,1615,1653,0,0,1050,1050,0,0,0,0
725523154,1555,1587,1545,1639,1609,1648,0,0,1050,1050,0,0,0,0
725623386,1549,1580,1533,1639,1610,1652,0,0,1050,1050,0,0,0,0
725723256,1544,1581,1532,1645,1611,1654,0,0,1050,1050,0,0,0,0
725823329,1535,1582,1534,1650,1608,1651,0,0,1050,1050,0,0,0,0
725923260,1534,1590,1545,1654,1603,1643,0,0,1050,1050,0,0,0,0
726023246,1535,1588,1545,1655,1608,1647,0,0,1050,1050,0,0,0,0
726123279,1543,1591,1546,1656,1613,1653,0,0,1050,1050,0,0,0,0
726223258,1540,1579,1548,1666,1632,1659,0,0,1050,1050,0,0,0,0
726323199,1546,1578,1553,1664,1637,1659,0,0,1050,1050,0,0,0,0
726423215,1557,1584,1561,1657,1634,1654,0,0,1050,1050,0,0,0,0
726523264,1549,1574,1562,1660,1639,1650,0,0,1050,1050,0,0,0,0
726623440,1550,1571,1567,1659,1641,1645,0,0,1050,1050,0,0,0,0
726723555,1559,1575,1571,1656,1642,1645,0,0,1050,1050,0,0,0,0
726823993,1565,1580,1575,1653,1639,1643,0,0,1050,1050,0,0,0,0
726923505,1569,1580,1574,1652,1641,1647,0,0,1050,1050,0,0,0,0
727023953,1571,1581,1573,1651,1642,1649,0,0,1050,1050,0,0,0,0
727123534,1567,1580,1572,1653,1642,1649,0,0,1050,1050,0,0,0,0
727223551,1571,1579,1560,1646,1639,1656,0,0,1050,1050,0,0,0,0
727323510,1567,1575,1555,1646,1639,1656,0,0,1050,1050,0,0,0,0
727424008,1569,1579,1556,1643,1634,1654,0,0,1050,1050,0,0,0,0
727523556,1571,1578,1555,1640,1633,1654,0,0,1050,1050,0,0,0,0
727624226,1569,1579,1556,1636,1627,1648,0,0,1050,1050,0,0,0,0
727723525,1557,1573,1555,1641,1626,1643,0,0,1050,1050,0,0,0,0
727824029,1550,1567,1546,1644,1629,1648,0,0,1050,1050,0,0,0,0
727923521,1549,1567,1536,1641,1625,1652,0,0,1050,1050,0,0,0,0
728023946,1541,1566,1535,1645,1623,1650,0,0,1050,1050,0,0,0,0
728123567,1546,1575,1536,1646,1621,1655,0,0,1050,1050,0,0,0,0
728223637,1553,1576,1531,1645,1624,1663,0,0,1050,1050,0,0,0,0
728323548,1563,1579,1522,1641,1627,1675,0,0,1050,1050,0,0,0,0
728423965,1564,1584,1521,1638,1619,1674,0,0,1050,1050,0,0,0,0
728523511,1559,1580,1522,1643,1625,1673,0,0,1050,1050,0,0,0,0
728623356,1552,1583,1537,1649,1621,1662,0,0,1050,1050,0,0,0,0
728723259,1554,1586,1542,1652,1623,1662,0,0,1050,1050,0,0,0,0
728823252,1563,1589,1537,1648,1625,1670,0,0,1050,1050,0,0,0,0
728923301,1562,1588,1543,1653,1629,1669,0,0,1050,1050,0,0,0,0
729023221,1569,1591,1544,1650,1630,1671,0,0,1050,1050,0,0,0,0
729123436,1568,1588,1551,1655,1637,1669,0,0,1050,1050,0,0,0,0
729223325,1565,1587,1554,1658,1638,1667,0,0,1050,1050,0,0,0,0
729323276,1559,1583,1551,1663,1642,1670,0,0,1050,1050,0,0,0,0
729423319,1559,1586,1548,1664,1640,1673,0,0,1050,1050,0,0,0,0
729523262,1561,1592,1548,1664,1636,1675,0,0,1050,1050,0,0,0,0
729623357,1565,1594,1544,1660,1634,1678,0,0,1050,1050,0,0,0,0
729723251,1557,1599,1554,1666,1628,1668,0,0,1050,1050,0,0,0,0
729823234,1546,1591,1554,1670,1630,1663,0,0,1050,1050,0,0,0,0
729923191,1543,1587,1555,1669,1630,1658,0,0,1050,1050,0,0,0,0
730023249,1546,1579,1550,1660,1631,1656,0,0,1050,1050,0,0,0,0
730123289,1545,1567,1546,1655,1636,1655,0,0,1050,1050,0,0,0,0
730223316,1543,1568,1545,1653,1630,1651,0,0,1050,1050,0,0,0,0
730323314,1546,1566,1531,1651,1633,1663,0,0,1050,1050,0,0,0,0
730423254,1547,1575,1531,1652,1627,1664,0,0,1050,1050,0,0,0,0
730523249,1537,1572,1531,1658,1628,1663,0,0,1050,1050,0,0,0,0
730623357,1538,1579,1531,1659,1622,1664,0,0,1050,1050,0,0,0,0
730723227,1539,1582,1532,1657,1620,1663,0,0,1050,1050,0,0,0,0
730823230,1540,1579,1521,1654,1620,1670,0,0,1050,1050,0,0,0,0
730923159,1538,1577,1524,1656,1622,1667,0,0,1050,1050,0,0,0,0
731023271,1537,1569,1528,1654,1625,1661,0,0,1050,1050,0,0,0,0
731123446,1536,1563,1540,1654,1630,1651,0,0,1050,1050,0,0,0,0
731223347,1548,1565,1546,1647,1632,1649,0,0,1050,1050,0,0,0,0
731323255,1560,1566,1547,1640,1635,1651,0,0,1050,1050,0,0,0,0
731423294,1566,1569,1553,1643,1641,1655,0,0,1050,1050,0,0,0,0
731523238,1571,1565,1546,1643,1649,1665,0,0,1050,1050,0,0,0,0
731623461,1573,1566,1545,1643,1648,1666,0,0,1050,1050,0,0,0,0
731723291,1566,1572,1558,1649,1644,1656,0,0,1050,1050,0,0,0,0
731823264,1561,1573,1562,1653,1643,1653,0,0,1050,1050,0,0,0,0
731923303,1560,1578,1566,1658,1643,1653,0,0,1050,1050,0,0,0,0
732023314,1568,1585,1560,1654,1639,1661,0,0,1050,1050,0,0,0,0
732123294,1571,1581,1550,1650,1641,1668,0,0,1050,1050,0,0,0,0
732223271,1567,1577,1546,1651,1642,1668,0,0,1050,1050,0,0,0,0
732323259,1567,1583,1548,1650,1636,1666,0,0,1050,1050,0,0,0,0
732423325,1565,1581,1544,1649,1635,1668,0,0,1050,1050,0,0,0,0
732523233,1573,1579,1536,1641,1636,1673,0,0,1050,1050,0,0,0,0
732623400,1571,1575,1540,1639,1635,1666,0,0,1050,1050,0,0,0,0
732723236,1567,1582,1557,1645,1631,1653,0,0,1050,1050,0,0,0,0
732823320,1571,1577,1549,1644,1639,1663,0,0,1050,1050,0,0,0,0
732923252,1577,1579,1542,1641,1640,1672,0,0,1050,1050,0,0,0,0
733023294,1573,1575,1539,1644,1642,1673,0,0,1050,1050,0,0,0,0
733123412,1579,1581,1542,1641,1639,1673,0,0,1050,1050,0,0,0,0
733223276,1578,1578,1540,1643,1643,1676,0,0,1050,1050,0,0,0,0
733323245,1573,1575,1542,1647,1645,1674,0,0,1050,1050,0,0,0,0
733423252,1568,1578,1551,1654,1644,1668,0,0,1050,1050,0,0,0,0
733523176,1566,1576,1549,1654,1645,1668,0,0,1050,1050,0,0,0,0
733623322,1564,1566,1540,1650,1649,1671,0,0,1050,1050,0,0,0,0
733723321,1564,1564,1537,1648,1648,1671,0,0,1050,1050,0,0,0,0
733823332,1556,1569,1548,1653,1641,1660,0,0,1050,1050,0,0,0,0
733923222,1561,1575,1541,1644,1632,1661,0,0,1050,1050,0,0,0,0
734023264,1562,1585,1540,1643,1622,1661,0,0,1050,1050,0,0,0,0
734123323,1558,1586,1534,1646,1621,1666,0,0,1050,1050,0,0,0,0
734223236,1541,1583,1533,1657,1620,1665,0,0,1050,1050,0,0,0,0
734323226,1540,1587,1529,1658,1617,1667,0,0,1050,1050,0,0,0,0
734423205,1536,1582,1529,1658,1617,1663,0,0,1050,1050,0,0,0,0
734523193,1545,1586,1537,1652,1615,1659,0,0,1050,1050,0,0,0,0
734623311,1557,1587,1540,1646,1619,1660,0,0,1050,1050,0,0,0,0
734723268,1562,1575,1536,1639,1627,1661,0,0,1050,1050,0,0,0,0
734823254,1570,1563,1520,1629,1635,1671,0,0,1050,1050,0,0,0,0
734923245,1566,1564,1541,1636,1638,1658,0,0,1050,1050,0,0,0,0
735023283,1571,1573,1555,1640,1638,1653,0,0,1050,1050,0,0,0,0
735123400,1562,1569,1562,1647,1640,1647,0,0,1050,1050,0,0,0,0
735223300,1568,1570,1557,1638,1637,1648,0,0,1050,1050,0,0,0,0
735323209,1579,1580,1562,1632,1632,1648,0,0,1050,1050,0,0,0,0
735423182,1585,1579,1551,1630,1636,1660,0,0,1050,1050,0,0,0,0
735523279,1592,1577,1539,1623,1637,1671,0,0,1050,1050,0,0,0,0
735623375,1585,1572,1539,1630,1642,1670,0,0,1050,1050,0,0,0,0
735723326,1577,1574,1539,1633,1636,1666,0,0,1050,1050,0,0,0,0
735823275,1572,1586,1546,1636,1623,1658,0,0,1050,1050,0,0,0,0
735923307,1575,1579,1529,1632,1628,1672,0,0,1050,1050,0,0,0,0
736023281,1576,1590,1538,1631,1617,1664,0,0,1050,1050,0,0,0,0
736123439,1570,1593,1544,1638,1616,1661,0,0,1050,1050,0,0,0,0
736223291,1561,1585,1540,1644,1623,1662,0,0,1050,1050,0,0,0,0
736323284,1564,1581,1535,1641,1626,1666,0,0,1050,1050,0,0,0,0
736423316,1567,1574,1531,1639,1632,1669,0,0,1050,1050,0,0,0,0
736523264,1572,1574,1525,1630,1628,1670,0,0,1050,1050,0,0,0,0
736623368,1571,1571,1524,1626,1625,1666,0,0,1050,1050,0,0,0,0
736723246,1570,1577,1535,1627,1621,1658,0,0,1050,1050,0,0,0,0
736823302,1564,1576,1537,1634,1624,1657,0,0,1050,1050,0,0,0,0
736923283,1570,1575,1530,1638,1633,1671,0,0,1050,1050,0,0,0,0
737023265,1575,1574,1528,1637,1637,1676,0,0,1050,1050,0,0,0,0
737123183,1578,1578,1537,1636,1635,1671,0,0,1050,1050,0,0,0,0
737223253,1581,1578,1546,1636,1639,1667,0,0,1050,1050,0,0,0,0
737323290,1578,1563,1543,1643,1656,1673,0,0,1050,1050,0,0,0,0
737423230,1582,1571,1546,1641,1651,1672,0,0,1050,1050,0,0,0,0
737523297,1581,1568,1539,1641,1653,1677,0,0,1050,1050,0,0,0,0
737623435,1586,1576,1539,1636,1645,1677,0,0,1050,1050,0,0,0,0
737723290,1585,1574,1535,1639,1649,1682,0,0,1050,1050,0,0,0,0
737823257,1583,1574,1534,1643,1651,1684,0,0,1050,1050,0,0,0,0
737923200,1574,1572,1540,1651,1652,1679,0,0,1050,1050,0,0,0,0
738023217,1577,1575,1539,1646,1648,1679,0,0,1050,1050,0,0,0,0
738123319,1575,1577,1541,1647,1645,1676,0,0,1050,1050,0,0,0,0
738223289,1584,1583,1535,1639,1639,1681,0,0,1050,1050,0,0,0,0
738323288,1580,1584,1537,1641,1638,1678,0,0,1050,1050,0,0,0,0
738423291,1579,1575,1529,1640,1643,1682,0,0,1050,1050,0,0,0,0
738523270,1577,1573,1532,1639,1642,1677,0,0,1050,1050,0,0,0,0
738623292,1577,1573,1532,1637,1640,1675,0,0,1050,1050,0,0,0,0
738723280,1581,1579,1535,1635,1635,1674,0,0,1050,1050,0,0,0,0
738823291,1576,1579,1540,1638,1636,1669,0,0,1050,1050,0,0,0,0
738923249,1567,1577,1550,1645,1636,1660,0,0,1050,1050,0,0,0,0
739023209,1573,1585,1551,1639,1628,1658,0,0,1050,1050,0,0,0,0
739123317,1579,1577,1537,1635,1637,1671,0,0,1050,1050,0,0,0,0
739223243,1575,1578,1545,1639,1636,1665,0,0,1050,1050,0,0,0,0
739323265,1576,1573,1541,1638,1641,1668,0,0,1050,1050,0,0,0,0
739423258,1573,1566,1538,1640,1647,1671,0,0,1050,1050,0,0,0,0
739523295,1572,1571,1545,1642,1643,1665,0,0,1050,1050,0,0,0,0
739623423,1578,1568,1534,1635,1645,1673,0,0,1050,1050,0,0,0,0
739723283,1577,1570,1535,1635,1641,1672,0,0,1050,1050,0,0,0,0
739823232,1578,1571,1532,1634,1641,1673,0,0,1050,1050,0,0,0,0
739923183,1571,1565,1532,1640,1646,1673,0,0,1050,1050,0,0,0,0
740023291,1567,1564,1546,1644,1647,1662,0,0,1050,1050,0,0,0,0
740123342,1564,1567,1556,1647,1645,1654,0,0,1050,1050,0,0,0,0
740223320,1567,1562,1556,1644,1648,1654,0,0,1050,1050,0,0,0,0
740323258,1580,1561,1544,1631,1648,1662,0,0,1050,1050,0,0,0,0
740423279,1586,1564,1543,1627,1647,1665,0,0,1050,1050,0,0,0,0
740523254,1589,1562,1535,1624,1648,1671,0,0,1050,1050,0,0,0,0
740623237,1577,1568,1543,1633,1641,1663,0,0,1050,1050,0,0,0,0
740723245,1572,1573,1546,1640,1638,1662,0,0,1050,1050,0,0,0,0
740823300,1575,1576,1545,1636,1635,1662,0,0,1050,1050,0,0,0,0
740923293,1574,1572,1540,1635,1636,1663,0,0,1050,1050,0,0,0,0
741023284,1574,1565,1526,1635,1643,1675,0,0,1050,1050,0,0,0,0
741123334,1569,1572,1538,1637,1635,1664,0,0,1050,1050,0,0,0,0
741223278,1568,1574,1538,1640,1635,1666,0,0,1050,1050,0,0,0,0
741323253,1568,1567,1531,1642,1643,1673,0,0,1050,1050,0,0,0,0
741423227,1571,1568,1530,1640,1643,1676,0,0,1050,1050,0,0,0,0
741523202,1577,1573,1530,1637,1641,1677,0,0,1050,1050,0,0,0,0
741623250,1578,1570,1532,1639,1646,1678,0,0,1050,1050,0,0,0,0
741723276,1579,1576,1540,1641,1643,1674,0,0,1050,1050,0,0,0,0
741823286,1581,1584,1551,1642,1639,1668,0,0,1050,1050,0,0,0,0
741923252,1578,1582,1549,1645,1642,1671,0,0,1050,1050,0,0,0,0
742023318,1578,1574,1540,1641,1645,1674,0,0,1050,1050,0,0,0,0
742123472,1577,1571,1546,1643,1648,1669,0,0,1050,1050,0,0,0,0
742223288,1578,1563,1539,1642,1655,1675,0,0,1050,1050,0,0,0,0
742323253,1575,1563,1543,1645,1656,1672,0,0,1050,1050,0,0,0,0
742423254,1580,1570,1542,1640,1649,1673,0,0,1050,1050,0,0,0,0
742523240,1578,1573,1542,1641,1645,1672,0,0,1050,1050,0,0,0,0
742623305,1571,1572,1531,1643,1642,1677,0,0,1050,1050,0,0,0,0
742723305,1567,1581,1531,1645,1632,1675,0,0,1050,1050,0,0,0,0
742823285,1567,1586,1531,1644,1627,1675,0,0,1050,1050,0,0,0,0
742923258,1566,1586,1531,1644,1625,1673,0,0,1050,1050,0,0,0,0
743023287,1560,1573,1530,1648,1637,1673,0,0,1050,1050,0,0,0,0
743123392,1562,1570,1542,1647,1639,1663,0,0,1050,1050,0,0,0,0
743223282,1566,1569,1552,1644,1641,1656,0,0,1050,1050,0,0,0,0
743323263,1572,1562,1544,1639,1649,1664,0,0,1050,1050,0,0,0,0
743423237,1575,1561,1547,1639,1651,1663,0,0,1050,1050,0,0,0,0
743523238,1578,1558,1542,1638,1655,1669,0,0,1050,1050,0,0,0,0
743623319,1578,1564,1545,1641,1653,1669,0,0,1050,1050,0,0,0,0
743723299,1573,1564,1546,1646,1654,1669,0,0,1050,1050,0,0,0,0
743823245,1573,1565,1543,1646,1652,1671,0,0,1050,1050,0,0,0,0
743923228,1570,1569,1546,1648,1649,1668,0,0,1050,1050,0,0,0,0
744023225,1573,1576,1543,1646,1643,1671,0,0,1050,1050,0,0,0,0
744123391,1573,1577,1540,1645,1641,1673,0,0,1050,1050,0,0,0,0
744223312,1572,1580,1541,1645,1637,1671,0,0,1050,1050,0,0,0,0
744323260,1571,1572,1531,1645,1644,1679,0,0,1050,1050,0,0,0,0
744423269,1570,1571,1528,1644,1644,1679,0,0,1050,1050,0,0,0,0
744523250,1571,1575,1531,1641,1638,1676,0,0,1050,1050,0,0,0,0
744623417,1569,1570,1530,1643,1642,1675,0,0,1050,1050,0,0,0,0
744723274,1574,1568,1530,1640,1645,1677,0,0,1050,1050,0,0,0,0
744823239,1569,1565,1536,1644,1648,1672,0,0,1050,1050,0,0,0,0
744923259,1576,1571,1539,1638,1643,1670,0,0,1050,1050,0,0,0,0
745023271,1579,1570,1538,1635,1643,1670,0,0,1050,1050,0,0,0,0
745123352,1581,1571,1538,1635,1644,1672,0,0,1050,1050,0,0,0,0
745223234,1574,1567,1540,1641,1647,1670,0,0,1050,1050,0,0,0,0
745323294,1573,1573,1546,1644,1644,1667,0,0,1050,1050,0,0,0,0
745423267,1572,1570,1542,1645,1646,1671,0,0,1050,1050,0,0,0,0
745523232,1581,1580,1544,1641,1642,1673,0,0,1050,1050,0,0,0,0
745623350,1576,1576,1545,1643,1644,1670,0,0,1050,1050,0,0,0,0
745723528,1573,1572,1542,1645,1646,1672,0,0,1050,1050,0,0,0,0
745823952,1575,1570,1532,1644,1649,1680,0,0,1050,1050,0,0,0,0
745923436,1572,1568,1527,1645,1649,1683,0,0,1050,1050,0,0,0,0
746023950,1564,1566,1530,1650,1649,1678,0,0,1050,1050,0,0,0,0
746123563,1567,1569,1529,1644,1642,1676,0,0,1050,1050,0,0,0,0
746224041,1570,1567,1528,1640,1642,1675,0,0,1050,1050,0,0,0,0
746323520,1574,1569,1531,1634,1640,1671,0,0,1050,1050,0,0,0,0
746424046,1566,1570,1546,1644,1640,1661,0,0,1050,1050,0,0,0,0
746523524,1563,1569,1551,1649,1644,1659,0,0,1050,1050,0,0,0,0
746624089,1566,1568,1551,1644,1642,1657,0,0,1050,1050,0,0,0,0
746723555,1569,1568,1549,1642,1642,1659,0,0,1050,1050,0,0,0,0
746823962,1575,1569,1542,1640,1645,1668,0,0,1050,1050,0,0,0,0
746923481,1579,1574,1539,1639,1644,1673,0,0,1050,1050,0,0,0,0
747023486,1574,1571,1541,1646,1648,1674,0,0,1050,1050,0,0,0,0
747123539,1574,1574,1538,1646,1646,1677,0,0,1050,1050,0,0,0,0
747224042,1578,1578,1536,1645,1644,1681,0,0,1050,1050,0,0,0,0
747323465,1584,1576,1529,1637,1645,1684,0,0,1050,1050,0,0,0,0
747424030,1584,1571,1531,1637,1648,1682,0,0,1050,1050,0,0,0,0
747523455,1574,1575,1545,1645,1645,1670,0,0,1050,1050,0,0,0,0
747623971,1569,1572,1544,1647,1644,1668,0,0,1050,1050,0,0,0,0
747723546,1568,1574,1543,1644,1639,1665,0,0,1050,1050,0,0,0,0
747823526,1572,1579,1540,1638,1632,1666,0,0,1050,1050,0,0,0,0
747923454,1576,1578,1536,1638,1636,1672,0,0,1050,1050,0,0,0,0
748023960,1577,1575,1537,1640,1642,1675,0,0,1050,1050,0,0,0,0
748123673,1576,1568,1537,1642,1649,1675,0,0,1050,1050,0,0,0,0
748224055,1574,1558,1537,1641,1655,1672,0,0,1050,1050,0,0,0,0
748323523,1585,1567,1544,1632,1648,1667,0,0,1050,1050,0,0,0,0
748423950,1586,1570,1551,1632,1647,1663,0,0,1050,1050,0,0,0,0
748523512,1584,1561,1543,1634,1654,1669,0,0,1050,1050,0,0,0,0
748624124,1584,1564,1540,1635,1653,1673,0,0,1050,1050,0,0,0,0
748723558,1582,1569,1540,1637,1648,1673,0,0,1050,1050,0,0,0,0
748823929,1580,1570,1542,1639,1649,1672,0,0,1050,1050,0,0,0,0
748923539,1563,1565,1554,1653,1652,1662,0,0,1050,1050,0,0,0,0
749024013,1567,1573,1557,1649,1644,1657,0,0,1050,1050,0,0,0,0
749123555,1579,1579,1553,1637,1637,1660,0,0,1050,1050,0,0,0,0
749223342,1581,1579,1550,1637,1640,1665,0,0,1050,1050,0,0,0,0
749323309,1580,1571,1543,1637,1645,1670,0,0,1050,1050,0,0,0,0
749423238,1580,1572,1539,1636,1643,1671,0,0,1050,1050,0,0,0,0
749523259,1580,1568,1530,1635,1646,1677,0,0,1050,1050,0,0,0,0
749623347,1571,1576,1547,1644,1639,1664,0,0,1050,1050,0,0,0,0
749723239,1567,1576,1551,1649,1640,1662,0,0,1050,1050,0,0,0,0
749823281,1569,1569,1546,1645,1646,1666,0,0,1050,1050,0,0,0,0
749923270,1571,1565,1546,1643,1648,1664,0,0,1050,1050,0,0,0,0
750023307,1571,1560,1544,1645,1655,1668,0,0,1050,1050,0,0,0,0
750123296,1571,1558,1542,1643,1655,1668,0,0,1050,1050,0,0,0,0
750223299,1575,1565,1542,1641,1649,1669,0,0,1050,1050,0,0,0,0
750323231,1575,1561,1535,1637,1650,1672,0,0,1050,1050,0,0,0,0
750423224,1577,1559,1534,1634,1650,1670,0,0,1050,1050,0,0,0,0
750523283,1576,1565,1545,1633,1642,1660,0,0,1050,1050,0,0,0,0
750623386,1574,1574,1553,1637,1637,1655,0,0,1050,1050,0,0,0,0
750723267,1578,1576,1539,1632,1634,1666,0,0,1050,1050,0,0,0,0
750823292,1578,1577,1530,1629,1630,1670,0,0,1050,1050,0,0,0,0
750923271,1577,1579,1536,1631,1630,1667,0,0,1050,1050,0,0,0,0
751023249,1569,1571,1544,1639,1637,1661,0,0,1050,1050,0,0,0,0
751123218,1565,1566,1548,1639,1639,1655,0,0,1050,1050,0,0,0,0
751223313,1571,1571,1551,1635,1635,1653,0,0,1050,1050,0,0,0,0
751323246,1569,1573,1547,1638,1634,1657,0,0,1050,1050,0,0,0,0
751423215,1570,1579,1539,1642,1634,1668,0,0,1050,1050,0,0,0,0
751523222,1571,1576,1524,1641,1636,1680,0,0,1050,1050,0,0,0,0
751623395,1566,1575,1520,1641,1633,1680,0,0,1050,1050,0,0,0,0
751723278,1561,1583,1534,1645,1625,1668,0,0,1050,1050,0,0,0,0
751823310,1568,1592,1538,1645,1623,1671,0,0,1050,1050,0,0,0,0
751923288,1568,1588,1534,1649,1631,1678,0,0,1050,1050,0,0,0,0
752023264,1565,1587,1539,1656,1636,1678,0,0,1050,1050,0,0,0,0
752123286,1574,1590,1537,1648,1633,1679,0,0,1050,1050,0,0,0,0
752223271,1574,1590,1545,1648,1634,1673,0,0,1050,1050,0,0,0,0
752323210,1577,1583,1538,1643,1638,1676,0,0,1050,1050,0,0,0,0
752423168,1567,1575,1537,1647,1639,1672,0,0,1050,1050,0,0,0,0
752523195,1571,1584,1538,1642,1629,1670,0,0,1050,1050,0,0,0,0
752623306,1584,1588,1536,1629,1626,1671,0,0,1050,1050,0,0,0,0
752723333,1583,1585,1543,1631,1629,1666,0,0,1050,1050,0,0,0,0
752823321,1573,1575,1552,1643,1641,1662,0,0,1050,1050,0,0,0,0
752923193,1571,1574,1555,1647,1644,1661,0,0,1050,1050,0,0,0,0
753023258,1578,1580,1557,1642,1640,1661,0,0,1050,1050,0,0,0,0
753123271,1576,1577,1549,1642,1641,1666,0,0,1050,1050,0,0,0,0
753223247,1580,1582,1540,1637,1636,1672,0,0,1050,1050,0,0,0,0
753323187,1579,1582,1537,1638,1636,1674,0,0,1050,1050,0,0,0,0
753423191,1576,1573,1528,1640,1643,1680,0,0,1050,1050,0,0,0,0
753523275,1576,1578,1528,1636,1634,1677,0,0,1050,1050,0,0,0,0
753623476,1578,1582,1523,1630,1626,1676,0,0,1050,1050,0,0,0,0
753723376,1580,1588,1523,1624,1616,1673,0,0,1050,1050,0,0,0,0
753823277,1574,1582,1518,1625,1618,1673,0,0,1050,1050,0,0,0,0
753923253,1554,1572,1520,1638,1622,1666,0,0,1050,1050,0,0,0,0
754023213,1571,1585,1519,1629,1615,1672,0,0,1050,1050,0,0,0,0
754123367,1568,1578,1532,1640,1631,1671,0,0,1050,1050,0,0,0,0
754223227,1569,1583,1545,1643,1630,1663,0,0,1050,1050,0,0,0,0
754323258,1575,1581,1544,1635,1629,1662,0,0,1050,1050,0,0,0,0
754423272,1572,1568,1542,1636,1640,1662,0,0,1050,1050,0,0,0,0
754523303,1575,1558,1540,1633,1649,1664,0,0,1050,1050,0,0,0,0
754623360,1578,1553,1539,1633,1655,1666,0,0,1050,1050,0,0,0,0
754723280,1578,1559,1546,1635,1652,1663,0,0,1050,1050,0,0,0,0
754823298,1574,1562,1552,1639,1650,1658,0,0,1050,1050,0,0,0,0
754923255,1578,1558,1543,1636,1653,1666,0,0,1050,1050,0,0,0,0
755023230,1588,1572,1543,1628,1643,1668,0,0,1050,1050,0,0,0,0
755123291,1585,1574,1544,1633,1643,1669,0,0,1050,1050,0,0,0,0
755223215,1580,1581,1549,1640,1638,1667,0,0,1050,1050,0,0,0,0
755323260,1575,1581,1543,1642,1636,1669,0,0,1050,1050,0,0,0,0
755423309,1571,1580,1540,1642,1633,1668,0,0,1050,1050,0,0,0,0
755523276,1565,1581,1542,1646,1632,1666,0,0,1050,1050,0,0,0,0
755623294,1568,1583,1535,1641,1628,1669,0,0,1050,1050,0,0,0,0
755723272,1566,1577,1525,1642,1632,1676,0,0,1050,1050,0,0,0,0
755823283,1564,1576,1527,1643,1633,1675,0,0,1050,1050,0,0,0,0
755923234,1557,1581,1541,1649,1627,1663,0,0,1050,1050,0,0,0,0
756023209,1563,1585,1541,1641,1621,1661,0,0,1050,1050,0,0,0,0
756123553,1566,1587,1542,1640,1621,1661,0,0,1050,1050,0,0,0,0
756223579,1568,1580,1529,1637,1626,1670,0,0,1050,1050,0,0,0,0
756323524,1562,1576,1530,1644,1631,1670,0,0,1050,1050,0,0,0,0
756424032,1571,1578,1524,1638,1631,1677,0,0,1050,1050,0,0,0,0
756523512,1576,1578,1517,1633,1631,1682,0,0,1050,1050,0,0,0,0
756623564,1564,1574,1524,1643,1633,1676,0,0,1050,1050,0,0,0,0
756723513,1568,1578,1529,1640,1631,1674,0,0,1050,1050,0,0,0,0
756823541,1570,1580,1534,1637,1629,1668,0,0,1050,1050,0,0,0,0
756923559,1564,1575,1539,1645,1636,1666,0,0,1050,1050,0,0,0,0
757023975,1571,1572,1532,1639,1639,1672,0,0,1050,1050,0,0,0,0
757123604,1579,1572,1528,1629,1636,1674,0,0,1050,1050,0,0,0,0
757224047,1584,1572,1531,1625,1636,1671,0,0,1050,1050,0,0,0,0
757323541,1581,1571,1534,1629,1638,1670,0,0,1050,1050,0,0,0,0
757423962,1577,1577,1542,1635,1635,1665,0,0,1050,1050,0,0,0,0
757523251,1577,1581,1542,1635,1631,1665,0,0,1050,1050,0,0,0,0
757623625,1567,1579,1542,1645,1633,1666,0,0,1050,1050,0,0,0,0
757723536,1570,1582,1537,1648,1637,1676,0,0,1050,1050,0,0,0,0
757823510,1571,1582,1535,1650,1640,1680,0,0,1050,1050,0,0,0,0
757923556,1574,1586,1538,1647,1637,1678,0,0,1050,1050,0,0,0,0
758024018,1574,1588,1542,1646,1633,1673,0,0,1050,1050,0,0,0,0
758123736,1576,1591,1543,1644,1630,1673,0,0,1050,1050,0,0,0,0
758224089,1573,1588,1543,1647,1633,1672,0,0,1050,1050,0,0,0,0
758323436,1576,1589,1547,1646,1634,1671,0,0,1050,1050,0,0,0,0
758423947,1573,1588,1555,1646,1633,1662,0,0,1050,1050,0,0,0,0
758523510,1578,1579,1546,1641,1640,1669,0,0,1050,1050,0,0,0,0
758623923,1579,1580,1549,1640,1639,1667,0,0,1050,1050,0,0,0,0
758723507,1574,1575,1547,1645,1644,1668,0,0,1050,1050,0,0,0,0
758824009,1576,1575,1539,1641,1642,1673,0,0,1050,1050,0,0,0,0
758923521,1568,1579,1539,1647,1637,1671,0,0,1050,1050,0,0,0,0
759023990,1568,1589,1545,1646,1627,1666,0,0,1050,1050,0,0,0,0
759123485,1572,1596,1532,1643,1621,1677,0,0,1050,1050,0,0,0,0
759223442,1570,1603,1532,1647,1617,1680,0,0,1050,1050,0,0,0,0
759323504,1565,1604,1531,1651,1615,1680,0,0,1050,1050,0,0,0,0
759423930,1564,1603,1527,1649,1613,1680,0,0,1050,1050,0,0,0,0
759523476,1563,1597,1523,1648,1617,1681,0,0,1050,1050,0,0,0,0
759624104,1558,1599,1533,1653,1616,1674,0,0,1050,1050,0,0,0,0
759723517,1559,1595,1526,1651,1618,1678,0,0,1050,1050,0,0,0,0
759823981,1565,1595,1524,1644,1617,1679,0,0,1050,1050,0,0,0,0
759923484,1565,1592,1525,1641,1616,1675,0,0,1050,1050,0,0,0,0
760024074,1559,1585,1531,1642,1618,1666,0,0,1050,1050,0,0,0,0
760123528,1567,1586,1528,1633,1616,1666,0,0,1050,1050,0,0,0,0
760223552,1572,1587,1537,1629,1614,1659,0,0,1050,1050,0,0,0,0
760323545,1570,1576,1539,1633,1627,1660,0,0,1050,1050,0,0,0,0
760423944,1563,1569,1540,1636,1632,1656,0,0,1050,1050,0,0,0,0
760523471,1569,1571,1543,1638,1636,1660,0,0,1050,1050,0,0,0,0
760624121,1571,1567,1537,1636,1640,1665,0,0,1050,1050,0,0,0,0
760723523,1568,1563,1539,1636,1639,1660,0,0,1050,1050,0,0,0,0
760824074,1557,1555,1547,1644,1646,1652,0,0,1050,1050,0,0,0,0
760923525,1568,1565,1550,1639,1641,1655,0,0,1050,1050,0,0,0,0
761023945,1578,1573,1533,1626,1632,1666,0,0,1050,1050,0,0,0,0
761123472,1575,1582,1536,1625,1619,1660,0,0,1050,1050,0,0,0,0
761223955,1569,1586,1526,1634,1618,1671,0,0,1050,1050,0,0,0,0
761323480,1570,1590,1514,1638,1619,1684,0,0,1050,1050,0,0,0,0
761423944,1561,1583,1515,1646,1626,1684,0,0,1050,1050,0,0,0,0
761523428,1565,1585,1522,1645,1627,1680,0,0,1050,1050,0,0,0,0
761624097,1567,1584,1522,1640,1625,1678,0,0,1050,1050,0,0,0,0
761723591,1566,1584,1519,1641,1624,1680,0,0,1050,1050,0,0,0,0
761824094,1558,1588,1529,1649,1622,1673,0,0,1050,1050,0,0,0,0
761923481,1567,1593,1524,1638,1614,1674,0,0,1050,1050,0,0,0,0
762023931,1563,1584,1526,1641,1622,1673,0,0,1050,1050,0,0,0,0
762123611,1558,1580,1539,1651,1631,1667,0,0,1050,1050,0,0,0,0
762223957,1558,1581,1544,1652,1631,1664,0,0,1050,1050,0,0,0,0
762323425,1563,1583,1547,1646,1627,1659,0,0,1050,1050,0,0,0,0
762424006,1558,1581,1551,1645,1624,1651,0,0,1050,1050,0,0,0,0
762523536,1563,1583,1551,1642,1623,1652,0,0,1050,1050,0,0,0,0
762623676,1563,1577,1546,1640,1627,1655,0,0,1050,1050,0,0,0,0
762723534,1561,1567,1531,1637,1632,1663,0,0,1050,1050,0,0,0,0
762823988,1568,1570,1526,1630,1627,1665,0,0,1050,1050,0,0,0,0
762923521,1576,1580,1525,1624,1620,1667,0,0,1050,1050,0,0,0,0
763023503,1564,1582,1534,1634,1618,1660,0,0,1050,1050,0,0,0,0
763123459,1549,1579,1545,1646,1618,1649,0,0,1050,1050,0,0,0,0
763223977,1559,1578,1535,1638,1621,1659,0,0,1050,1050,0,0,0,0
763323472,1568,1581,1537,1633,1622,1660,0,0,1050,1050,0,0,0,0
763424020,1564,1575,1544,1637,1627,1655,0,0,1050,1050,0,0,0,0
763523463,1570,1571,1547,1632,1632,1652,0,0,1050,1050,0,0,0,0
763624159,1571,1571,1553,1633,1633,1648,0,0,1050,1050,0,0,0,0
763723498,1571,1571,1556,1636,1636,1649,0,0,1050,1050,0,0,0,0
763823444,1559,1566,1557,1643,1637,1645,0,0,1050,1050,0,0,0,0
763923453,1558,1572,1554,1642,1629,1646,0,0,1050,1050,0,0,0,0
764023912,1556,1573,1546,1646,1630,1654,0,0,1050,1050,0,0,0,0
764123541,1557,1570,1537,1647,1636,1664,0,0,1050,1050,0,0,0,0
764224085,1559,1581,1545,1650,1630,1662,0,0,1050,1050,0,0,0,0
764323585,1552,1585,1555,1656,1627,1653,0,0,1050,1050,0,0,0,0
764424004,1552,1580,1553,1655,1630,1655,0,0,1050,1050,0,0,0,0
764523523,1557,1578,1546,1653,1635,1663,0,0,1050,1050,0,0,0,0
764624005,1564,1579,1532,1645,1631,1671,0,0,1050,1050,0,0,0,0
764723451,1557,1581,1531,1645,1623,1666,0,0,1050,1050,0,0,0,0
764823590,1557,1585,1526,1642,1616,1667,0,0,1050,1050,0,0,0,0
764923504,1563,1598,1523,1636,1602,1669,0,0,1050,1050,0,0,0,0
765023966,1558,1602,1521,1639,1597,1670,0,0,1050,1050,0,0,0,0
765123701,1546,1595,1519,1649,1604,1671,0,0,1050,1050,0,0,0,0
765224057,1550,1603,1528,1647,1598,1666,0,0,1050,1050,0,0,0,0
765323529,1552,1592,1515,1646,1609,1676,0,0,1050,1050,0,0,0,0
765424049,1544,1581,1520,1652,1618,1672,0,0,1050,1050,0,0,0,0
765523493,1547,1579,1527,1650,1621,1666,0,0,1050,1050,0,0,0,0
765623556,1553,1578,1529,1645,1623,1665,0,0,1050,1050,0,0,0,0
765723553,1546,1579,1544,1652,1623,1654,0,0,1050,1050,0,0,0,0
765823986,1537,1575,1547,1657,1625,1649,0,0,1050,1050,0,0,0,0
765923524,1542,1575,1546,1657,1628,1654,0,0,1050,1050,0,0,0,0
766023977,1545,1579,1547,1654,1625,1653,0,0,1050,1050,0,0,0,0
766123739,1543,1578,1549,1654,1623,1649,0,0,1050,1050,0,0,0,0
766224109,1540,1579,1551,1658,1623,1648,0,0,1050,1050,0,0,0,0
766323557,1537,1580,1548,1664,1627,1654,0,0,1050,1050,0,0,0,0
766423290,1542,1578,1535,1659,1627,1665,0,0,1050,1050,0,0,0,0
766523233,1536,1583,1530,1663,1621,1667,0,0,1050,1050,0,0,0,0
766623309,1533,1589,1529,1664,1615,1668,0,0,1050,1050,0,0,0,0
766723304,1544,1600,1530,1655,1604,1666,0,0,1050,1050,0,0,0,0
766823297,1541,1584,1524,1656,1617,1670,0,0,1050,1050,0,0,0,0
766923337,1551,1588,1526,1647,1613,1667,0,0,1050,1050,0,0,0,0
767023280,1550,1588,1530,1646,1611,1662,0,0,1050,1050,0,0,0,0
767123438,1534,1581,1544,1660,1620,1652,0,0,1050,1050,0,0,0,0
767223330,1541,1578,1539,1657,1625,1659,0,0,1050,1050,0,0,0,0
767323259,1550,1582,1540,1654,1625,1662,0,0,1050,1050,0,0,0,0
767423267,1546,1580,1547,1659,1629,1658,0,0,1050,1050,0,0,0,0
767523248,1555,1577,1547,1649,1630,1656,0,0,1050,1050,0,0,0,0
767623280,1558,1575,1555,1646,1631,1648,0,0,1050,1050,0,0,0,0
767723230,1558,1575,1562,1645,1630,1642,0,0,1050,1050,0,0,0,0
767823226,1563,1574,1566,1642,1633,1640,0,0,1050,1050,0,0,0,0
767923249,1560,1570,1575,1646,1637,1633,0,0,1050,1050,0,0,0,0
768023269,1574,1576,1572,1642,1640,1644,0,0,1050,1050,0,0,0,0
768123441,1572,1573,1575,1648,1648,1646,0,0,1050,1050,0,0,0,0
768223340,1567,1564,1567,1651,1653,1651,0,0,1050,1050,0,0,0,0
768323230,1565,1566,1558,1650,1650,1657,0,0,1050,1050,0,0,0,0
768423283,1568,1574,1546,1647,1642,1666,0,0,1050,1050,0,0,0,0
768523226,1563,1577,1544,1649,1637,1666,0,0,1050,1050,0,0,0,0
768623219,1564,1588,1538,1648,1627,1670,0,0,1050,1050,0,0,0,0
768723232,1561,1592,1532,1650,1623,1675,0,0,1050,1050,0,0,0,0
768823284,1560,1593,1525,1650,1620,1679,0,0,1050,1050,0,0,0,0
768923303,1547,1586,1520,1656,1621,1678,0,0,1050,1050,0,0,0,0
769023292,1551,1592,1519,1650,1612,1676,0,0,1050,1050,0,0,0,0
769123257,1553,1596,1522,1647,1607,1673,0,0,1050,1050,0,0,0,0
769223283,1540,1585,1530,1658,1617,1665,0,0,1050,1050,0,0,0,0
769323213,1543,1589,1538,1655,1614,1659,0,0,1050,1050,0,0,0,0
769423200,1544,1584,1542,1654,1619,1657,0,0,1050,1050,0,0,0,0
769523277,1549,1575,1532,1650,1627,1664,0,0,1050,1050,0,0,0,0
769623417,1551,1575,1540,1651,1629,1660,0,0,1050,1050,0,0,0,0
769723285,1552,1577,1545,1650,1629,1656,0,0,1050,1050,0,0,0,0
769823296,1553,1571,1539,1650,1634,1661,0,0,1050,1050,0,0,0,0
769923281,1552,1568,1535,1650,1636,1664,0,0,1050,1050,0,0,0,0
770023280,1546,1572,1540,1652,1629,1657,0,0,1050,1050,0,0,0,0
770123286,1548,1579,1543,1652,1625,1657,0,0,1050,1050,0,0,0,0
770223275,1548,1573,1542,1655,1633,1661,0,0,1050,1050,0,0,0,0
770323259,1547,1570,1543,1656,1636,1659,0,0,1050,1050,0,0,0,0
770423227,1549,1575,1547,1652,1629,1654,0,0,1050,1050,0,0,0,0
770523197,1549,1574,1547,1651,1629,1653,0,0,1050,1050,0,0,0,0
770623355,1557,1567,1530,1645,1637,1668,0,0,1050,1050,0,0,0,0
770723332,1562,1569,1529,1646,1639,1673,0,0,1050,1050,0,0,0,0
770823321,1560,1569,1533,1649,1642,1672,0,0,1050,1050,0,0,0,0
770923263,1563,1571,1540,1648,1641,1668,0,0,1050,1050,0,0,0,0
771023255,1575,1580,1544,1640,1635,1666,0,0,1050,1050,0,0,0,0
771123413,1573,1576,1542,1642,1640,1669,0,0,1050,1050,0,0,0,0
771223300,1569,1574,1545,1646,1641,1666,0,0,1050,1050,0,0,0,0
771323328,1569,1574,1546,1649,1644,1669,0,0,1050,1050,0,0,0,0
771423195,1561,1567,1545,1654,1649,1667,0,0,1050,1050,0,0,0,0
771523276,1562,1573,1550,1655,1646,1666,0,0,1050,1050,0,0,0,0
771623400,1561,1575,1553,1657,1645,1664,0,0,1050,1050,0,0,0,0
771723328,1560,1574,1549,1655,1642,1664,0,0,1050,1050,0,0,0,0
771823276,1567,1583,1549,1649,1635,1664,0,0,1050,1050,0,0,0,0
771923243,1567,1580,1540,1648,1636,1670,0,0,1050,1050,0,0,0,0
772023266,1568,1579,1539,1645,1636,1671,0,0,1050,1050,0,0,0,0
772123280,1566,1572,1533,1645,1640,1673,0,0,1050,1050,0,0,0,0
772223286,1564,1570,1532,1646,1640,1673,0,0,1050,1050,0,0,0,0
772323171,1576,1582,1533,1638,1633,1675,0,0,1050,1050,0,0,0,0
772423300,1568,1580,1532,1642,1631,1673,0,0,1050,1050,0,0,0,0
772523287,1569,1584,1530,1641,1628,1674,0,0,1050,1050,0,0,0,0
772623375,1562,1593,1548,1648,1619,1660,0,0,1050,1050,0,0,0,0
772723298,1560,1590,1538,1647,1620,1666,0,0,1050,1050,0,0,0,0
772823273,1562,1587,1527,1641,1618,1671,0,0,1050,1050,0,0,0,0
772923226,1553,1585,1529,1646,1617,1666,0,0,1050,1050,0,0,0,0
773023292,1563,1592,1525,1636,1609,1668,0,0,1050,1050,0,0,0,0
773123223,1561,1587,1526,1639,1615,1668,0,0,1050,1050,0,0,0,0
773223303,1570,1585,1526,1633,1618,1670,0,0,1050,1050,0,0,0,0
773323288,1574,1585,1535,1633,1622,1666,0,0,1050,1050,0,0,0,0
773424008,1576,1574,1536,1636,1638,1671,0,0,1050,1050,0,0,0,0
773523534,1571,1570,1548,1643,1644,1663,0,0,1050,1050,0,0,0,0
773623567,1573,1577,1560,1644,1641,1655,0,0,1050,1050,0,0,0,0
773723525,1573,1575,1561,1645,1643,1656,0,0,1050,1050,0,0,0,0
773823945,1576,1574,1556,1642,1643,1659,0,0,1050,1050,0,0,0,0
773923535,1575,1576,1557,1645,1643,1660,0,0,1050,1050,0,0,0,0
774023925,1571,1574,1550,1646,1644,1664,0,0,1050,1050,0,0,0,0
774123713,1568,1573,1543,1647,1642,1669,0,0,1050,1050,0,0,0,0
774223519,1565,1577,1541,1648,1637,1668,0,0,1050,1050,0,0,0,0
774323539,1561,1580,1542,1648,1631,1665,0,0,1050,1050,0,0,0,0
774424004,1570,1587,1539,1642,1626,1668,0,0,1050,1050,0,0,0,0
774523477,1571,1584,1537,1639,1628,1669,0,0,1050,1050,0,0,0,0
774624109,1567,1576,1535,1642,1634,1669,0,0,1050,1050,0,0,0,0
774723589,1564,1569,1536,1646,1641,1669,0,0,1050,1050,0,0,0,0
774823957,1561,1578,1552,1648,1632,1655,0,0,1050,1050,0,0,0,0
774923502,1564,1580,1551,1643,1629,1654,0,0,1050,1050,0,0,0,0
775023940,1566,1579,1553,1637,1625,1649,0,0,1050,1050,0,0,0,0
775123704,1561,1574,1556,1636,1625,1641,0,0,1050,1050,0,0,0,0
775223581,1558,1563,1556,1635,1630,1637,0,0,1050,1050,0,0,0,0
775323563,1564,1561,1550,1631,1634,1644,0,0,1050,1050,0,0,0,0
775423944,1568,1561,1545,1629,1636,1649,0,0,1050,1050,0,0,0,0
775523509,1569,1563,1542,1630,1635,1654,0,0,1050,1050,0,0,0,0
775624146,1564,1566,1544,1636,1635,1654,0,0,1050,1050,0,0,0,0
775723534,1563,1572,1548,1638,1629,1650,0,0,1050,1050,0,0,0,0
775824020,1560,1565,1543,1640,1636,1655,0,0,1050,1050,0,0,0,0
775923469,1559,1559,1541,1641,1641,1656,0,0,1050,1050,0,0,0,0
776023990,1556,1553,1542,1641,1645,1654,0,0,1050,1050,0,0,0,0
776123643,1558,1560,1556,1644,1642,1647,0,0,1050,1050,0,0,0,0
776223594,1562,1566,1560,1645,1641,1647,0,0,1050,1050,0,0,0,0
776323249,1560,1560,1560,1647,1647,1646,0,0,1050,1050,0,0,0,0
776423232,1555,1561,1564,1650,1645,1642,0,0,1050,1050,0,0,0,0
776523340,1554,1567,1558,1649,1638,1646,0,0,1050,1050,0,0,0,0
776623423,1551,1569,1555,1652,1636,1649,0,0,1050,1050,0,0,0,0
776723199,1549,1573,1554,1654,1633,1650,0,0,1050,1050,0,0,0,0
776823282,1550,1580,1553,1652,1625,1650,0,0,1050,1050,0,0,0,0
776923270,1549,1580,1548,1655,1627,1656,0,0,1050,1050,0,0,0,0
777023322,1557,1584,1543,1651,1626,1663,0,0,1050,1050,0,0,0,0
777123290,1560,1591,1551,1653,1624,1660,0,0,1050,1050,0,0,0,0
777223302,1557,1586,1548,1656,1630,1663,0,0,1050,1050,0,0,0,0
777323247,1557,1586,1549,1655,1629,1662,0,0,1050,1050,0,0,0,0
777423318,1554,1584,1554,1660,1634,1660,0,0,1050,1050,0,0,0,0
777523223,1556,1585,1555,1658,1632,1659,0,0,1050,1050,0,0,0,0
777623472,1552,1585,1560,1660,1632,1654,0,0,1050,1050,0,0,0,0
777723258,1559,1583,1559,1656,1635,1656,0,0,1050,1050,0,0,0,0
777823286,1563,1584,1561,1651,1632,1653,0,0,1050,1050,0,0,0,0
777923360,1571,1586,1556,1643,1629,1656,0,0,1050,1050,0,0,0,0
778023319,1579,1585,1551,1636,1630,1661,0,0,1050,1050,0,0,0,0
778123411,1580,1579,1549,1634,1635,1662,0,0,1050,1050,0,0,0,0
778223295,1582,1575,1547,1632,1639,1663,0,0,1050,1050,0,0,0,0
778323290,1584,1577,1550,1632,1638,1662,0,0,1050,1050,0,0,0,0
778423204,1584,1586,1555,1631,1629,1656,0,0,1050,1050,0,0,0,0
778523221,1583,1591,1558,1630,1622,1653,0,0,1050,1050,0,0,0,0
778623397,1577,1592,1563,1635,1621,1648,0,0,1050,1050,0,0,0,0
778723286,1574,1588,1558,1635,1622,1650,0,0,1050,1050,0,0,0,0
778823258,1572,1585,1550,1634,1622,1654,0,0,1050,1050,0,0,0,0
778923265,1577,1585,1539,1627,1619,1660,0,0,1050,1050,0,0,0,0
779023231,1569,1588,1541,1631,1614,1655,0,0,1050,1050,0,0,0,0
779123381,1557,1588,1543,1640,1611,1652,0,0,1050,1050,0,0,0,0
779223298,1545,1578,1533,1650,1620,1660,0,0,1050,1050,0,0,0,0
779323214,1546,1583,1528,1648,1615,1663,0,0,1050,1050,0,0,0,0
779423213,1550,1593,1526,1645,1605,1665,0,0,1050,1050,0,0,0,0
779523226,1548,1596,1525,1646,1602,1666,0,0,1050,1050,0,0,0,0
779623285,1554,1597,1519,1639,1598,1668,0,0,1050,1050,0,0,0,0
779723214,1556,1595,1520,1636,1600,1667,0,0,1050,1050,0,0,0,0
779823328,1551,1585,1524,1639,1609,1662,0,0,1050,1050,0,0,0,0
779923291,1558,1581,1527,1634,1613,1660,0,0,1050,1050,0,0,0,0
780023355,1557,1591,1545,1637,1605,1647,0,0,1050,1050,0,0,0,0
780123639,1563,1587,1540,1631,1609,1651,0,0,1050,1050,0,0,0,0
780223950,1564,1581,1537,1630,1614,1653,0,0,1050,1050,0,0,0,0
780323517,1574,1580,1530,1619,1614,1658,0,0,1050,1050,0,0,0,0
780423948,1579,1588,1539,1617,1608,1652,0,0,1050,1050,0,0,0,0
780523519,1568,1584,1546,1627,1612,1647,0,0,1050,1050,0,0,0,0
780623614,1557,1572,1538,1635,1622,1651,0,0,1050,1050,0,0,0,0
780723560,1557,1563,1524,1634,1628,1662,0,0,1050,1050,0,0,0,0
780823503,1565,1582,1532,1629,1614,1658,0,0,1050,1050,0,0,0,0
780923428,1555,1587,1543,1635,1606,1645,0,0,1050,1050,0,0,0,0
781023984,1554,1588,1554,1639,1608,1640,0,0,1050,1050,0,0,0,0
781123607,1562,1578,1538,1633,1619,1654,0,0,1050,1050,0,0,0,0
781223996,1561,1569,1540,1631,1624,1649,0,0,1050,1050,0,0,0,0
781323420,1562,1568,1554,1628,1623,1636,0,0,1050,1050,0,0,0,0
781424018,1564,1579,1574,1632,1618,1623,0,0,1050,1050,0,0,0,0
781523506,1566,1575,1568,1629,1621,1627,0,0,1050,1050,0,0,0,0
781623580,1574,1574,1560,1623,1623,1636,0,0,1050,1050,0,0,0,0
781723504,1576,1579,1561,1621,1619,1635,0,0,1050,1050,0,0,0,0
781823475,1569,1582,1564,1628,1616,1632,0,0,1050,1050,0,0,0,0
781923508,1557,1568,1558,1639,1629,1638,0,0,1050,1050,0,0,0,0
782023977,1555,1558,1544,1640,1637,1649,0,0,1050,1050,0,0,0,0
782123570,1549,1568,1558,1646,1628,1637,0,0,1050,1050,0,0,0,0
782224027,1547,1576,1560,1652,1627,1641,0,0,1050,1050,0,0,0,0
782323463,1544,1583,1559,1657,1623,1644,0,0,1050,1050,0,0,0,0
782423970,1549,1586,1553,1653,1620,1650,0,0,1050,1050,0,0,0,0
782523559,1553,1590,1556,1651,1618,1649,0,0,1050,1050,0,0,0,0
782623493,1549,1591,1560,1654,1616,1645,0,0,1050,1050,0,0,0,0
782723535,1558,1586,1558,1647,1622,1647,0,0,1050,1050,0,0,0,0
782823946,1562,1583,1563,1643,1624,1642,0,0,1050,1050,0,0,0,0
782923505,1576,1584,1569,1631,1623,1637,0,0,1050,1050,0,0,0,0
783023502,1579,1573,1575,1629,1634,1633,0,0,1050,1050,0,0,0,0
783123240,1583,1564,1584,1628,1646,1628,0,0,1050,1050,0,0,0,0
783223298,1579,1564,1598,1632,1646,1615,0,0,1050,1050,0,0,0,0
783323310,1575,1542,1590,1634,1663,1620,0,0,1050,1050,0,0,0,0
783423223,1576,1540,1584,1631,1662,1623,0,0,1050,1050,0,0,0,0
783523257,1579,1550,1583,1629,1654,1625,0,0,1050,1050,0,0,0,0
783623279,1573,1552,1574,1632,1650,1631,0,0,1050,1050,0,0,0,0
783723333,1567,1566,1572,1638,1640,1635,0,0,1050,1050,0,0,0,0
783823265,1561,1572,1570,1643,1633,1635,0,0,1050,1050,0,0,0,0
783923217,1562,1579,1572,1639,1623,1630,0,0,1050,1050,0,0,0,0
784023215,1562,1573,1569,1637,1627,1630,0,0,1050,1050,0,0,0,0
784123429,1568,1560,1557,1629,1637,1640,0,0,1050,1050,0,0,0,0
784223307,1568,1569,1570,1631,1630,1628,0,0,1050,1050,0,0,0,0
784323386,1558,1567,1572,1641,1633,1629,0,0,1050,1050,0,0,0,0
784423265,1571,1572,1556,1635,1633,1648,0,0,1050,1050,0,0,0,0
784523235,1578,1581,1552,1631,1628,1654,0,0,1050,1050,0,0,0,0
784623278,1574,1586,1559,1633,1622,1647,0,0,1050,1050,0,0,0,0
784723471,1567,1581,1563,1642,1629,1646,0,0,1050,1050,0,0,0,0
784823942,1564,1576,1561,1649,1639,1652,0,0,1050,1050,0,0,0,0
784923521,1568,1583,1563,1649,1635,1654,0,0,1050,1050,0,0,0,0
785024024,1566,1587,1564,1654,1635,1655,0,0,1050,1050,0,0,0,0
785123756,1564,1596,1568,1654,1624,1649,0,0,1050,1050,0,0,0,0
785224093,1566,1603,1567,1651,1618,1651,0,0,1050,1050,0,0,0,0
785323530,1577,1602,1554,1643,1619,1663,0,0,1050,1050,0,0,0,0
785423941,1570,1596,1554,1649,1625,1663,0,0,1050,1050,0,0,0,0
785523450,1575,1597,1553,1643,1622,1662,0,0,1050,1050,0,0,0,0
785624065,1564,1591,1558,1650,1626,1655,0,0,1050,1050,0,0,0,0
785723516,1545,1570,1555,1658,1636,1650,0,0,1050,1050,0,0,0,0
785824021,1541,1564,1546,1655,1635,1651,0,0,1050,1050,0,0,0,0
785923508,1541,1580,1547,1653,1618,1648,0,0,1050,1050,0,0,0,0
786024017,1533,1586,1538,1655,1608,1651,0,0,1050,1050,0,0,0,0
786123560,1531,1591,1530,1660,1606,1661,0,0,1050,1050,0,0,0,0
786223547,1535,1600,1524,1663,1604,1672,0,0,1050,1050,0,0,0,0
786323515,1544,1602,1513,1656,1604,1681,0,0,1050,1050,0,0,0,0
786423927,1544,1607,1519,1653,1595,1674,0,0,1050,1050,0,0,0,0
786523525,1533,1596,1521,1661,1604,1670,0,0,1050,1050,0,0,0,0
786624154,1541,1609,1532,1655,1592,1662,0,0,1050,1050,0,0,0,0
786723530,1532,1601,1533,1663,1600,1662,0,0,1050,1050,0,0,0,0
786824018,1537,1601,1539,1658,1600,1657,0,0,1050,1050,0,0,0,0
786923447,1544,1590,1541,1651,1610,1654,0,0,1050,1050,0,0,0,0
787023505,1552,1573,1543,1647,1628,1654,0,0,1050,1050,0,0,0,0
787123528,1552,1559,1550,1649,1644,1651,0,0,1050,1050,0,0,0,0
787223569,1552,1555,1555,1647,1644,1645,0,0,1050,1050,0,0,0,0
787323586,1552,1561,1561,1646,1638,1638,0,0,1050,1050,0,0,0,0
787423954,1546,1564,1563,1650,1634,1635,0,0,1050,1050,0,0,0,0
787523528,1544,1571,1554,1653,1629,1644,0,0,1050,1050,0,0,0,0
787623404,1540,1578,1546,1657,1624,1653,0,0,1050,1050,0,0,0,0
787723461,1552,1594,1539,1650,1611,1660,0,0,1050,1050,0,0,0,0
787823481,1552,1588,1532,1650,1617,1666,0,0,1050,1050,0,0,0,0
787923504,1555,1589,1539,1651,1620,1664,0,0,1050,1050,0,0,0,0
788023974,1558,1586,1545,1653,1627,1663,0,0,1050,1050,0,0,0,0
788123616,1558,1586,1553,1655,1630,1660,0,0,1050,1050,0,0,0,0
788223990,1564,1587,1551,1653,1632,1663,0,0,1050,1050,0,0,0,0
788323553,1562,1584,1553,1658,1639,1666,0,0,1050,1050,0,0,0,0
788423555,1567,1580,1544,1654,1642,1674,0,0,1050,1050,0,0,0,0
788523441,1570,1582,1542,1648,1638,1672,0,0,1050,1050,0,0,0,0
788624024,1565,1580,1546,1649,1635,1665,0,0,1050,1050,0,0,0,0
788723486,1564,1575,1550,1649,1639,1661,0,0,1050,1050,0,0,0,0
788823563,1562,1571,1551,1646,1638,1656,0,0,1050,1050,0,0,0,0
788923474,1560,1570,1553,1644,1635,1650,0,0,1050,1050,0,0,0,0
789023514,1568,1577,1554,1635,1626,1648,0,0,1050,1050,0,0,0,0
789123568,1582,1580,1546,1621,1623,1654,0,0,1050,1050,0,0,0,0
789223989,1583,1575,1541,1624,1631,1660,0,0,1050,1050,0,0,0,0
789323429,1581,1579,1542,1628,1631,1663,0,0,1050,1050,0,0,0,0
789423975,1572,1582,1552,1641,1632,1658,0,0,1050,1050,0,0,0,0
789523500,1575,1575,1539,1639,1639,1670,0,0,1050,1050,0,0,0,0
789623566,1572,1571,1538,1645,1646,1674,0,0,1050,1050,0,0,0,0
789723546,1572,1578,1544,1645,1639,1668,0,0,1050,1050,0,0,0,0
789824023,1572,1585,1553,1644,1631,1660,0,0,1050,1050,0,0,0,0
789923511,1573,1587,1553,1642,1630,1660,0,0,1050,1050,0,0,0,0
790023935,1576,1589,1549,1640,1628,1664,0,0,1050,1050,0,0,0,0
790123499,1573,1595,1552,1641,1620,1660,0,0,1050,1050,0,0,0,0
790223449,1571,1597,1551,1641,1616,1659,0,0,1050,1050,0,0,0,0
790323513,1567,1596,1549,1644,1617,1660,0,0,1050,1050,0,0,0,0
790423998,1567,1588,1543,1643,1624,1663,0,0,1050,1050,0,0,0,0
790523561,1567,1577,1530,1640,1631,1671,0,0,1050,1050,0,0,0,0
790623568,1566,1579,1536,1639,1627,1664,0,0,1050,1050,0,0,0,0
790723531,1564,1579,1540,1640,1626,1660,0,0,1050,1050,0,0,0,0
790823930,1570,1585,1541,1635,1621,1660,0,0,1050,1050,0,0,0,0
790923276,1574,1586,1539,1631,1620,1662,0,0,1050,1050,0,0,0,0
791023172,1579,1587,1540,1627,1619,1660,0,0,1050,1050,0,0,0,0
791123236,1575,1586,1542,1626,1616,1656,0,0,1050,1050,0,0,0,0
791223345,1569,1587,1544,1633,1616,1655,0,0,1050,1050,0,0,0,0
791323271,1566,1580,1534,1637,1624,1664,0,0,1050,1050,0,0,0,0
791423274,1579,1592,1527,1627,1615,1671,0,0,1050,1050,0,0,0,0
791523298,1567,1593,1539,1636,1612,1661,0,0,1050,1050,0,0,0,0
791623282,1565,1583,1522,1635,1618,1671,0,0,1050,1050,0,0,0,0
791723327,1572,1577,1501,1624,1620,1683,0,0,1050,1050,0,0,0,0
791823242,1580,1596,1513,1614,1599,1672,0,0,1050,1050,0,0,0,0
791923235,1570,1590,1520,1621,1603,1665,0,0,1050,1050,0,0,0,0
792023254,1563,1584,1525,1627,1607,1659,0,0,1050,1050,0,0,0,0
792123435,1586,1590,1522,1612,1609,1669,0,0,1050,1050,0,0,0,0
792223331,1583,1585,1543,1628,1626,1663,0,0,1050,1050,0,0,0,0
792323324,1586,1586,1560,1631,1631,1654,0,0,1050,1050,0,0,0,0
792423548,1587,1575,1554,1633,1643,1662,0,0,1050,1050,0,0,0,0
792523458,1594,1576,1545,1629,1646,1672,0,0,1050,1050,0,0,0,0
792624134,1590,1585,1557,1633,1638,1662,0,0,1050,1050,0,0,0,0
792723508,1584,1582,1553,1636,1638,1663,0,0,1050,1050,0,0,0,0
792823961,1579,1576,1539,1636,1638,1671,0,0,1050,1050,0,0,0,0
792923510,1579,1578,1527,1638,1639,1681,0,0,1050,1050,0,0,0,0
793023408,1577,1586,1529,1639,1630,1679,0,0,1050,1050,0,0,0,0
793123659,1578,1591,1526,1638,1626,1682,0,0,1050,1050,0,0,0,0
793223313,1571,1588,1525,1641,1626,1680,0,0,1050,1050,0,0,0,0
793323309,1566,1591,1531,1645,1622,1674,0,0,1050,1050,0,0,0,0
793423238,1571,1599,1533,1640,1614,1672,0,0,1050,1050,0,0,0,0
793523237,1571,1593,1528,1638,1618,1675,0,0,1050,1050,0,0,0,0
793623282,1564,1591,1536,1645,1621,1669,0,0,1050,1050,0,0,0,0
793723269,1572,1588,1527,1639,1625,1678,0,0,1050,1050,0,0,0,0
793823214,1575,1592,1533,1636,1620,1672,0,0,1050,1050,0,0,0,0
793923184,1579,1591,1534,1633,1623,1672,0,0,1050,1050,0,0,0,0
794023281,1569,1583,1546,1644,1632,1664,0,0,1050,1050,0,0,0,0
794123412,1570,1580,1549,1640,1631,1658,0,0,1050,1050,0,0,0,0
794223373,1574,1583,1554,1635,1627,1652,0,0,1050,1050,0,0,0,0
794323276,1575,1576,1550,1636,1634,1658,0,0,1050,1050,0,0,0,0
794423237,1577,1569,1539,1635,1642,1668,0,0,1050,1050,0,0,0,0
794523244,1576,1565,1534,1635,1645,1671,0,0,1050,1050,0,0,0,0
794623398,1576,1564,1534,1634,1645,1670,0,0,1050,1050,0,0,0,0
794723257,1573,1571,1545,1637,1639,1661,0,0,1050,1050,0,0,0,0
794823219,1572,1572,1541,1637,1637,1664,0,0,1050,1050,0,0,0,0
794923267,1577,1574,1535,1635,1638,1671,0,0,1050,1050,0,0,0,0
795023194,1584,1578,1531,1631,1636,1676,0,0,1050,1050,0,0,0,0
795123470,1579,1579,1538,1637,1636,1672,0,0,1050,1050,0,0,0,0
795223313,1573,1579,1544,1643,1637,1667,0,0,1050,1050,0,0,0,0
795323284,1575,1586,1549,1644,1634,1667,0,0,1050,1050,0,0,0,0
795423251,1574,1584,1541,1643,1634,1671,0,0,1050,1050,0,0,0,0
795523236,1577,1585,1536,1637,1630,1673,0,0,1050,1050,0,0,0,0
795623416,1577,1582,1535,1635,1630,1670,0,0,1050,1050,0,0,0,0
795723284,1575,1579,1538,1634,1630,1665,0,0,1050,1050,0,0,0,0
795823299,1576,1581,1546,1633,1628,1660,0,0,1050,1050,0,0,0,0
795923240,1573,1573,1544,1638,1638,1662,0,0,1050,1050,0,0,0,0
796023252,1575,1575,1545,1638,1638,1664,0,0,1050,1050,0,0,0,0
796123299,1571,1568,1541,1644,1646,1670,0,0,1050,1050,0,0,0,0
796223298,1583,1578,1535,1633,1638,1675,0,0,1050,1050,0,0,0,0
796323232,1585,1578,1531,1629,1636,1676,0,0,1050,1050,0,0,0,0
796423219,1579,1575,1530,1635,1639,1677,0,0,1050,1050,0,0,0,0
796523210,1574,1577,1526,1635,1633,1676,0,0,1050,1050,0,0,0,0
796623387,1571,1581,1523,1634,1625,1675,0,0,1050,1050,0,0,0,0
796723317,1574,1591,1530,1633,1617,1671,0,0,1050,1050,0,0,0,0
796823353,1582,1587,1518,1628,1624,1683,0,0,1050,1050,0,0,0,0
796923298,1576,1584,1529,1636,1629,1676,0,0,1050,1050,0,0,0,0
797023263,1575,1586,1537,1636,1625,1668,0,0,1050,1050,0,0,0,0
797123360,1573,1580,1538,1641,1635,1671,0,0,1050,1050,0,0,0,0
797223264,1565,1577,1542,1648,1637,1668,0,0,1050,1050,0,0,0,0
797323198,1574,1581,1533,1637,1630,1672,0,0,1050,1050,0,0,0,0
797423164,1581,1587,1528,1631,1626,1677,0,0,1050,1050,0,0,0,0
797523237,1583,1581,1517,1629,1631,1685,0,0,1050,1050,0,0,0,0
797623383,1582,1579,1518,1628,1631,1683,0,0,1050,1050,0,0,0,0
797723297,1585,1591,1533,1626,1621,1672,0,0,1050,1050,0,0,0,0
797823287,1585,1582,1523,1627,1630,1680,0,0,1050,1050,0,0,0,0
797923269,1580,1580,1532,1634,1634,1675,0,0,1050,1050,0,0,0,0
798023289,1583,1582,1536,1630,1631,1671,0,0,1050,1050,0,0,0,0
798123264,1574,1580,1544,1639,1634,1666,0,0,1050,1050,0,0,0,0
798223298,1575,1582,1544,1642,1635,1669,0,0,1050,1050,0,0,0,0
798323191,1574,1586,1546,1645,1634,1668,0,0,1050,1050,0,0,0,0
798423196,1577,1585,1537,1640,1633,1674,0,0,1050,1050,0,0,0,0
798523236,1581,1584,1525,1632,1630,1680,0,0,1050,1050,0,0,0,0
798623373,1577,1576,1518,1633,1633,1683,0,0,1050,1050,0,0,0,0
798723331,1572,1578,1523,1635,1630,1676,0,0,1050,1050,0,0,0,0
798823285,1575,1588,1531,1633,1620,1670,0,0,1050,1050,0,0,0,0
798923267,1570,1583,1530,1638,1626,1672,0,0,1050,1050,0,0,0,0
799023252,1569,1574,1521,1639,1635,1680,0,0,1050,1050,0,0,0,0
799123389,1570,1578,1526,1637,1629,1674,0,0,1050,1050,0,0,0,0
799223265,1581,1586,1527,1629,1624,1675,0,0,1050,1050,0,0,0,0
799323202,1573,1578,1532,1637,1634,1673,0,0,1050,1050,0,0,0,0
799423268,1572,1574,1538,1637,1636,1666,0,0,1050,1050,0,0,0,0
799523240,1572,1572,1543,1636,1636,1661,0,0,1050,1050,0,0,0,0
799623374,1568,1566,1540,1638,1640,1662,0,0,1050,1050,0,0,0,0
799723258,1575,1570,1533,1636,1641,1672,0,0,1050,1050,0,0,0,0
799823297,1580,1571,1525,1634,1642,1681,0,0,1050,1050,0,0,0,0
799923290,1588,1584,1530,1628,1632,1678,0,0,1050,1050,0,0,0,0
800023248,1580,1587,1543,1637,1630,1669,0,0,1050,1050,0,0,0,0
800123399,1576,1578,1536,1639,1638,1674,0,0,1050,1050,0,0,0,0
800223202,1574,1578,1537,1641,1637,1672,0,0,1050,1050,0,0,0,0
800323264,1582,1577,1527,1635,1639,1681,0,0,1050,1050,0,0,0,0
800423280,1581,1583,1528,1634,1632,1679,0,0,1050,1050,0,0,0,0
800523309,1580,1585,1526,1635,1631,1681,0,0,1050,1050,0,0,0,0
800623350,1571,1591,1534,1644,1625,1675,0,0,1050,1050,0,0,0,0
800723293,1569,1595,1534,1646,1621,1675,0,0,1050,1050,0,0,0,0
800823222,1569,1592,1529,1644,1623,1678,0,0,1050,1050,0,0,0,0
800923197,1566,1593,1536,1646,1621,1672,0,0,1050,1050,0,0,0,0
801023248,1573,1590,1527,1638,1622,1677,0,0,1050,1050,0,0,0,0
801123169,1576,1581,1525,1635,1630,1678,0,0,1050,1050,0,0,0,0
801223319,1572,1571,1530,1638,1639,1673,0,0,1050,1050,0,0,0,0
801323281,1573,1579,1543,1636,1631,1663,0,0,1050,1050,0,0,0,0
801423353,1574,1581,1548,1636,1629,1659,0,0,1050,1050,0,0,0,0
801523270,1573,1578,1550,1639,1634,1659,0,0,1050,1050,0,0,0,0
801623477,1567,1576,1553,1643,1635,1655,0,0,1050,1050,0,0,0,0
801723289,1562,1573,1553,1646,1636,1654,0,0,1050,1050,0,0,0,0
801823284,1568,1574,1546,1641,1635,1660,0,0,1050,1050,0,0,0,0
801923227,1572,1572,1539,1636,1636,1665,0,0,1050,1050,0,0,0,0
802023202,1576,1570,1533,1634,1639,1671,0,0,1050,1050,0,0,0,0
802123381,1576,1582,1546,1634,1628,1660,0,0,1050,1050,0,0,0,0
802223304,1574,1578,1544,1636,1632,1662,0,0,1050,1050,0,0,0,0
802323320,1574,1578,1543,1638,1635,1665,0,0,1050,1050,0,0,0,0
802423237,1574,1574,1541,1638,1638,1667,0,0,1050,1050,0,0,0,0
802523234,1584,1581,1540,1629,1632,1668,0,0,1050,1050,0,0,0,0
802623255,1584,1580,1542,1630,1634,1667,0,0,1050,1050,0,0,0,0
802723212,1583,1582,1548,1633,1633,1664,0,0,1050,1050,0,0,0,0
802823236,1577,1579,1549,1637,1635,1662,0,0,1050,1050,0,0,0,0
802923264,1575,1581,1553,1638,1632,1657,0,0,1050,1050,0,0,0,0
803023230,1570,1576,1550,1639,1634,1657,0,0,1050,1050,0,0,0,0
803123338,1574,1578,1548,1636,1632,1658,0,0,1050,1050,0,0,0,0
803223287,1575,1586,1553,1635,1626,1655,0,0,1050,1050,0,0,0,0
803323242,1574,1583,1551,1638,1630,1659,0,0,1050,1050,0,0,0,0
803423247,1578,1580,1542,1633,1631,1665,0,0,1050,1050,0,0,0,0
803523228,1584,1578,1533,1629,1634,1672,0,0,1050,1050,0,0,0,0
803623325,1582,1576,1536,1630,1636,1671,0,0,1050,1050,0,0,0,0
803723227,1577,1576,1542,1634,1634,1664,0,0,1050,1050,0,0,0,0
803823172,1575,1583,1556,1636,1628,1652,0,0,1050,1050,0,0,0,0
803923286,1578,1586,1560,1634,1627,1650,0,0,1050,1050,0,0,0,0
804023214,1581,1581,1555,1632,1632,1655,0,0,1050,1050,0,0,0,0
804123460,1585,1579,1550,1630,1636,1661,0,0,1050,1050,0,0,0,0
804223261,1579,1585,1563,1637,1631,1651,0,0,1050,1050,0,0,0,0
804323309,1575,1581,1559,1641,1635,1655,0,0,1050,1050,0,0,0,0
804423269,1575,1577,1550,1641,1638,1662,0,0,1050,1050,0,0,0,0
804523214,1579,1579,1542,1638,1637,1669,0,0,1050,1050,0,0,0,0
804623268,1579,1578,1537,1636,1637,1673,0,0,1050,1050,0,0,0,0
804723260,1572,1573,1537,1641,1639,1670,0,0,1050,1050,0,0,0,0
804823257,1565,1570,1537,1641,1637,1665,0,0,1050,1050,0,0,0,0
804923268,1563,1570,1535,1640,1633,1664,0,0,1050,1050,0,0,0,0
805023327,1562,1579,1540,1637,1621,1656,0,0,1050,1050,0,0,0,0
805123338,1565,1585,1543,1634,1616,1653,0,0,1050,1050,0,0,0,0
805223299,1569,1578,1529,1631,1624,1666,0,0,1050,1050,0,0,0,0
805323242,1571,1580,1531,1633,1625,1668,0,0,1050,1050,0,0,0,0
805423259,1567,1578,1535,1638,1628,1665,0,0,1050,1050,0,0,0,0
805523260,1568,1584,1544,1638,1623,1658,0,0,1050,1050,0,0,0,0
805623352,1571,1584,1543,1636,1625,1661,0,0,1050,1050,0,0,0,0
805723306,1567,1582,1545,1639,1626,1658,0,0,1050,1050,0,0,0,0
805823298,1564,1579,1546,1642,1629,1658,0,0,1050,1050,0,0,0,0
805923291,1565,1578,1547,1641,1628,1656,0,0,1050,1050,0,0,0,0
806023254,1570,1580,1544,1636,1627,1659,0,0,1050,1050,0,0,0,0
806123367,1574,1575,1536,1632,1630,1665,0,0,1050,1050,0,0,0,0
806223449,1572,1579,1541,1633,1627,1660,0,0,1050,1050,0,0,0,0
806323247,1566,1581,1548,1639,1626,1655,0,0,1050,1050,0,0,0,0
806423198,1568,1578,1541,1639,1631,1663,0,0,1050,1050,0,0,0,0
806523202,1570,1579,1542,1639,1631,1664,0,0,1050,1050,0,0,0,0
806623301,1577,1580,1536,1634,1630,1668,0,0,1050,1050,0,0,0,0
806723281,1577,1584,1540,1633,1626,1665,0,0,1050,1050,0,0,0,0
806823264,1580,1587,1541,1628,1622,1662,0,0,1050,1050,0,0,0,0
806923243,1574,1588,1549,1635,1622,1657,0,0,1050,1050,0,0,0,0
807023259,1569,1585,1548,1639,1624,1657,0,0,1050,1050,0,0,0,0
807123409,1567,1580,1545,1641,1629,1660,0,0,1050,1050,0,0,0,0
807223201,1573,1575,1535,1635,1633,1667,0,0,1050,1050,0,0,0,0
807323247,1573,1588,1549,1633,1619,1655,0,0,1050,1050,0,0,0,0
807423156,1575,1596,1552,1633,1613,1653,0,0,1050,1050,0,0,0,0
807523250,1577,1580,1536,1634,1632,1670,0,0,1050,1050,0,0,0,0
807623351,1578,1575,1537,1636,1639,1671,0,0,1050,1050,0,0,0,0
807723282,1582,1572,1534,1632,1641,1673,0,0,1050,1050,0,0,0,0
807823242,1587,1586,1547,1626,1626,1661,0,0,1050,1050,0,0,0,0
807923274,1583,1587,1558,1629,1625,1651,0,0,1050,1050,0,0,0,0
808023201,1583,1586,1560,1629,1627,1650,0,0,1050,1050,0,0,0,0
808123319,1585,1578,1551,1628,1634,1658,0,0,1050,1050,0,0,0,0
808223307,1589,1575,1544,1624,1637,1664,0,0,1050,1050,0,0,0,0
808323287,1591,1579,1546,1621,1633,1662,0,0,1050,1050,0,0,0,0
808423271,1586,1578,1546,1624,1633,1661,0,0,1050,1050,0,0,0,0
808523280,1588,1582,1540,1621,1627,1663,0,0,1050,1050,0,0,0,0
808623409,1576,1583,1546,1630,1624,1657,0,0,1050,1050,0,0,0,0
808723272,1564,1588,1557,1643,1621,1648,0,0,1050,1050,0,0,0,0
808823242,1563,1590,1551,1644,1619,1654,0,0,1050,1050,0,0,0,0
808923250,1570,1595,1539,1638,1615,1664,0,0,1050,1050,0,0,0,0
809023278,1578,1595,1525,1629,1613,1674,0,0,1050,1050,0,0,0,0
809123240,1582,1593,1520,1624,1614,1677,0,0,1050,1050,0,0,0,0
809223181,1576,1592,1534,1630,1615,1666,0,0,1050,1050,0,0,0,0
809323267,1577,1593,1547,1631,1616,1658,0,0,1050,1050,0,0,0,0
809423288,1585,1585,1535,1625,1626,1669,0,0,1050,1050,0,0,0,0
809523303,1592,1591,1544,1619,1620,1662,0,0,1050,1050,0,0,0,0
809623368,1586,1587,1556,1627,1626,1654,0,0,1050,1050,0,0,0,0
809723278,1582,1572,1555,1635,1644,1659,0,0,1050,1050,0,0,0,0
809823270,1587,1557,1542,1629,1656,1668,0,0,1050,1050,0,0,0,0
809923294,1584,1559,1549,1630,1652,1661,0,0,1050,1050,0,0,0,0
810023215,1577,1568,1560,1636,1644,1651,0,0,1050,1050,0,0,0,0
810123293,1574,1579,1558,1637,1633,1651,0,0,1050,1050,0,0,0,0
810223284,1577,1583,1548,1636,1630,1661,0,0,1050,1050,0,0,0,0
810323263,1577,1581,1537,1634,1630,1669,0,0,1050,1050,0,0,0,0
810423298,1571,1591,1550,1638,1619,1656,0,0,1050,1050,0,0,0,0
810523276,1569,1595,1547,1638,1613,1657,0,0,1050,1050,0,0,0,0
810623272,1572,1592,1535,1634,1615,1666,0,0,1050,1050,0,0,0,0
810723237,1574,1587,1529,1632,1620,1670,0,0,1050,1050,0,0,0,0
810823246,1569,1575,1526,1634,1629,1671,0,0,1050,1050,0,0,0,0
810923234,1570,1583,1539,1634,1623,1661,0,0,1050,1050,0,0,0,0
811023236,1569,1592,1550,1636,1615,1653,0,0,1050,1050,0,0,0,0
811123444,1565,1593,1545,1638,1613,1656,0,0,1050,1050,0,0,0,0
811223338,1569,1593,1536,1638,1616,1666,0,0,1050,1050,0,0,0,0
811323302,1570,1593,1533,1641,1619,1672,0,0,1050,1050,0,0,0,0
811423274,1576,1599,1537,1640,1618,1674,0,0,1050,1050,0,0,0,0
811523257,1572,1606,1549,1644,1612,1663,0,0,1050,1050,0,0,0,0
811623301,1579,1607,1551,1639,1612,1664,0,0,1050,1050,0,0,0,0
811723225,1576,1599,1549,1640,1618,1663,0,0,1050,1050,0,0,0,0
811823246,1574,1584,1543,1642,1633,1669,0,0,1050,1050,0,0,0,0
811923223,1578,1583,1549,1641,1636,1666,0,0,1050,1050,0,0,0,0
812023277,1583,1582,1549,1639,1640,1669,0,0,1050,1050,0,0,0,0
812123291,1585,1580,1551,1637,1642,1667,0,0,1050,1050,0,0,0,0
812223290,1586,1580,1559,1635,1641,1660,0,0,1050,1050,0,0,0,0
812323255,1584,1583,1569,1635,1636,1648,0,0,1050,1050,0,0,0,0
812423279,1579,1582,1577,1637,1634,1639,0,0,1050,1050,0,0,0,0
812523273,1577,1574,1570,1636,1638,1642,0,0,1050,1050,0,0,0,0
812623258,1585,1573,1560,1627,1639,1650,0,0,1050,1050,0,0,0,0
812723238,1580,1571,1560,1630,1638,1648,0,0,1050,1050,0,0,0,0
812823219,1576,1576,1562,1632,1633,1645,0,0,1050,1050,0,0,0,0
812923265,1584,1575,1548,1625,1634,1657,0,0,1050,1050,0,0,0,0
813023265,1585,1575,1547,1623,1632,1657,0,0,1050,1050,0,0,0,0
813123460,1579,1574,1551,1627,1632,1652,0,0,1050,1050,0,0,0,0
813223323,1570,1574,1554,1632,1629,1646,0,0,1050,1050,0,0,0,0
813323250,1567,1571,1547,1636,1632,1654,0,0,1050,1050,0,0,0,0
813423299,1573,1574,1540,1634,1633,1662,0,0,1050,1050,0,0,0,0
813523183,1572,1581,1542,1636,1628,1662,0,0,1050,1050,0,0,0,0
813623314,1561,1586,1555,1646,1624,1651,0,0,1050,1050,0,0,0,0
813723239,1565,1585,1546,1643,1625,1660,0,0,1050,1050,0,0,0,0
813823287,1568,1584,1540,1640,1626,1665,0,0,1050,1050,0,0,0,0
813923292,1576,1592,1539,1635,1619,1666,0,0,1050,1050,0,0,0,0
814023308,1579,1593,1537,1633,1619,1669,0,0,1050,1050,0,0,0,0
814123342,1578,1592,1538,1634,1621,1669,0,0,1050,1050,0,0,0,0
814223288,1578,1592,1540,1635,1621,1667,0,0,1050,1050,0,0,0,0
814323240,1575,1597,1548,1637,1616,1660,0,0,1050,1050,0,0,0,0
814423166,1569,1595,1549,1641,1617,1659,0,0,1050,1050,0,0,0,0
814523232,1570,1595,1544,1639,1616,1662,0,0,1050,1050,0,0,0,0
814623294,1573,1597,1539,1636,1614,1666,0,0,1050,1050,0,0,0,0
814723255,1573,1600,1542,1636,1610,1662,0,0,1050,1050,0,0,0,0
814823246,1565,1594,1542,1642,1616,1662,0,0,1050,1050,0,0,0,0
814923263,1563,1597,1551,1646,1615,1657,0,0,1050,1050,0,0,0,0
815023269,1562,1592,1545,1644,1617,1659,0,0,1050,1050,0,0,0,0
815123444,1571,1593,1537,1636,1616,1665,0,0,1050,1050,0,0,0,0
815223255,1574,1591,1533,1634,1618,1669,0,0,1050,1050,0,0,0,0
815323221,1571,1582,1525,1635,1625,1674,0,0,1050,1050,0,0,0,0
815423161,1572,1592,1532,1636,1617,1670,0,0,1050,1050,0,0,0,0
815523225,1574,1600,1537,1636,1612,1668,0,0,1050,1050,0,0,0,0
815623283,1571,1604,1542,1639,1608,1664,0,0,1050,1050,0,0,0,0
815723333,1574,1594,1529,1638,1619,1676,0,0,1050,1050,0,0,0,0
815823279,1576,1590,1526,1636,1622,1678,0,0,1050,1050,0,0,0,0
815923230,1579,1590,1528,1632,1622,1676,0,0,1050,1050,0,0,0,0
816023276,1585,1600,1538,1627,1612,1668,0,0,1050,1050,0,0,0,0
816123357,1580,1596,1545,1630,1615,1661,0,0,1050,1050,0,0,0,0
816223293,1576,1585,1547,1634,1625,1659,0,0,1050,1050,0,0,0,0
816323202,1577,1582,1550,1634,1629,1658,0,0,1050,1050,0,0,0,0
816423229,1581,1579,1549,1629,1631,1658,0,0,1050,1050,0,0,0,0
816523246,1588,1578,1546,1621,1630,1659,0,0,1050,1050,0,0,0,0
816623335,1587,1581,1555,1620,1625,1648,0,0,1050,1050,0,0,0,0
816723332,1587,1572,1544,1618,1631,1656,0,0,1050,1050,0,0,0,0
816823248,1592,1583,1548,1610,1618,1650,0,0,1050,1050,0,0,0,0
816923220,1587,1588,1554,1613,1612,1643,0,0,1050,1050,0,0,0,0
817023244,1585,1576,1538,1614,1621,1655,0,0,1050,1050,0,0,0,0
817123206,1585,1583,1539,1615,1617,1655,0,0,1050,1050,0,0,0,0
817223228,1573,1584,1548,1629,1619,1651,0,0,1050,1050,0,0,0,0
817323169,1574,1582,1542,1630,1623,1659,0,0,1050,1050,0,0,0,0
817423248,1584,1589,1536,1624,1619,1666,0,0,1050,1050,0,0,0,0
817523322,1582,1598,1546,1628,1613,1660,0,0,1050,1050,0,0,0,0
817623409,1574,1595,1546,1634,1615,1659,0,0,1050,1050,0,0,0,0
817723246,1577,1595,1543,1633,1616,1663,0,0,1050,1050,0,0,0,0
817823321,1581,1593,1537,1629,1618,1667,0,0,1050,1050,0,0,0,0
817923244,1569,1591,1549,1642,1621,1659,0,0,1050,1050,0,0,0,0
818023183,1573,1597,1551,1636,1614,1656,0,0,1050,1050,0,0,0,0
818123407,1579,1595,1538,1629,1614,1665,0,0,1050,1050,0,0,0,0
818223179,1585,1596,1529,1626,1614,1674,0,0,1050,1050,0,0,0,0
818323298,1583,1596,1531,1628,1616,1673,0,0,1050,1050,0,0,0,0
818423352,1571,1600,1549,1638,1612,1658,0,0,1050,1050,0,0,0,0
818523270,1568,1596,1552,1642,1616,1655,0,0,1050,1050,0,0,0,0
818623301,1574,1596,1547,1636,1616,1660,0,0,1050,1050,0,0,0,0
818723278,1580,1592,1539,1631,1619,1666,0,0,1050,1050,0,0,0,0
818823282,1582,1589,1535,1630,1623,1671,0,0,1050,1050,0,0,0,0
818923249,1571,1593,1550,1640,1620,1658,0,0,1050,1050,0,0,0,0
819023235,1571,1586,1545,1639,1625,1661,0,0,1050,1050,0,0,0,0
819123240,1569,1581,1539,1640,1629,1665,0,0,1050,1050,0,0,0,0
819223304,1577,1589,1535,1631,1620,1668,0,0,1050,1050,0,0,0,0
819323315,1576,1590,1531,1630,1617,1668,0,0,1050,1050,0,0,0,0
819423282,1574,1592,1533,1630,1613,1665,0,0,1050,1050,0,0,0,0
819523231,1569,1591,1540,1634,1613,1658,0,0,1050,1050,0,0,0,0
819623375,1565,1590,1548,1635,1611,1650,0,0,1050,1050,0,0,0,0
819723294,1571,1583,1537,1626,1616,1657,0,0,1050,1050,0,0,0,0
819823260,1576,1577,1531,1621,1620,1661,0,0,1050,1050,0,0,0,0
819923240,1572,1583,1546,1625,1615,1648,0,0,1050,1050,0,0,0,0
820023150,1579,1576,1533,1620,1622,1660,0,0,1050,1050,0,0,0,0
820123385,1578,1578,1538,1617,1617,1653,0,0,1050,1050,0,0,0,0
820223310,1572,1578,1548,1623,1617,1644,0,0,1050,1050,0,0,0,0
820323284,1577,1579,1542,1620,1618,1651,0,0,1050,1050,0,0,0,0
820423233,1583,1578,1528,1616,1621,1664,0,0,1050,1050,0,0,0,0
820523276,1578,1588,1538,1621,1611,1656,0,0,1050,1050,0,0,0,0
820623341,1564,1584,1540,1634,1616,1656,0,0,1050,1050,0,0,0,0
820723201,1571,1587,1529,1630,1615,1666,0,0,1050,1050,0,0,0,0
820823213,1580,1593,1527,1624,1611,1670,0,0,1050,1050,0,0,0,0
820923218,1576,1595,1538,1628,1609,1661,0,0,1050,1050,0,0,0,0
821023266,1577,1584,1527,1628,1622,1671,0,0,1050,1050,0,0,0,0
821123309,1578,1584,1536,1629,1623,1666,0,0,1050,1050,0,0,0,0
821223311,1579,1586,1546,1625,1619,1654,0,0,1050,1050,0,0,0,0
821323459,1575,1586,1557,1627,1616,1642,0,0,1050,1050,0,0,0,0
821423903,1578,1575,1544,1622,1624,1652,0,0,1050,1050,0,0,0,0
821523461,1585,1576,1538,1616,1625,1658,0,0,1050,1050,0,0,0,0
821624110,1577,1577,1547,1625,1624,1651,0,0,1050,1050,0,0,0,0
821723529,1568,1578,1553,1631,1621,1644,0,0,1050,1050,0,0,0,0
821823490,1581,1577,1538,1617,1621,1655,0,0,1050,1050,0,0,0,0
821923465,1583,1584,1541,1613,1612,1651,0,0,1050,1050,0,0,0,0
822023527,1576,1579,1538,1619,1616,1653,0,0,1050,1050,0,0,0,0
822123532,1582,1583,1527,1613,1611,1661,0,0,1050,1050,0,0,0,0
822223459,1569,1586,1540,1624,1608,1650,0,0,1050,1050,0,0,0,0
822323499,1572,1583,1533,1621,1610,1655,0,0,1050,1050,0,0,0,0
822423549,1580,1590,1536,1613,1604,1653,0,0,1050,1050,0,0,0,0
822523513,1568,1589,1549,1627,1607,1644,0,0,1050,1050,0,0,0,0
822623596,1565,1576,1536,1633,1623,1658,0,0,1050,1050,0,0,0,0
822723546,1572,1579,1528,1628,1621,1665,0,0,1050,1050,0,0,0,0
822824005,1574,1591,1541,1626,1610,1656,0,0,1050,1050,0,0,0,0
822923272,1570,1590,1547,1633,1613,1652,0,0,1050,1050,0,0,0,0
823023295,1577,1586,1531,1626,1619,1666,0,0,1050,1050,0,0,0,0
823123419,1569,1585,1537,1635,1620,1663,0,0,1050,1050,0,0,0,0
823223312,1565,1591,1542,1639,1615,1658,0,0,1050,1050,0,0,0,0
823323304,1562,1593,1542,1639,1610,1656,0,0,1050,1050,0,0,0,0
823423179,1567,1594,1532,1636,1611,1666,0,0,1050,1050,0,0,0,0
823523227,1574,1597,1523,1631,1609,1673,0,0,1050,1050,0,0,0,0
823623344,1569,1588,1521,1634,1616,1674,0,0,1050,1050,0,0,0,0
823723280,1567,1585,1520,1633,1617,1673,0,0,1050,1050,0,0,0,0
823823343,1573,1598,1531,1630,1607,1666,0,0,1050,1050,0,0,0,0
823923327,1574,1596,1540,1631,1610,1660,0,0,1050,1050,0,0,0,0
824023241,1573,1591,1546,1635,1619,1659,0,0,1050,1050,0,0,0,0
824123435,1576,1587,1545,1634,1625,1661,0,0,1050,1050,0,0,0,0
824223288,1579,1581,1547,1632,1630,1660,0,0,1050,1050,0,0,0,0
824323215,1570,1572,1552,1641,1640,1657,0,0,1050,1050,0,0,0,0
824423223,1568,1568,1553,1645,1645,1658,0,0,1050,1050,0,0,0,0
824523239,1569,1569,1556,1647,1647,1659,0,0,1050,1050,0,0,0,0
824623289,1570,1567,1552,1649,1652,1664,0,0,1050,1050,0,0,0,0
824723345,1571,1568,1551,1649,1652,1666,0,0,1050,1050,0,0,0,0
824823268,1570,1571,1551,1649,1648,1666,0,0,1050,1050,0,0,0,0
824923251,1572,1577,1547,1646,1642,1667,0,0,1050,1050,0,0,0,0
825023234,1572,1579,1544,1643,1637,1667,0,0,1050,1050,0,0,0,0
825123313,1574,1583,1540,1639,1631,1669,0,0,1050,1050,0,0,0,0
825223246,1565,1588,1553,1647,1626,1658,0,0,1050,1050,0,0,0,0
825323165,1570,1589,1547,1647,1629,1666,0,0,1050,1050,0,0,0,0
825423216,1568,1586,1545,1649,1633,1669,0,0,1050,1050,0,0,0,0
825523274,1570,1586,1545,1647,1633,1668,0,0,1050,1050,0,0,0,0
825623457,1576,1589,1545,1639,1627,1666,0,0,1050,1050,0,0,0,0
825723330,1577,1586,1543,1637,1629,1667,0,0,1050,1050,0,0,0,0
825823274,1574,1580,1544,1641,1635,1667,0,0,1050,1050,0,0,0,0
825923190,1575,1573,1539,1640,1641,1670,0,0,1050,1050,0,0,0,0
826023254,1575,1573,1545,1641,1642,1667,0,0,1050,1050,0,0,0,0
826123364,1575,1572,1547,1640,1643,1664,0,0,1050,1050,0,0,0,0
826223278,1567,1572,1558,1648,1643,1655,0,0,1050,1050,0,0,0,0
826323251,1559,1562,1554,1650,1648,1655,0,0,1050,1050,0,0,0,0
826423270,1562,1566,1552,1641,1638,1651,0,0,1050,1050,0,0,0,0
826523342,1560,1565,1550,1642,1637,1650,0,0,1050,1050,0,0,0,0
826623455,1566,1568,1543,1638,1636,1658,0,0,1050,1050,0,0,0,0
826723299,1576,1577,1540,1634,1633,1665,0,0,1050,1050,0,0,0,0
826823252,1578,1580,1541,1636,1634,1668,0,0,1050,1050,0,0,0,0
826923259,1586,1586,1539,1632,1632,1673,0,0,1050,1050,0,0,0,0
827023196,1582,1584,1540,1635,1634,1672,0,0,1050,1050,0,0,0,0
827123372,1572,1578,1540,1639,1634,1667,0,0,1050,1050,0,0,0,0
827223282,1571,1585,1548,1642,1630,1662,0,0,1050,1050,0,0,0,0
827323276,1577,1579,1532,1636,1634,1674,0,0,1050,1050,0,0,0,0
827423330,1578,1592,1548,1639,1626,1666,0,0,1050,1050,0,0,0,0
827523290,1579,1592,1554,1645,1633,1666,0,0,1050,1050,0,0,0,0
827623262,1583,1589,1553,1645,1639,1671,0,0,1050,1050,0,0,0,0
827723289,1578,1584,1552,1648,1642,1671,0,0,1050,1050,0,0,0,0
827823262,1573,1580,1554,1651,1645,1668,0,0,1050,1050,0,0,0,0
827923206,1573,1578,1556,1650,1646,1665,0,0,1050,1050,0,0,0,0
828023226,1573,1578,1559,1651,1646,1663,0,0,1050,1050,0,0,0,0
828123473,1575,1577,1555,1650,1647,1667,0,0,1050,1050,0,0,0,0
828223307,1572,1577,1552,1648,1643,1665,0,0,1050,1050,0,0,0,0
828323326,1568,1580,1556,1650,1640,1661,0,0,1050,1050,0,0,0,0
828423302,1568,1584,1559,1652,1638,1661,0,0,1050,1050,0,0,0,0
828523257,1568,1584,1556,1654,1639,1664,0,0,1050,1050,0,0,0,0
828623415,1563,1579,1554,1655,1640,1662,0,0,1050,1050,0,0,0,0
828723271,1562,1574,1550,1653,1642,1664,0,0,1050,1050,0,0,0,0
828823288,1560,1576,1551,1651,1637,1659,0,0,1050,1050,0,0,0,0
828923205,1558,1578,1549,1652,1634,1660,0,0,1050,1050,0,0,0,0
829023242,1554,1576,1543,1651,1631,1660,0,0,1050,1050,0,0,0,0
829123269,1551,1576,1538,1648,1626,1659,0,0,1050,1050,0,0,0,0
829223299,1550,1577,1537,1644,1620,1655,0,0,1050,1050,0,0,0,0
829323336,1559,1574,1526,1636,1622,1664,0,0,1050,1050,0,0,0,0
829423290,1563,1574,1527,1631,1621,1662,0,0,1050,1050,0,0,0,0
829523253,1559,1574,1539,1634,1621,1652,0,0,1050,1050,0,0,0,0
829623302,1565,1587,1546,1632,1611,1648,0,0,1050,1050,0,0,0,0
829723209,1572,1593,1552,1635,1615,1652,0,0,1050,1050,0,0,0,0
829823221,1569,1567,1537,1633,1635,1661,0,0,1050,1050,0,0,0,0
829923152,1563,1557,1544,1638,1643,1655,0,0,1050,1050,0,0,0,0
830023278,1564,1550,1545,1639,1651,1656,0,0,1050,1050,0,0,0,0
830123324,1562,1549,1553,1642,1653,1649,0,0,1050,1050,0,0,0,0
830223365,1561,1558,1559,1642,1645,1643,0,0,1050,1050,0,0,0,0
830323299,1556,1561,1563,1647,1643,1641,0,0,1050,1050,0,0,0,0
830423266,1561,1559,1553,1643,1645,1650,0,0,1050,1050,0,0,0,0
830523217,1567,1560,1550,1639,1645,1654,0,0,1050,1050,0,0,0,0
830623337,1574,1566,1550,1634,1641,1655,0,0,1050,1050,0,0,0,0
830723176,1579,1565,1539,1626,1638,1661,0,0,1050,1050,0,0,0,0
830823240,1576,1566,1534,1624,1634,1661,0,0,1050,1050,0,0,0,0
830923254,1570,1575,1545,1629,1624,1650,0,0,1050,1050,0,0,0,0
831023294,1565,1583,1552,1638,1621,1649,0,0,1050,1050,0,0,0,0
831123398,1563,1582,1544,1638,1621,1655,0,0,1050,1050,0,0,0,0
831223325,1564,1578,1532,1636,1624,1664,0,0,1050,1050,0,0,0,0
831323307,1559,1565,1526,1639,1633,1666,0,0,1050,1050,0,0,0,0
831423311,1552,1561,1537,1644,1636,1657,0,0,1050,1050,0,0,0,0
831523195,1542,1564,1553,1652,1632,1642,0,0,1050,1050,0,0,0,0
831623444,1546,1570,1557,1646,1625,1637,0,0,1050,1050,0,0,0,0
831723313,1557,1573,1545,1637,1622,1647,0,0,1050,1050,0,0,0,0
831823276,1555,1577,1539,1641,1621,1654,0,0,1050,1050,0,0,0,0
831923315,1555,1583,1532,1644,1618,1664,0,0,1050,1050,0,0,0,0
832023268,1545,1580,1527,1653,1623,1668,0,0,1050,1050,0,0,0,0
832123220,1546,1574,1521,1654,1630,1675,0,0,1050,1050,0,0,0,0
832223298,1565,1586,1524,1640,1621,1674,0,0,1050,1050,0,0,0,0
832323259,1571,1585,1526,1637,1624,1676,0,0,1050,1050,0,0,0,0
832423220,1577,1590,1529,1635,1622,1675,0,0,1050,1050,0,0,0,0
832523262,1569,1593,1542,1642,1621,1666,0,0,1050,1050,0,0,0,0
832623253,1574,1595,1544,1643,1623,1669,0,0,1050,1050,0,0,0,0
832723278,1581,1598,1548,1642,1626,1670,0,0,1050,1050,0,0,0,0
832823315,1572,1587,1552,1650,1636,1667,0,0,1050,1050,0,0,0,0
832923297,1565,1578,1553,1654,1641,1664,0,0,1050,1050,0,0,0,0
833023249,1570,1582,1557,1648,1638,1660,0,0,1050,1050,0,0,0,0
833123206,1574,1578,1556,1642,1638,1658,0,0,1050,1050,0,0,0,0
833223234,1575,1577,1551,1634,1632,1655,0,0,1050,1050,0,0,0,0
833323242,1571,1579,1548,1635,1628,1655,0,0,1050,1050,0,0,0,0
833423227,1571,1587,1539,1634,1620,1662,0,0,1050,1050,0,0,0,0
833523240,1569,1588,1532,1638,1620,1669,0,0,1050,1050,0,0,0,0
833623386,1566,1595,1538,1641,1614,1665,0,0,1050,1050,0,0,0,0
833723290,1562,1587,1528,1643,1620,1672,0,0,1050,1050,0,0,0,0
833823321,1565,1588,1523,1638,1617,1673,0,0,1050,1050,0,0,0,0
833923219,1562,1579,1524,1641,1626,1673,0,0,1050,1050,0,0,0,0
834023266,1567,1580,1527,1636,1624,1670,0,0,1050,1050,0,0,0,0
834123364,1572,1585,1534,1634,1622,1667,0,0,1050,1050,0,0,0,0
834223292,1576,1586,1537,1630,1620,1663,0,0,1050,1050,0,0,0,0
834323204,1573,1585,1545,1636,1624,1660,0,0,1050,1050,0,0,0,0
834423235,1571,1584,1552,1642,1629,1658,0,0,1050,1050,0,0,0,0
834523257,1568,1583,1552,1645,1631,1659,0,0,1050,1050,0,0,0,0
834623334,1570,1570,1531,1642,1642,1675,0,0,1050,1050,0,0,0,0
834723319,1562,1571,1532,1646,1638,1671,0,0,1050,1050,0,0,0,0
834823219,1567,1581,1538,1642,1629,1667,0,0,1050,1050,0,0,0,0
834923310,1569,1583,1542,1641,1628,1664,0,0,1050,1050,0,0,0,0
835023275,1574,1583,1543,1640,1631,1666,0,0,1050,1050,0,0,0,0
835123325,1567,1572,1543,1644,1639,1664,0,0,1050,1050,0,0,0,0
835223232,1563,1570,1550,1646,1639,1657,0,0,1050,1050,0,0,0,0
835323275,1558,1567,1553,1649,1642,1653,0,0,1050,1050,0,0,0,0
835423247,1553,1568,1559,1652,1639,1648,0,0,1050,1050,0,0,0,0
835523314,1552,1570,1557,1653,1637,1648,0,0,1050,1050,0,0,0,0
835623499,1560,1584,1552,1647,1625,1654,0,0,1050,1050,0,0,0,0
835723333,1564,1577,1531,1644,1633,1672,0,0,1050,1050,0,0,0,0
835823298,1557,1583,1534,1649,1626,1669,0,0,1050,1050,0,0,0,0
835923247,1565,1588,1525,1643,1622,1677,0,0,1050,1050,0,0,0,0
836023245,1555,1591,1533,1655,1622,1674,0,0,1050,1050,0,0,0,0
836123237,1561,1594,1527,1655,1625,1683,0,0,1050,1050,0,0,0,0
836223289,1566,1594,1525,1653,1627,1687,0,0,1050,1050,0,0,0,0
836323298,1562,1589,1528,1653,1628,1680,0,0,1050,1050,0,0,0,0
836423292,1560,1587,1528,1649,1624,1676,0,0,1050,1050,0,0,0,0
836523281,1562,1596,1529,1645,1615,1673,0,0,1050,1050,0,0,0,0
836623420,1562,1602,1524,1646,1608,1678,0,0,1050,1050,0,0,0,0
836723332,1564,1602,1516,1644,1608,1683,0,0,1050,1050,0,0,0,0
836823280,1565,1608,1515,1642,1601,1683,0,0,1050,1050,0,0,0,0
836923216,1556,1601,1518,1648,1606,1679,0,0,1050,1050,0,0,0,0
837023194,1563,1604,1530,1640,1601,1668,0,0,1050,1050,0,0,0,0
837123199,1563,1586,1532,1639,1618,1665,0,0,1050,1050,0,0,0,0
837223297,1563,1582,1552,1638,1620,1647,0,0,1050,1050,0,0,0,0
837323252,1569,1582,1557,1631,1619,1641,0,0,1050,1050,0,0,0,0
837423271,1580,1578,1550,1621,1622,1648,0,0,1050,1050,0,0,0,0
837523253,1590,1569,1538,1614,1633,1660,0,0,1050,1050,0,0,0,0
837623376,1596,1576,1545,1612,1630,1658,0,0,1050,1050,0,0,0,0
837723315,1589,1584,1557,1619,1624,1648,0,0,1050,1050,0,0,0,0
837823243,1593,1577,1540,1614,1629,1661,0,0,1050,1050,0,0,0,0
837923192,1594,1585,1539,1610,1619,1660,0,0,1050,1050,0,0,0,0
838023221,1601,1586,1526,1604,1618,1670,0,0,1050,1050,0,0,0,0
838123291,1606,1596,1531,1598,1609,1666,0,0,1050,1050,0,0,0,0
838223250,1588,1580,1537,1615,1622,1660,0,0,1050,1050,0,0,0,0
838323323,1594,1584,1540,1608,1618,1657,0,0,1050,1050,0,0,0,0
838423292,1591,1586,1544,1611,1615,1654,0,0,1050,1050,0,0,0,0
838523257,1593,1580,1536,1612,1624,1663,0,0,1050,1050,0,0,0,0
838623262,1586,1585,1555,1624,1625,1652,0,0,1050,1050,0,0,0,0
838723241,1586,1585,1554,1630,1630,1658,0,0,1050,1050,0,0,0,0
838823235,1589,1592,1553,1626,1623,1658,0,0,1050,1050,0,0,0,0
838923193,1589,1597,1543,1623,1615,1663,0,0,1050,1050,0,0,0,0
839023277,1594,1594,1527,1617,1616,1676,0,0,1050,1050,0,0,0,0
839123344,1584,1591,1529,1623,1617,1671,0,0,1050,1050,0,0,0,0
839223291,1581,1603,1539,1625,1603,1662,0,0,1050,1050,0,0,0,0
839323247,1584,1596,1520,1621,1610,1676,0,0,1050,1050,0,0,0,0
839423184,1586,1591,1521,1621,1616,1677,0,0,1050,1050,0,0,0,0
839523496,1590,1603,1539,1616,1604,1662,0,0,1050,1050,0,0,0,0
839623518,1586,1590,1527,1618,1615,1670,0,0,1050,1050,0,0,0,0
839723534,1588,1584,1518,1613,1616,1674,0,0,1050,1050,0,0,0,0
839823541,1591,1599,1539,1608,1600,1655,0,0,1050,1050,0,0,0,0
839923519,1597,1592,1530,1603,1608,1663,0,0,1050,1050,0,0,0,0
840023495,1590,1587,1543,1612,1614,1654,0,0,1050,1050,0,0,0,0
840123652,1596,1578,1534,1608,1624,1663,0,0,1050,1050,0,0,0,0
840223990,1594,1587,1554,1610,1617,1647,0,0,1050,1050,0,0,0,0
840323518,1597,1581,1542,1608,1623,1657,0,0,1050,1050,0,0,0,0
840423490,1599,1588,1543,1605,1615,1655,0,0,1050,1050,0,0,0,0
840523561,1588,1573,1534,1613,1628,1661,0,0,1050,1050,0,0,0,0
840623559,1598,1584,1532,1603,1617,1662,0,0,1050,1050,0,0,0,0
840723537,1584,1588,1547,1617,1614,1650,0,0,1050,1050,0,0,0,0
840823522,1597,1589,1528,1606,1614,1667,0,0,1050,1050,0,0,0,0
840923519,1595,1595,1531,1608,1608,1665,0,0,1050,1050,0,0,0,0
841023540,1592,1602,1536,1611,1601,1661,0,0,1050,1050,0,0,0,0
841123651,1571,1597,1538,1627,1602,1656,0,0,1050,1050,0,0,0,0
841223941,1579,1593,1525,1623,1611,1670,0,0,1050,1050,0,0,0,0
841323308,1588,1602,1531,1615,1601,1665,0,0,1050,1050,0,0,0,0
841423250,1586,1598,1526,1612,1600,1664,0,0,1050,1050,0,0,0,0
841523201,1587,1590,1521,1611,1608,1668,0,0,1050,1050,0,0,0,0
841623335,1590,1599,1536,1608,1600,1656,0,0,1050,1050,0,0,0,0
841723272,1582,1580,1531,1617,1619,1662,0,0,1050,1050,0,0,0,0
841823241,1599,1589,1532,1602,1611,1662,0,0,1050,1050,0,0,0,0
841923302,1599,1582,1527,1601,1617,1666,0,0,1050,1050,0,0,0,0
842023241,1603,1590,1538,1595,1607,1655,0,0,1050,1050,0,0,0,0
842123363,1592,1568,1523,1605,1628,1666,0,0,1050,1050,0,0,0,0
842223289,1597,1590,1544,1602,1609,1650,0,0,1050,1050,0,0,0,0
842323225,1599,1584,1537,1602,1617,1658,0,0,1050,1050,0,0,0,0
842423221,1601,1594,1550,1602,1609,1649,0,0,1050,1050,0,0,0,0
842523188,1595,1569,1530,1608,1633,1666,0,0,1050,1050,0,0,0,0
842623289,1592,1584,1554,1616,1624,1651,0,0,1050,1050,0,0,0,0
842723304,1596,1578,1542,1615,1632,1663,0,0,1050,1050,0,0,0,0
842823285,1608,1596,1542,1601,1613,1662,0,0,1050,1050,0,0,0,0
842923257,1596,1589,1538,1612,1619,1664,0,0,1050,1050,0,0,0,0
843023290,1599,1595,1536,1608,1612,1664,0,0,1050,1050,0,0,0,0
843123327,1586,1583,1527,1620,1622,1671,0,0,1050,1050,0,0,0,0
843223274,1594,1601,1535,1612,1605,1665,0,0,1050,1050,0,0,0,0
843323218,1586,1593,1537,1620,1613,1663,0,0,1050,1050,0,0,0,0
843423221,1589,1574,1521,1618,1631,1676,0,0,1050,1050,0,0,0,0
843523268,1595,1594,1544,1613,1614,1659,0,0,1050,1050,0,0,0,0
843623388,1591,1588,1538,1616,1619,1663,0,0,1050,1050,0,0,0,0
843723273,1596,1585,1527,1613,1623,1673,0,0,1050,1050,0,0,0,0
843823276,1584,1588,1542,1625,1621,1662,0,0,1050,1050,0,0,0,0
843923255,1586,1591,1537,1623,1618,1666,0,0,1050,1050,0,0,0,0
844023291,1595,1599,1525,1612,1608,1674,0,0,1050,1050,0,0,0,0
844123227,1584,1591,1520,1621,1615,1676,0,0,1050,1050,0,0,0,0
844223268,1583,1597,1519,1621,1608,1676,0,0,1050,1050,0,0,0,0
844323234,1578,1608,1533,1626,1597,1666,0,0,1050,1050,0,0,0,0
844423288,1579,1599,1517,1626,1606,1678,0,0,1050,1050,0,0,0,0
844523317,1579,1596,1515,1624,1608,1679,0,0,1050,1050,0,0,0,0
844623393,1584,1600,1522,1618,1603,1672,0,0,1050,1050,0,0,0,0
844723285,1574,1595,1535,1629,1610,1663,0,0,1050,1050,0,0,0,0
844823236,1583,1590,1526,1621,1614,1670,0,0,1050,1050,0,0,0,0
844923223,1592,1594,1524,1612,1609,1671,0,0,1050,1050,0,0,0,0
845023191,1583,1596,1539,1619,1607,1658,0,0,1050,1050,0,0,0,0
845123230,1587,1594,1536,1615,1608,1660,0,0,1050,1050,0,0,0,0
845223276,1582,1596,1546,1620,1607,1653,0,0,1050,1050,0,0,0,0
845323308,1579,1579,1527,1624,1624,1669,0,0,1050,1050,0,0,0,0
845423241,1586,1589,1530,1622,1618,1670,0,0,1050,1050,0,0,0,0
845523282,1577,1594,1544,1632,1616,1660,0,0,1050,1050,0,0,0,0
845623262,1579,1592,1540,1631,1618,1664,0,0,1050,1050,0,0,0,0
845723305,1589,1588,1524,1621,1622,1678,0,0,1050,1050,0,0,0,0
845823204,1584,1594,1536,1627,1618,1669,0,0,1050,1050,0,0,0,0
845923185,1580,1595,1540,1629,1614,1664,0,0,1050,1050,0,0,0,0
846023220,1582,1596,1535,1627,1613,1668,0,0,1050,1050,0,0,0,0
846123312,1583,1590,1521,1625,1618,1679,0,0,1050,1050,0,0,0,0
846223295,1574,1597,1534,1634,1613,1668,0,0,1050,1050,0,0,0,0
846323344,1575,1601,1524,1631,1606,1675,0,0,1050,1050,0,0,0,0
846423298,1577,1604,1508,1623,1597,1682,0,0,1050,1050,0,0,0,0
846523234,1571,1613,1514,1629,1588,1677,0,0,1050,1050,0,0,0,0
846623536,1563,1621,1519,1635,1577,1671,0,0,1050,1050,0,0,0,0
846723549,1556,1616,1511,1638,1580,1675,0,0,1050,1050,0,0,0,0
846823440,1559,1609,1494,1633,1585,1686,0,0,1050,1050,0,0,0,0
846923473,1570,1615,1497,1625,1580,1685,0,0,1050,1050,0,0,0,0
847023502,1571,1616,1509,1622,1577,1674,0,0,1050,1050,0,0,0,0
847123685,1570,1612,1522,1622,1581,1663,0,0,1050,1050,0,0,0,0
847224055,1580,1604,1508,1612,1589,1674,0,0,1050,1050,0,0,0,0
847323548,1575,1601,1535,1618,1593,1654,0,0,1050,1050,0,0,0,0
847423472,1587,1593,1536,1610,1605,1656,0,0,1050,1050,0,0,0,0
847523401,1587,1575,1531,1612,1623,1661,0,0,1050,1050,0,0,0,0
847623662,1592,1593,1551,1614,1612,1650,0,0,1050,1050,0,0,0,0
847723520,1589,1585,1534,1620,1623,1668,0,0,1050,1050,0,0,0,0
847823483,1588,1596,1530,1621,1612,1671,0,0,1050,1050,0,0,0,0
847923474,1576,1605,1538,1631,1604,1665,0,0,1050,1050,0,0,0,0
848023532,1572,1600,1524,1634,1607,1675,0,0,1050,1050,0,0,0,0
848123731,1578,1606,1516,1627,1600,1680,0,0,1050,1050,0,0,0,0
848223652,1574,1609,1525,1632,1599,1674,0,0,1050,1050,0,0,0,0
848323539,1571,1608,1527,1636,1601,1673,0,0,1050,1050,0,0,0,0
848423476,1579,1606,1519,1628,1601,1679,0,0,1050,1050,0,0,0,0
848523530,1573,1603,1524,1631,1603,1673,0,0,1050,1050,0,0,0,0
848624132,1568,1611,1539,1637,1596,1662,0,0,1050,1050,0,0,0,0
848723564,1565,1610,1541,1644,1601,1665,0,0,1050,1050,0,0,0,0
848824039,1562,1613,1549,1651,1603,1662,0,0,1050,1050,0,0,0,0
848923505,1566,1612,1544,1647,1604,1666,0,0,1050,1050,0,0,0,0
849023507,1570,1614,1538,1644,1602,1671,0,0,1050,1050,0,0,0,0
849123562,1572,1608,1528,1644,1610,1681,0,0,1050,1050,0,0,0,0
849223959,1570,1609,1526,1642,1605,1679,0,0,1050,1050,0,0,0,0
849323556,1563,1615,1540,1647,1598,1666,0,0,1050,1050,0,0,0,0
849423989,1567,1623,1548,1643,1589,1659,0,0,1050,1050,0,0,0,0
849523484,1569,1606,1536,1638,1602,1666,0,0,1050,1050,0,0,0,0
849624014,1564,1600,1539,1641,1608,1663,0,0,1050,1050,0,0,0,0
849723391,1570,1602,1536,1633,1603,1663,0,0,1050,1050,0,0,0,0
849824049,1577,1603,1527,1621,1596,1664,0,0,1050,1050,0,0,0,0
849923503,1572,1600,1528,1621,1593,1659,0,0,1050,1050,0,0,0,0
850024054,1568,1609,1540,1623,1584,1648,0,0,1050,1050,0,0,0,0
850123578,1571,1610,1536,1622,1584,1653,0,0,1050,1050,0,0,0,0
850223946,1576,1596,1513,1620,1600,1673,0,0,1050,1050,0,0,0,0
850323517,1570,1592,1525,1627,1607,1666,0,0,1050,1050,0,0,0,0
850423954,1573,1593,1528,1626,1606,1664,0,0,1050,1050,0,0,0,0
850523438,1586,1598,1529,1618,1606,1668,0,0,1050,1050,0,0,0,0
850624024,1578,1594,1536,1626,1610,1662,0,0,1050,1050,0,0,0,0
850723514,1567,1593,1547,1633,1609,1651,0,0,1050,1050,0,0,0,0
850823993,1573,1596,1538,1627,1606,1658,0,0,1050,1050,0,0,0,0
850923510,1585,1604,1527,1617,1598,1667,0,0,1050,1050,0,0,0,0
851023930,1579,1608,1532,1620,1592,1661,0,0,1050,1050,0,0,0,0
851123546,1566,1598,1534,1630,1599,1658,0,0,1050,1050,0,0,0,0
851223979,1579,1594,1520,1620,1606,1671,0,0,1050,1050,0,0,0,0
851323456,1585,1590,1521,1614,1610,1670,0,0,1050,1050,0,0,0,0
851423549,1581,1583,1524,1618,1616,1667,0,0,1050,1050,0,0,0,0
851523514,1592,1587,1528,1608,1613,1665,0,0,1050,1050,0,0,0,0
851623696,1588,1600,1554,1613,1602,1645,0,0,1050,1050,0,0,0,0
851723474,1588,1577,1537,1616,1626,1661,0,0,1050,1050,0,0,0,0
851823555,1593,1581,1553,1617,1628,1653,0,0,1050,1050,0,0,0,0
851923475,1582,1571,1566,1628,1638,1642,0,0,1050,1050,0,0,0,0
852023500,1589,1566,1560,1622,1643,1648,0,0,1050,1050,0,0,0,0
852123683,1591,1572,1564,1623,1640,1648,0,0,1050,1050,0,0,0,0
852223967,1583,1570,1560,1629,1641,1650,0,0,1050,1050,0,0,0,0
852323497,1586,1566,1538,1623,1642,1665,0,0,1050,1050,0,0,0,0
852423547,1593,1584,1538,1614,1624,1664,0,0,1050,1050,0,0,0,0
852523570,1591,1581,1532,1617,1626,1669,0,0,1050,1050,0,0,0,0
852623507,1595,1593,1533,1613,1615,1667,0,0,1050,1050,0,0,0,0
852723561,1586,1597,1535,1616,1606,1662,0,0,1050,1050,0,0,0,0
852824002,1586,1589,1512,1610,1607,1674,0,0,1050,1050,0,0,0,0
852923485,1590,1605,1527,1607,1592,1663,0,0,1050,1050,0,0,0,0
853023947,1587,1593,1527,1611,1605,1663,0,0,1050,1050,0,0,0,0
853123671,1587,1588,1535,1610,1608,1656,0,0,1050,1050,0,0,0,0
853223600,1581,1590,1544,1615,1606,1648,0,0,1050,1050,0,0,0,0
853323494,1585,1585,1527,1610,1610,1661,0,0,1050,1050,0,0,0,0
853424037,1582,1598,1536,1614,1598,1654,0,0,1050,1050,0,0,0,0
853523537,1586,1594,1522,1609,1602,1666,0,0,1050,1050,0,0,0,0
853624079,1575,1604,1542,1624,1596,1653,0,0,1050,1050,0,0,0,0
853723530,1572,1591,1530,1627,1609,1663,0,0,1050,1050,0,0,0,0
853823451,1580,1601,1534,1618,1598,1658,0,0,1050,1050,0,0,0,0
853923533,1571,1587,1530,1625,1610,1661,0,0,1050,1050,0,0,0,0
854023524,1579,1584,1523,1619,1614,1667,0,0,1050,1050,0,0,0,0
854123686,1594,1595,1527,1605,1605,1665,0,0,1050,1050,0,0,0,0
854223609,1585,1594,1540,1613,1603,1652,0,0,1050,1050,0,0,0,0
854323563,1582,1579,1529,1613,1616,1660,0,0,1050,1050,0,0,0,0
854423973,1585,1599,1554,1614,1601,1643,0,0,1050,1050,0,0,0,0
854523570,1583,1586,1544,1619,1616,1654,0,0,1050,1050,0,0,0,0
854623546,1579,1586,1549,1624,1617,1650,0,0,1050,1050,0,0,0,0
854723507,1581,1580,1534,1620,1621,1661,0,0,1050,1050,0,0,0,0
854823975,1591,1598,1540,1608,1601,1654,0,0,1050,1050,0,0,0,0
854923474,1585,1599,1543,1615,1601,1652,0,0,1050,1050,0,0,0,0
855023945,1588,1590,1527,1614,1613,1667,0,0,1050,1050,0,0,0,0
855123672,1584,1599,1541,1619,1604,1657,0,0,1050,1050,0,0,0,0
855223620,1583,1593,1535,1621,1611,1664,0,0,1050,1050,0,0,0,0
855323527,1592,1595,1525,1615,1612,1674,0,0,1050,1050,0,0,0,0
855424022,1593,1600,1527,1613,1606,1671,0,0,1050,1050,0,0,0,0
855523499,1582,1592,1527,1623,1614,1671,0,0,1050,1050,0,0,0,0
855624113,1588,1600,1532,1618,1607,1667,0,0,1050,1050,0,0,0,0
855723494,1593,1603,1532,1612,1603,1667,0,0,1050,1050,0,0,0,0
855823931,1591,1590,1525,1611,1612,1669,0,0,1050,1050,0,0,0,0
855923510,1589,1601,1552,1613,1601,1647,0,0,1050,1050,0,0,0,0
856023977,1586,1590,1545,1621,1618,1657,0,0,1050,1050,0,0,0,0
856123744,1590,1597,1549,1621,1614,1658,0,0,1050,1050,0,0,0,0
856224027,1575,1596,1563,1640,1621,1651,0,0,1050,1050,0,0,0,0
856323506,1578,1588,1552,1638,1629,1661,0,0,1050,1050,0,0,0,0
856423506,1581,1576,1534,1636,1641,1676,0,0,1050,1050,0,0,0,0
856523506,1583,1582,1532,1634,1635,1678,0,0,1050,1050,0,0,0,0
856623621,1584,1594,1531,1631,1621,1677,0,0,1050,1050,0,0,0,0
856723558,1579,1592,1520,1632,1620,1682,0,0,1050,1050,0,0,0,0
856823510,1582,1604,1504,1620,1598,1685,0,0,1050,1050,0,0,0,0
856923507,1574,1614,1512,1621,1581,1674,0,0,1050,1050,0,0,0,0
857023495,1562,1610,1519,1632,1586,1668,0,0,1050,1050,0,0,0,0
857123535,1564,1598,1511,1633,1601,1677,0,0,1050,1050,0,0,0,0
857224002,1578,1599,1509,1619,1599,1678,0,0,1050,1050,0,0,0,0
857323444,1574,1598,1529,1621,1598,1661,0,0,1050,1050,0,0,0,0
857423509,1571,1589,1537,1624,1606,1653,0,0,1050,1050,0,0,0,0
857523515,1580,1586,1523,1615,1610,1665,0,0,1050,1050,0,0,0,0
857623396,1580,1592,1536,1619,1608,1657,0,0,1050,1050,0,0,0,0
857723300,1577,1584,1533,1622,1616,1661,0,0,1050,1050,0,0,0,0
857823203,1581,1591,1535,1618,1609,1659,0,0,1050,1050,0,0,0,0
857923270,1577,1599,1543,1625,1604,1656,0,0,1050,1050,0,0,0,0
858023265,1573,1587,1531,1636,1623,1671,0,0,1050,1050,0,0,0,0
858123385,1582,1600,1529,1630,1614,1676,0,0,1050,1050,0,0,0,0
858223290,1579,1604,1532,1632,1608,1673,0,0,1050,1050,0,0,0,0
858323312,1571,1604,1534,1640,1608,1671,0,0,1050,1050,0,0,0,0
858423211,1567,1615,1542,1647,1601,1668,0,0,1050,1050,0,0,0,0
858523212,1568,1621,1534,1646,1596,1675,0,0,1050,1050,0,0,0,0
858623296,1569,1618,1521,1646,1599,1686,0,0,1050,1050,0,0,0,0
858723303,1572,1616,1517,1646,1603,1692,0,0,1050,1050,0,0,0,0
858823250,1580,1620,1517,1638,1599,1691,0,0,1050,1050,0,0,0,0
858923267,1582,1612,1518,1630,1601,1684,0,0,1050,1050,0,0,0,0
859023317,1584,1606,1527,1620,1598,1670,0,0,1050,1050,0,0,0,0
859123442,1594,1596,1521,1605,1603,1670,0,0,1050,1050,0,0,0,0
859223356,1590,1589,1535,1605,1607,1655,0,0,1050,1050,0,0,0,0
859323247,1591,1587,1543,1606,1610,1650,0,0,1050,1050,0,0,0,0
859423288,1594,1574,1527,1602,1621,1661,0,0,1050,1050,0,0,0,0
859523247,1588,1580,1544,1607,1614,1647,0,0,1050,1050,0,0,0,0
859623234,1594,1577,1533,1601,1618,1657,0,0,1050,1050,0,0,0,0
859723257,1592,1592,1549,1605,1606,1645,0,0,1050,1050,0,0,0,0
859823303,1597,1586,1534,1600,1610,1657,0,0,1050,1050,0,0,0,0
859923246,1584,1585,1536,1612,1611,1655,0,0,1050,1050,0,0,0,0
860023222,1584,1584,1529,1613,1613,1661,0,0,1050,1050,0,0,0,0
860123370,1568,1589,1550,1630,1611,1646,0,0,1050,1050,0,0,0,0
860223266,1573,1585,1535,1626,1616,1660,0,0,1050,1050,0,0,0,0
860323290,1584,1600,1530,1617,1602,1665,0,0,1050,1050,0,0,0,0
860423218,1579,1605,1536,1625,1600,1663,0,0,1050,1050,0,0,0,0
860523151,1572,1600,1534,1634,1607,1667,0,0,1050,1050,0,0,0,0
860623388,1582,1604,1525,1630,1609,1679,0,0,1050,1050,0,0,0,0
860723267,1579,1597,1524,1635,1618,1681,0,0,1050,1050,0,0,0,0
860823334,1568,1594,1533,1644,1620,1674,0,0,1050,1050,0,0,0,0
860923247,1573,1603,1534,1640,1611,1673,0,0,1050,1050,0,0,0,0
861023288,1578,1608,1531,1636,1607,1677,0,0,1050,1050,0,0,0,0
861123339,1583,1607,1528,1630,1607,1678,0,0,1050,1050,0,0,0,0
861223263,1582,1603,1530,1626,1606,1672,0,0,1050,1050,0,0,0,0
861323189,1577,1603,1545,1625,1600,1653,0,0,1050,1050,0,0,0,0
861423248,1576,1588,1548,1622,1611,1647,0,0,1050,1050,0,0,0,0
861523274,1586,1569,1538,1610,1626,1653,0,0,1050,1050,0,0,0,0
861623362,1592,1575,1548,1603,1620,1644,0,0,1050,1050,0,0,0,0
861723294,1582,1573,1547,1613,1621,1644,0,0,1050,1050,0,0,0,0
861823281,1581,1576,1538,1610,1615,1649,0,0,1050,1050,0,0,0,0
861923333,1576,1570,1529,1614,1620,1656,0,0,1050,1050,0,0,0,0
862023231,1588,1595,1535,1607,1600,1655,0,0,1050,1050,0,0,0,0
862123277,1579,1590,1533,1621,1611,1661,0,0,1050,1050,0,0,0,0
862223222,1583,1588,1526,1618,1613,1668,0,0,1050,1050,0,0,0,0
862323230,1581,1593,1535,1621,1608,1661,0,0,1050,1050,0,0,0,0
862423276,1582,1599,1526,1618,1602,1667,0,0,1050,1050,0,0,0,0
862523223,1588,1606,1515,1613,1596,1676,0,0,1050,1050,0,0,0,0
862623457,1582,1612,1530,1617,1588,1663,0,0,1050,1050,0,0,0,0
862723221,1575,1595,1521,1624,1605,1671,0,0,1050,1050,0,0,0,0
862823234,1582,1598,1523,1619,1603,1669,0,0,1050,1050,0,0,0,0
862923243,1574,1604,1549,1626,1597,1648,0,0,1050,1050,0,0,0,0
863023210,1584,1598,1536,1616,1603,1659,0,0,1050,1050,0,0,0,0
863123245,1580,1597,1555,1626,1609,1648,0,0,1050,1050,0,0,0,0
863223253,1572,1582,1553,1637,1627,1653,0,0,1050,1050,0,0,0,0
863323276,1582,1579,1549,1634,1637,1663,0,0,1050,1050,0,0,0,0
863423341,1585,1578,1551,1633,1640,1663,0,0,1050,1050,0,0,0,0
863523290,1581,1583,1561,1633,1631,1651,0,0,1050,1050,0,0,0,0
863623394,1580,1584,1561,1632,1629,1649,0,0,1050,1050,0,0,0,0
863723220,1578,1580,1557,1635,1633,1654,0,0,1050,1050,0,0,0,0
863823302,1584,1579,1545,1627,1631,1661,0,0,1050,1050,0,0,0,0
863923200,1580,1579,1546,1625,1626,1655,0,0,1050,1050,0,0,0,0
864023233,1572,1581,1554,1631,1623,1647,0,0,1050,1050,0,0,0,0
864123355,1584,1587,1548,1622,1619,1654,0,0,1050,1050,0,0,0,0
864223322,1581,1588,1549,1625,1618,1654,0,0,1050,1050,0,0,0,0
864323284,1571,1588,1550,1634,1618,1652,0,0,1050,1050,0,0,0,0
864423228,1563,1582,1542,1641,1624,1659,0,0,1050,1050,0,0,0,0
864523213,1560,1582,1534,1640,1620,1662,0,0,1050,1050,0,0,0,0
864623288,1558,1584,1530,1639,1615,1662,0,0,1050,1050,0,0,0,0
864723307,1561,1590,1532,1637,1609,1661,0,0,1050,1050,0,0,0,0
864823203,1559,1578,1529,1639,1622,1665,0,0,1050,1050,0,0,0,0
864923154,1559,1575,1538,1643,1629,1661,0,0,1050,1050,0,0,0,0
865023222,1564,1578,1540,1642,1628,1661,0,0,1050,1050,0,0,0,0
865123416,1557,1579,1549,1649,1629,1656,0,0,1050,1050,0,0,0,0
865223308,1556,1577,1544,1649,1630,1659,0,0,1050,1050,0,0,0,0
865323301,1558,1578,1531,1641,1623,1664,0,0,1050,1050,0,0,0,0
865423331,1560,1590,1526,1641,1613,1669,0,0,1050,1050,0,0,0,0
865523252,1556,1588,1513,1644,1614,1679,0,0,1050,1050,0,0,0,0
865623348,1547,1587,1517,1651,1615,1676,0,0,1050,1050,0,0,0,0
865723267,1556,1594,1517,1646,1611,1678,0,0,1050,1050,0,0,0,0
865823231,1566,1598,1522,1641,1611,1678,0,0,1050,1050,0,0,0,0
865923202,1572,1597,1526,1638,1615,1677,0,0,1050,1050,0,0,0,0
866023267,1585,1591,1524,1633,1627,1685,0,0,1050,1050,0,0,0,0
866123414,1582,1594,1540,1637,1626,1674,0,0,1050,1050,0,0,0,0
866223256,1582,1589,1543,1640,1634,1674,0,0,1050,1050,0,0,0,0
866323211,1585,1590,1547,1641,1635,1673,0,0,1050,1050,0,0,0,0
866423275,1582,1587,1555,1646,1642,1670,0,0,1050,1050,0,0,0,0
866523241,1590,1582,1547,1644,1651,1681,0,0,1050,1050,0,0,0,0
866623313,1586,1583,1549,1649,1653,1681,0,0,1050,1050,0,0,0,0
866723286,1583,1582,1540,1649,1650,1685,0,0,1050,1050,0,0,0,0
866823235,1580,1580,1532,1649,1648,1689,0,0,1050,1050,0,0,0,0
866923519,1588,1592,1532,1640,1637,1689,0,0,1050,1050,0,0,0,0
867023474,1588,1589,1529,1636,1635,1686,0,0,1050,1050,0,0,0,0
867123673,1582,1584,1529,1631,1630,1676,0,0,1050,1050,0,0,0,0
867223982,1570,1585,1547,1638,1624,1658,0,0,1050,1050,0,0,0,0
867323495,1576,1578,1542,1628,1626,1658,0,0,1050,1050,0,0,0,0
867423543,1572,1562,1540,1628,1637,1656,0,0,1050,1050,0,0,0,0
867523437,1573,1548,1534,1621,1644,1655,0,0,1050,1050,0,0,0,0
867624097,1566,1562,1551,1617,1621,1630,0,0,1050,1050,0,0,0,0
867723507,1552,1557,1550,1627,1623,1629,0,0,1050,1050,0,0,0,0
867823990,1567,1559,1531,1622,1629,1653,0,0,1050,1050,0,0,0,0
867923483,1571,1571,1531,1629,1629,1663,0,0,1050,1050,0,0,0,0
868023465,1572,1583,1533,1634,1624,1667,0,0,1050,1050,0,0,0,0
868123553,1577,1593,1538,1635,1621,1669,0,0,1050,1050,0,0,0,0
868223523,1588,1590,1522,1628,1626,1685,0,0,1050,1050,0,0,0,0
868323482,1587,1596,1527,1626,1617,1678,0,0,1050,1050,0,0,0,0
868423963,1575,1594,1539,1639,1622,1670,0,0,1050,1050,0,0,0,0
868523548,1582,1593,1540,1639,1628,1675,0,0,1050,1050,0,0,0,0
868624161,1587,1582,1525,1634,1639,1687,0,0,1050,1050,0,0,0,0
868723516,1586,1581,1526,1633,1638,1685,0,0,1050,1050,0,0,0,0
868824065,1591,1593,1529,1631,1629,1684,0,0,1050,1050,0,0,0,0
868923540,1587,1596,1529,1632,1623,1681,0,0,1050,1050,0,0,0,0
869023889,1578,1596,1537,1639,1623,1675,0,0,1050,1050,0,0,0,0
869123546,1574,1599,1547,1644,1620,1667,0,0,1050,1050,0,0,0,0
869223975,1572,1593,1546,1644,1626,1667,0,0,1050,1050,0,0,0,0
869323578,1581,1593,1540,1637,1626,1673,0,0,1050,1050,0,0,0,0
869423543,1578,1591,1538,1641,1629,1675,0,0,1050,1050,0,0,0,0
869523547,1574,1592,1535,1642,1626,1676,0,0,1050,1050,0,0,0,0
869623610,1579,1599,1535,1637,1618,1675,0,0,1050,1050,0,0,0,0
869723550,1578,1597,1535,1636,1618,1673,0,0,1050,1050,0,0,0,0
869823270,1563,1584,1540,1654,1635,1673,0,0,1050,1050,0,0,0,0
869923241,1571,1590,1545,1652,1636,1674,0,0,1050,1050,0,0,0,0
870023267,1581,1594,1551,1648,1637,1675,0,0,1050,1050,0,0,0,0
870123430,1582,1590,1556,1646,1638,1668,0,0,1050,1050,0,0,0,0
870223232,1582,1579,1553,1647,1649,1672,0,0,1050,1050,0,0,0,0
870323265,1583,1583,1557,1645,1645,1668,0,0,1050,1050,0,0,0,0
870423192,1581,1584,1552,1645,1643,1671,0,0,1050,1050,0,0,0,0
870523313,1571,1586,1544,1650,1636,1673,0,0,1050,1050,0,0,0,0
870623296,1561,1592,1535,1654,1626,1676,0,0,1050,1050,0,0,0,0
870723399,1560,1602,1526,1654,1615,1682,0,0,1050,1050,0,0,0,0
870823288,1556,1610,1513,1655,1605,1690,0,0,1050,1050,0,0,0,0
870923260,1552,1614,1505,1657,1600,1695,0,0,1050,1050,0,0,0,0
871023238,1550,1611,1498,1660,1602,1700,0,0,1050,1050,0,0,0,0
871123351,1559,1612,1486,1653,1604,1710,0,0,1050,1050,0,0,0,0
871223261,1578,1625,1469,1635,1589,1721,0,0,1050,1050,0,0,0,0
871323262,1567,1620,1470,1639,1587,1715,0,0,1050,1050,0,0,0,0
871423268,1554,1616,1485,1646,1587,1700,0,0,1050,1050,0,0,0,0
871523303,1559,1616,1500,1641,1587,1689,0,0,1050,1050,0,0,0,0
871623315,1559,1589,1498,1642,1614,1691,0,0,1050,1050,0,0,0,0
871723279,1580,1587,1509,1623,1616,1682,0,0,1050,1050,0,0,0,0
871823289,1588,1575,1514,1609,1621,1673,0,0,1050,1050,0,0,0,0
871923219,1593,1576,1534,1603,1619,1656,0,0,1050,1050,0,0,0,0
872023179,1582,1561,1551,1617,1636,1645,0,0,1050,1050,0,0,0,0
872123220,1595,1566,1542,1605,1633,1654,0,0,1050,1050,0,0,0,0
872223178,1595,1588,1553,1608,1614,1646,0,0,1050,1050,0,0,0,0
872323210,1585,1581,1532,1622,1626,1669,0,0,1050,1050,0,0,0,0
872423327,1583,1594,1538,1629,1618,1668,0,0,1050,1050,0,0,0,0
872523308,1578,1597,1523,1639,1622,1686,0,0,1050,1050,0,0,0,0
872623330,1588,1609,1507,1630,1610,1698,0,0,1050,1050,0,0,0,0
872723339,1576,1605,1503,1637,1610,1697,0,0,1050,1050,0,0,0,0
872823243,1570,1615,1523,1644,1601,1684,0,0,1050,1050,0,0,0,0
872923138,1564,1612,1527,1648,1603,1680,0,0,1050,1050,0,0,0,0
873023206,1556,1613,1536,1657,1603,1674,0,0,1050,1050,0,0,0,0
873123276,1547,1601,1526,1667,1618,1684,0,0,1050,1050,0,0,0,0
873223282,1542,1600,1529,1667,1615,1677,0,0,1050,1050,0,0,0,0
873323336,1567,1604,1515,1643,1608,1686,0,0,1050,1050,0,0,0,0
873423320,1570,1594,1508,1640,1617,1691,0,0,1050,1050,0,0,0,0
873523241,1559,1586,1520,1648,1623,1679,0,0,1050,1050,0,0,0,0
873623404,1563,1579,1517,1647,1632,1685,0,0,1050,1050,0,0,0,0
873723253,1570,1579,1516,1643,1635,1688,0,0,1050,1050,0,0,0,0
873823246,1565,1576,1518,1645,1635,1684,0,0,1050,1050,0,0,0,0
873923221,1564,1581,1523,1644,1629,1679,0,0,1050,1050,0,0,0,0
874023211,1553,1576,1534,1657,1636,1672,0,0,1050,1050,0,0,0,0
874123301,1568,1576,1524,1646,1639,1683,0,0,1050,1050,0,0,0,0
874223353,1562,1571,1538,1655,1647,1675,0,0,1050,1050,0,0,0,0
874323313,1568,1573,1546,1651,1646,1669,0,0,1050,1050,0,0,0,0
874423226,1570,1573,1550,1648,1645,1665,0,0,1050,1050,0,0,0,0
874523309,1578,1572,1546,1641,1646,1669,0,0,1050,1050,0,0,0,0
874623415,1578,1572,1548,1639,1644,1665,0,0,1050,1050,0,0,0,0
874723216,1582,1573,1545,1636,1645,1668,0,0,1050,1050,0,0,0,0
874823234,1574,1568,1549,1643,1648,1664,0,0,1050,1050,0,0,0,0
874923188,1570,1568,1550,1648,1649,1665,0,0,1050,1050,0,0,0,0
875023251,1559,1571,1555,1657,1646,1660,0,0,1050,1050,0,0,0,0
875123257,1563,1577,1553,1658,1645,1666,0,0,1050,1050,0,0,0,0
875223311,1564,1580,1552,1658,1644,1668,0,0,1050,1050,0,0,0,0
875323231,1562,1574,1547,1658,1647,1670,0,0,1050,1050,0,0,0,0
875423238,1560,1568,1546,1656,1649,1669,0,0,1050,1050,0,0,0,0
875523284,1561,1567,1546,1654,1649,1666,0,0,1050,1050,0,0,0,0
875623364,1554,1568,1555,1658,1646,1658,0,0,1050,1050,0,0,0,0
875723223,1558,1569,1550,1654,1644,1661,0,0,1050,1050,0,0,0,0
875823222,1557,1563,1542,1653,1648,1665,0,0,1050,1050,0,0,0,0
875923257,1558,1565,1542,1651,1645,1665,0,0,1050,1050,0,0,0,0
876023263,1555,1565,1544,1653,1644,1662,0,0,1050,1050,0,0,0,0
876123419,1558,1570,1545,1652,1641,1662,0,0,1050,1050,0,0,0,0
876223292,1560,1569,1541,1649,1641,1666,0,0,1050,1050,0,0,0,0
876323264,1564,1568,1539,1647,1643,1668,0,0,1050,1050,0,0,0,0
876423264,1560,1564,1539,1652,1648,1669,0,0,1050,1050,0,0,0,0
876523238,1557,1562,1542,1654,1650,1667,0,0,1050,1050,0,0,0,0
876623345,1560,1568,1546,1652,1646,1664,0,0,1050,1050,0,0,0,0
876723310,1552,1563,1548,1658,1649,1662,0,0,1050,1050,0,0,0,0
876823259,1555,1566,1545,1655,1645,1663,0,0,1050,1050,0,0,0,0
876923268,1554,1565,1543,1655,1646,1665,0,0,1050,1050,0,0,0,0
877023281,1559,1572,1551,1653,1642,1660,0,0,1050,1050,0,0,0,0
877123241,1557,1566,1553,1653,1646,1656,0,0,1050,1050,0,0,0,0
877223277,1558,1565,1558,1651,1645,1651,0,0,1050,1050,0,0,0,0
877323263,1557,1567,1560,1651,1643,1649,0,0,1050,1050,0,0,0,0
877423189,1556,1569,1560,1650,1639,1646,0,0,1050,1050,0,0,0,0
877523203,1555,1567,1561,1652,1641,1647,0,0,1050,1050,0,0,0,0
877623437,1554,1559,1559,1651,1646,1647,0,0,1050,1050,0,0,0,0
877723260,1558,1552,1550,1647,1652,1654,0,0,1050,1050,0,0,0,0
877823251,1555,1552,1552,1647,1649,1649,0,0,1050,1050,0,0,0,0
877923252,1551,1551,1545,1649,1648,1654,0,0,1050,1050,0,0,0,0
878023230,1546,1563,1548,1655,1640,1653,0,0,1050,1050,0,0,0,0
878123272,1541,1569,1540,1658,1634,1659,0,0,1050,1050,0,0,0,0
878223254,1540,1569,1534,1657,1632,1662,0,0,1050,1050,0,0,0,0
878323208,1540,1571,1535,1661,1634,1664,0,0,1050,1050,0,0,0,0
878423196,1536,1577,1543,1667,1632,1662,0,0,1050,1050,0,0,0,0
878523172,1551,1582,1535,1659,1631,1672,0,0,1050,1050,0,0,0,0
878623441,1549,1574,1530,1661,1638,1676,0,0,1050,1050,0,0,0,0
878723338,1543,1574,1537,1665,1637,1669,0,0,1050,1050,0,0,0,0
878823297,1543,1575,1547,1665,1637,1662,0,0,1050,1050,0,0,0,0
878923211,1550,1579,1555,1663,1638,1659,0,0,1050,1050,0,0,0,0
879023254,1566,1580,1548,1653,1640,1669,0,0,1050,1050,0,0,0,0
879123380,1560,1568,1543,1657,1650,1671,0,0,1050,1050,0,0,0,0
879223391,1560,1566,1544,1656,1651,1669,0,0,1050,1050,0,0,0,0
879323257,1558,1564,1550,1657,1651,1663,0,0,1050,1050,0,0,0,0
879423287,1559,1562,1553,1655,1652,1659,0,0,1050,1050,0,0,0,0
879523269,1556,1563,1557,1655,1650,1655,0,0,1050,1050,0,0,0,0
879623411,1555,1564,1558,1658,1649,1655,0,0,1050,1050,0,0,0,0
879723338,1561,1564,1548,1652,1650,1664,0,0,1050,1050,0,0,0,0
879823300,1557,1568,1545,1654,1644,1664,0,0,1050,1050,0,0,0,0
879923195,1552,1569,1544,1656,1641,1663,0,0,1050,1050,0,0,0,0
880023211,1550,1572,1549,1658,1639,1659,0,0,1050,1050,0,0,0,0
880123221,1551,1576,1552,1657,1634,1656,0,0,1050,1050,0,0,0,0
880223215,1550,1577,1551,1656,1632,1655,0,0,1050,1050,0,0,0,0
880323276,1552,1576,1551,1655,1634,1656,0,0,1050,1050,0,0,0,0
880423258,1554,1576,1550,1652,1633,1655,0,0,1050,1050,0,0,0,0
880523281,1553,1571,1548,1654,1638,1658,0,0,1050,1050,0,0,0,0
880623416,1558,1568,1543,1649,1640,1661,0,0,1050,1050,0,0,0,0
880723344,1560,1563,1540,1647,1644,1663,0,0,1050,1050,0,0,0,0
880823288,1554,1566,1553,1652,1642,1653,0,0,1050,1050,0,0,0,0
880923247,1554,1563,1558,1651,1643,1647,0,0,1050,1050,0,0,0,0
881023188,1552,1565,1564,1654,1643,1643,0,0,1050,1050,0,0,0,0
881123239,1555,1564,1564,1653,1645,1645,0,0,1050,1050,0,0,0,0
881223274,1559,1564,1562,1651,1647,1648,0,0,1050,1050,0,0,0,0
881323294,1562,1567,1563,1649,1645,1648,0,0,1050,1050,0,0,0,0
881423308,1556,1562,1566,1654,1649,1646,0,0,1050,1050,0,0,0,0
881523284,1558,1557,1562,1653,1654,1650,0,0,1050,1050,0,0,0,0
881623322,1564,1561,1559,1644,1647,1648,0,0,1050,1050,0,0,0,0
881723260,1563,1565,1558,1642,1641,1647,0,0,1050,1050,0,0,0,0
881823287,1559,1568,1560,1645,1637,1645,0,0,1050,1050,0,0,0,0
881923237,1571,1567,1543,1634,1638,1659,0,0,1050,1050,0,0,0,0
882023212,1568,1571,1542,1639,1636,1661,0,0,1050,1050,0,0,0,0
882123439,1556,1570,1544,1649,1637,1660,0,0,1050,1050,0,0,0,0
882223330,1560,1570,1542,1647,1638,1663,0,0,1050,1050,0,0,0,0
882323320,1563,1569,1539,1642,1636,1662,0,0,1050,1050,0,0,0,0
882423229,1565,1578,1548,1644,1632,1659,0,0,1050,1050,0,0,0,0
882523280,1571,1585,1548,1641,1628,1661,0,0,1050,1050,0,0,0,0
882623354,1573,1586,1548,1640,1628,1661,0,0,1050,1050,0,0,0,0
882723232,1569,1583,1547,1644,1631,1663,0,0,1050,1050,0,0,0,0
882823208,1564,1577,1540,1645,1634,1665,0,0,1050,1050,0,0,0,0
882923249,1567,1579,1539,1642,1631,1666,0,0,1050,1050,0,0,0,0
883023244,1561,1584,1549,1648,1628,1659,0,0,1050,1050,0,0,0,0
883123338,1560,1578,1542,1645,1628,1660,0,0,1050,1050,0,0,0,0
883223325,1562,1584,1548,1643,1623,1655,0,0,1050,1050,0,0,0,0
883323289,1566,1588,1551,1643,1623,1655,0,0,1050,1050,0,0,0,0
883423245,1556,1574,1549,1651,1634,1657,0,0,1050,1050,0,0,0,0
883523236,1552,1574,1552,1653,1633,1652,0,0,1050,1050,0,0,0,0
883623351,1557,1576,1549,1652,1635,1659,0,0,1050,1050,0,0,0,0
883723215,1554,1574,1548,1655,1636,1659,0,0,1050,1050,0,0,0,0
883823232,1554,1575,1545,1653,1633,1660,0,0,1050,1050,0,0,0,0
883923276,1558,1583,1543,1648,1626,1661,0,0,1050,1050,0,0,0,0
884023283,1564,1576,1525,1643,1632,1676,0,0,1050,1050,0,0,0,0
884123412,1559,1577,1529,1649,1633,1674,0,0,1050,1050,0,0,0,0
884223302,1564,1580,1536,1647,1633,1671,0,0,1050,1050,0,0,0,0
884323290,1558,1568,1536,1652,1643,1670,0,0,1050,1050,0,0,0,0
884423212,1556,1565,1535,1651,1643,1668,0,0,1050,1050,0,0,0,0
884523259,1563,1570,1540,1647,1640,1666,0,0,1050,1050,0,0,0,0
884623300,1558,1563,1543,1650,1645,1662,0,0,1050,1050,0,0,0,0
884723279,1565,1569,1551,1645,1642,1658,0,0,1050,1050,0,0,0,0
884823254,1570,1570,1556,1643,1643,1655,0,0,1050,1050,0,0,0,0
884923254,1580,1575,1555,1634,1638,1656,0,0,1050,1050,0,0,0,0
885023364,1571,1577,1567,1641,1635,1644,0,0,1050,1050,0,0,0,0
885123338,1569,1578,1564,1641,1633,1646,0,0,1050,1050,0,0,0,0
885223284,1567,1578,1556,1640,1630,1650,0,0,1050,1050,0,0,0,0
885323301,1561,1578,1551,1643,1627,1651,0,0,1050,1050,0,0,0,0
885423267,1560,1581,1540,1643,1624,1660,0,0,1050,1050,0,0,0,0
885523258,1555,1578,1529,1646,1625,1668,0,0,1050,1050,0,0,0,0
885623436,1553,1582,1531,1650,1625,1669,0,0,1050,1050,0,0,0,0
885723255,1554,1590,1537,1651,1617,1665,0,0,1050,1050,0,0,0,0
885823257,1557,1589,1534,1649,1620,1669,0,0,1050,1050,0,0,0,0
885923297,1555,1583,1539,1651,1626,1664,0,0,1050,1050,0,0,0,0
886023299,1560,1579,1537,1647,1630,1667,0,0,1050,1050,0,0,0,0
886123277,1570,1580,1542,1642,1632,1666,0,0,1050,1050,0,0,0,0
886223332,1571,1578,1543,1638,1631,1662,0,0,1050,1050,0,0,0,0
886323299,1578,1578,1547,1632,1632,1659,0,0,1050,1050,0,0,0,0
886423195,1575,1572,1558,1636,1638,1651,0,0,1050,1050,0,0,0,0
886523221,1568,1568,1566,1643,1642,1644,0,0,1050,1050,0,0,0,0
886623291,1565,1561,1566,1647,1650,1645,0,0,1050,1050,0,0,0,0
886723279,1567,1559,1562,1644,1651,1648,0,0,1050,1050,0,0,0,0
886823300,1562,1559,1563,1646,1649,1645,0,0,1050,1050,0,0,0,0
886923291,1563,1557,1562,1647,1652,1648,0,0,1050,1050,0,0,0,0
887023230,1569,1561,1560,1644,1651,1651,0,0,1050,1050,0,0,0,0
887123301,1565,1563,1566,1647,1649,1646,0,0,1050,1050,0,0,0,0
887223281,1564,1564,1564,1647,1647,1647,0,0,1050,1050,0,0,0,0
887323235,1565,1571,1562,1645,1640,1648,0,0,1050,1050,0,0,0,0
887423207,1564,1578,1561,1647,1635,1650,0,0,1050,1050,0,0,0,0
887523239,1561,1576,1555,1650,1637,1655,0,0,1050,1050,0,0,0,0
887623384,1562,1579,1554,1652,1637,1659,0,0,1050,1050,0,0,0,0
887723332,1562,1579,1554,1655,1641,1663,0,0,1050,1050,0,0,0,0
887823290,1567,1584,1555,1655,1640,1666,0,0,1050,1050,0,0,0,0
887923223,1558,1578,1556,1661,1643,1663,0,0,1050,1050,0,0,0,0
888023231,1558,1580,1555,1661,1642,1664,0,0,1050,1050,0,0,0,0
888123400,1560,1581,1553,1660,1642,1666,0,0,1050,1050,0,0,0,0
888223203,1564,1583,1552,1658,1641,1668,0,0,1050,1050,0,0,0,0
888323234,1565,1586,1552,1657,1638,1668,0,0,1050,1050,0,0,0,0
888423261,1557,1580,1547,1659,1639,1667,0,0,1050,1050,0,0,0,0
888523319,1554,1583,1549,1660,1634,1664,0,0,1050,1050,0,0,0,0
888623410,1557,1594,1554,1659,1625,1661,0,0,1050,1050,0,0,0,0
888723309,1551,1589,1547,1660,1626,1663,0,0,1050,1050,0,0,0,0
888823225,1555,1589,1539,1656,1626,1670,0,0,1050,1050,0,0,0,0
888923254,1547,1577,1531,1661,1634,1674,0,0,1050,1050,0,0,0,0
889023206,1555,1587,1533,1653,1624,1672,0,0,1050,1050,0,0,0,0
889123248,1563,1594,1532,1646,1617,1671,0,0,1050,1050,0,0,0,0
889224026,1554,1593,1543,1653,1617,1662,0,0,1050,1050,0,0,0,0
889323513,1556,1585,1539,1650,1624,1664,0,0,1050,1050,0,0,0,0
889423537,1548,1578,1546,1655,1628,1657,0,0,1050,1050,0,0,0,0
889523529,1554,1581,1545,1649,1626,1657,0,0,1050,1050,0,0,0,0
889623541,1558,1581,1547,1647,1625,1656,0,0,1050,1050,0,0,0,0
889723519,1557,1574,1542,1646,1630,1659,0,0,1050,1050,0,0,0,0
889823480,1558,1567,1536,1647,1639,1666,0,0,1050,1050,0,0,0,0
889923524,1558,1568,1536,1650,1642,1669,0,0,1050,1050,0,0,0,0
890023435,1562,1570,1531,1647,1641,1673,0,0,1050,1050,0,0,0,0
890123641,1557,1568,1537,1652,1642,1669,0,0,1050,1050,0,0,0,0
890224049,1559,1572,1544,1651,1640,1664,0,0,1050,1050,0,0,0,0
890323525,1564,1581,1551,1647,1632,1658,0,0,1050,1050,0,0,0,0
890423563,1573,1585,1548,1640,1629,1662,0,0,1050,1050,0,0,0,0
890523548,1569,1575,1542,1640,1635,1664,0,0,1050,1050,0,0,0,0
890623603,1573,1576,1544,1638,1636,1663,0,0,1050,1050,0,0,0,0
890723459,1572,1575,1551,1642,1639,1660,0,0,1050,1050,0,0,0,0
890823554,1567,1574,1557,1649,1642,1658,0,0,1050,1050,0,0,0,0
890923524,1573,1576,1555,1644,1642,1660,0,0,1050,1050,0,0,0,0
891023441,1574,1581,1560,1644,1637,1656,0,0,1050,1050,0,0,0,0
891123582,1570,1580,1561,1645,1636,1653,0,0,1050,1050,0,0,0,0
891224028,1567,1580,1560,1646,1635,1653,0,0,1050,1050,0,0,0,0
891323535,1574,1581,1554,1642,1635,1660,0,0,1050,1050,0,0,0,0
891423530,1572,1580,1550,1644,1637,1663,0,0,1050,1050,0,0,0,0
891523507,1564,1580,1555,1650,1636,1658,0,0,1050,1050,0,0,0,0
891623516,1569,1584,1557,1647,1633,1657,0,0,1050,1050,0,0,0,0
891723589,1581,1587,1554,1638,1632,1661,0,0,1050,1050,0,0,0,0
891823554,1583,1588,1558,1638,1633,1660,0,0,1050,1050,0,0,0,0
891923435,1573,1573,1552,1644,1644,1663,0,0,1050,1050,0,0,0,0
892023516,1567,1571,1554,1645,1641,1656,0,0,1050,1050,0,0,0,0
892123719,1566,1576,1554,1644,1636,1655,0,0,1050,1050,0,0,0,0
892224025,1563,1571,1550,1644,1637,1656,0,0,1050,1050,0,0,0,0
892323554,1566,1575,1548,1643,1634,1658,0,0,1050,1050,0,0,0,0
892423498,1560,1579,1558,1646,1629,1649,0,0,1050,1050,0,0,0,0
892523505,1564,1577,1558,1644,1632,1649,0,0,1050,1050,0,0,0,0
892623736,1567,1574,1556,1643,1636,1652,0,0,1050,1050,0,0,0,0
892723504,1565,1572,1557,1641,1635,1648,0,0,1050,1050,0,0,0,0
892823614,1559,1569,1552,1646,1637,1652,0,0,1050,1050,0,0,0,0
892923484,1557,1571,1547,1650,1637,1658,0,0,1050,1050,0,0,0,0
893023594,1550,1573,1544,1655,1635,1660,0,0,1050,1050,0,0,0,0
893123571,1546,1575,1546,1659,1634,1660,0,0,1050,1050,0,0,0,0
893224063,1547,1576,1547,1659,1633,1659,0,0,1050,1050,0,0,0,0
893323463,1548,1581,1551,1655,1626,1653,0,0,1050,1050,0,0,0,0
893423524,1558,1580,1541,1647,1627,1662,0,0,1050,1050,0,0,0,0
893523537,1560,1584,1544,1645,1624,1659,0,0,1050,1050,0,0,0,0
893623623,1564,1584,1546,1642,1624,1657,0,0,1050,1050,0,0,0,0
893723568,1561,1576,1548,1641,1628,1652,0,0,1050,1050,0,0,0,0
893823438,1557,1565,1542,1641,1634,1654,0,0,1050,1050,0,0,0,0
893923493,1564,1565,1538,1636,1635,1658,0,0,1050,1050,0,0,0,0
894023512,1561,1566,1543,1640,1636,1655,0,0,1050,1050,0,0,0,0
894123548,1560,1567,1548,1645,1639,1655,0,0,1050,1050,0,0,0,0
894223982,1561,1571,1555,1648,1639,1653,0,0,1050,1050,0,0,0,0
894323492,1556,1568,1555,1655,1644,1655,0,0,1050,1050,0,0,0,0
894423971,1557,1566,1547,1652,1645,1661,0,0,1050,1050,0,0,0,0
894523482,1554,1571,1549,1656,1641,1660,0,0,1050,1050,0,0,0,0
894623543,1552,1580,1545,1660,1635,1666,0,0,1050,1050,0,0,0,0
894723548,1548,1589,1535,1666,1630,1677,0,0,1050,1050,0,0,0,0
894823522,1555,1610,1531,1661,1611,1681,0,0,1050,1050,0,0,0,0
894923466,1554,1612,1524,1660,1606,1684,0,0,1050,1050,0,0,0,0
895023503,1555,1603,1524,1661,1617,1686,0,0,1050,1050,0,0,0,0
895123505,1559,1600,1534,1650,1612,1670,0,0,1050,1050,0,0,0,0
895223959,1563,1581,1533,1644,1627,1669,0,0,1050,1050,0,0,0,0
895323512,1561,1566,1546,1651,1646,1664,0,0,1050,1050,0,0,0,0
895423499,1568,1570,1555,1646,1643,1657,0,0,1050,1050,0,0,0,0
895523510,1570,1580,1566,1644,1635,1648,0,0,1050,1050,0,0,0,0
895623511,1566,1573,1565,1644,1638,1645,0,0,1050,1050,0,0,0,0
895723496,1562,1571,1562,1646,1638,1646,0,0,1050,1050,0,0,0,0
895823254,1558,1571,1554,1648,1636,1651,0,0,1050,1050,0,0,0,0
895923290,1558,1576,1551,1647,1631,1653,0,0,1050,1050,0,0,0,0
896023203,1557,1581,1549,1646,1624,1653,0,0,1050,1050,0,0,0,0
896123254,1565,1587,1547,1640,1620,1655,0,0,1050,1050,0,0,0,0
896223274,1565,1585,1544,1640,1622,1657,0,0,1050,1050,0,0,0,0
896323185,1564,1579,1544,1642,1629,1660,0,0,1050,1050,0,0,0,0
896423199,1566,1570,1540,1642,1638,1664,0,0,1050,1050,0,0,0,0
896523184,1566,1565,1541,1642,1642,1663,0,0,1050,1050,0,0,0,0
896623406,1558,1572,1560,1650,1638,1648,0,0,1050,1050,0,0,0,0
896723284,1563,1579,1564,1648,1633,1647,0,0,1050,1050,0,0,0,0
896823224,1563,1580,1562,1647,1632,1648,0,0,1050,1050,0,0,0,0
896923239,1561,1577,1561,1648,1634,1648,0,0,1050,1050,0,0,0,0
897023241,1558,1578,1561,1651,1633,1649,0,0,1050,1050,0,0,0,0
897123228,1558,1577,1553,1651,1634,1655,0,0,1050,1050,0,0,0,0
897223203,1562,1579,1551,1649,1633,1658,0,0,1050,1050,0,0,0,0
897323251,1563,1576,1550,1647,1635,1658,0,0,1050,1050,0,0,0,0
897423278,1567,1579,1552,1642,1632,1655,0,0,1050,1050,0,0,0,0
897523315,1567,1581,1555,1640,1628,1651,0,0,1050,1050,0,0,0,0
897623374,1569,1579,1555,1638,1629,1651,0,0,1050,1050,0,0,0,0
897723285,1569,1575,1555,1639,1634,1651,0,0,1050,1050,0,0,0,0
897823272,1567,1572,1558,1644,1639,1652,0,0,1050,1050,0,0,0,0
897923223,1568,1569,1551,1643,1642,1658,0,0,1050,1050,0,0,0,0
898023251,1571,1573,1551,1640,1638,1657,0,0,1050,1050,0,0,0,0
898123432,1569,1578,1550,1640,1632,1657,0,0,1050,1050,0,0,0,0
898223196,1565,1577,1544,1643,1632,1661,0,0,1050,1050,0,0,0,0
898323254,1565,1587,1542,1643,1622,1662,0,0,1050,1050,0,0,0,0
898423280,1563,1588,1534,1641,1618,1665,0,0,1050,1050,0,0,0,0
898523275,1562,1586,1529,1645,1622,1672,0,0,1050,1050,0,0,0,0
898623331,1553,1594,1546,1654,1616,1659,0,0,1050,1050,0,0,0,0
898723278,1550,1596,1547,1656,1615,1659,0,0,1050,1050,0,0,0,0
898823290,1549,1592,1546,1658,1619,1660,0,0,1050,1050,0,0,0,0
898923194,1550,1587,1543,1658,1625,1664,0,0,1050,1050,0,0,0,0
899023204,1559,1593,1549,1652,1621,1660,0,0,1050,1050,0,0,0,0
899123214,1568,1598,1551,1645,1617,1660,0,0,1050,1050,0,0,0,0
899223274,1567,1586,1544,1646,1629,1665,0,0,1050,1050,0,0,0,0
899323271,1558,1577,1546,1654,1637,1664,0,0,1050,1050,0,0,0,0
899423298,1561,1581,1545,1652,1633,1666,0,0,1050,1050,0,0,0,0
899523257,1567,1596,1543,1646,1619,1667,0,0,1050,1050,0,0,0,0
899623289,1567,1606,1537,1643,1606,1668,0,0,1050,1050,0,0,0,0
899723332,1562,1597,1525,1645,1613,1676,0,0,1050,1050,0,0,0,0
899823213,1563,1600,1521,1640,1606,1676,0,0,1050,1050,0,0,0,0
899923182,1555,1592,1522,1644,1610,1671,0,0,1050,1050,0,0,0,0
900023208,1564,1593,1519,1637,1610,1675,0,0,1050,1050,0,0,0,0
900123256,1567,1592,1525,1634,1610,1669,0,0,1050,1050,0,0,0,0
900223273,1566,1589,1536,1633,1612,1659,0,0,1050,1050,0,0,0,0
900323247,1571,1591,1548,1632,1613,1652,0,0,1050,1050,0,0,0,0
900423269,1574,1589,1562,1633,1619,1644,0,0,1050,1050,0,0,0,0
900523244,1577,1584,1566,1634,1628,1644,0,0,1050,1050,0,0,0,0
900623478,1573,1577,1565,1636,1633,1644,0,0,1050,1050,0,0,0,0
900723317,1574,1575,1563,1636,1636,1646,0,0,1050,1050,0,0,0,0
900823237,1577,1576,1559,1633,1634,1649,0,0,1050,1050,0,0,0,0
900923208,1573,1578,1560,1634,1630,1646,0,0,1050,1050,0,0,0,0
901023211,1569,1579,1564,1638,1628,1641,0,0,1050,1050,0,0,0,0
901123333,1563,1577,1566,1640,1628,1638,0,0,1050,1050,0,0,0,0
901223308,1553,1569,1557,1645,1630,1641,0,0,1050,1050,0,0,0,0
901323249,1550,1572,1545,1643,1623,1647,0,0,1050,1050,0,0,0,0
901423275,1548,1578,1534,1642,1615,1654,0,0,1050,1050,0,0,0,0
901523230,1542,1574,1521,1646,1617,1663,0,0,1050,1050,0,0,0,0
901623393,1549,1584,1518,1641,1609,1667,0,0,1050,1050,0,0,0,0
901723283,1563,1595,1516,1631,1601,1671,0,0,1050,1050,0,0,0,0
901823392,1555,1601,1534,1638,1595,1656,0,0,1050,1050,0,0,0,0
901923242,1545,1587,1534,1648,1610,1657,0,0,1050,1050,0,0,0,0
902023267,1555,1594,1542,1643,1608,1655,0,0,1050,1050,0,0,0,0
902123258,1563,1593,1540,1638,1610,1658,0,0,1050,1050,0,0,0,0
902223289,1560,1580,1536,1643,1625,1663,0,0,1050,1050,0,0,0,0
902323249,1555,1575,1535,1647,1629,1664,0,0,1050,1050,0,0,0,0
902423260,1558,1579,1536,1642,1623,1660,0,0,1050,1050,0,0,0,0
902523202,1571,1593,1537,1631,1610,1661,0,0,1050,1050,0,0,0,0
902623279,1566,1591,1532,1635,1612,1664,0,0,1050,1050,0,0,0,0
902723224,1560,1590,1531,1639,1611,1664,0,0,1050,1050,0,0,0,0
902823230,1557,1599,1536,1641,1602,1659,0,0,1050,1050,0,0,0,0
902923266,1548,1596,1538,1648,1603,1657,0,0,1050,1050,0,0,0,0
903023294,1547,1596,1535,1647,1602,1657,0,0,1050,1050,0,0,0,0
903123336,1551,1591,1525,1641,1604,1663,0,0,1050,1050,0,0,0,0
903223286,1544,1580,1524,1647,1614,1662,0,0,1050,1050,0,0,0,0
903323237,1547,1579,1524,1644,1615,1663,0,0,1050,1050,0,0,0,0
903423270,1559,1591,1531,1636,1607,1660,0,0,1050,1050,0,0,0,0
903523159,1562,1588,1531,1639,1615,1665,0,0,1050,1050,0,0,0,0
903623242,1553,1582,1536,1650,1624,1665,0,0,1050,1050,0,0,0,0
903723240,1554,1585,1535,1649,1621,1665,0,0,1050,1050,0,0,0,0
903823308,1555,1593,1539,1646,1611,1659,0,0,1050,1050,0,0,0,0
903923339,1553,1605,1554,1648,1599,1647,0,0,1050,1050,0,0,0,0
904023262,1550,1600,1549,1652,1607,1653,0,0,1050,1050,0,0,0,0
904123511,1548,1598,1547,1655,1609,1656,0,0,1050,1050,0,0,0,0
904224026,1550,1595,1539,1652,1610,1661,0,0,1050,1050,0,0,0,0
904323550,1548,1596,1541,1653,1610,1659,0,0,1050,1050,0,0,0,0
904423547,1550,1600,1545,1649,1603,1653,0,0,1050,1050,0,0,0,0
904523529,1544,1595,1546,1652,1605,1650,0,0,1050,1050,0,0,0,0
904623590,1549,1592,1535,1646,1607,1657,0,0,1050,1050,0,0,0,0
904723574,1543,1594,1540,1651,1604,1653,0,0,1050,1050,0,0,0,0
904823527,1549,1600,1536,1646,1599,1658,0,0,1050,1050,0,0,0,0
904923312,1547,1597,1531,1648,1602,1661,0,0,1050,1050,0,0,0,0
905023283,1543,1595,1527,1646,1599,1660,0,0,1050,1050,0,0,0,0
905123301,1538,1596,1536,1652,1599,1654,0,0,1050,1050,0,0,0,0
905223300,1542,1588,1537,1647,1605,1651,0,0,1050,1050,0,0,0,0
905323197,1552,1589,1544,1635,1600,1641,0,0,1050,1050,0,0,0,0
905423178,1562,1583,1546,1628,1609,1643,0,0,1050,1050,0,0,0,0
905523217,1566,1568,1541,1624,1623,1647,0,0,1050,1050,0,0,0,0
905623463,1571,1562,1541,1621,1629,1647,0,0,1050,1050,0,0,0,0
905723264,1572,1565,1551,1620,1626,1639,0,0,1050,1050,0,0,0,0
905823326,1566,1569,1560,1627,1624,1632,0,0,1050,1050,0,0,0,0
905923249,1564,1564,1549,1627,1628,1641,0,0,1050,1050,0,0,0,0
906023277,1563,1571,1552,1629,1622,1639,0,0,1050,1050,0,0,0,0
906123205,1555,1576,1549,1639,1620,1645,0,0,1050,1050,0,0,0,0
906223240,1549,1581,1540,1647,1618,1654,0,0,1050,1050,0,0,0,0
906323285,1552,1590,1533,1649,1614,1665,0,0,1050,1050,0,0,0,0
906423193,1554,1591,1524,1651,1618,1676,0,0,1050,1050,0,0,0,0
906523274,1557,1594,1528,1652,1618,1676,0,0,1050,1050,0,0,0,0
906623386,1556,1595,1541,1652,1616,1664,0,0,1050,1050,0,0,0,0
906723330,1552,1588,1548,1651,1618,1654,0,0,1050,1050,0,0,0,0
906823279,1559,1590,1552,1645,1616,1651,0,0,1050,1050,0,0,0,0
906923236,1567,1591,1552,1640,1618,1654,0,0,1050,1050,0,0,0,0
907023331,1566,1581,1545,1638,1624,1656,0,0,1050,1050,0,0,0,0
907123337,1563,1579,1546,1639,1625,1654,0,0,1050,1050,0,0,0,0
907223256,1559,1580,1543,1640,1621,1654,0,0,1050,1050,0,0,0,0
907323248,1549,1582,1541,1646,1616,1653,0,0,1050,1050,0,0,0,0
907423274,1552,1599,1538,1643,1600,1655,0,0,1050,1050,0,0,0,0
907523238,1540,1595,1529,1650,1600,1659,0,0,1050,1050,0,0,0,0
907623249,1532,1591,1532,1656,1603,1656,0,0,1050,1050,0,0,0,0
907723271,1543,1595,1537,1650,1603,1655,0,0,1050,1050,0,0,0,0
907823241,1550,1584,1534,1644,1613,1657,0,0,1050,1050,0,0,0,0
907923238,1550,1571,1545,1647,1629,1651,0,0,1050,1050,0,0,0,0
908023236,1563,1571,1561,1643,1636,1644,0,0,1050,1050,0,0,0,0
908123423,1574,1575,1567,1637,1636,1643,0,0,1050,1050,0,0,0,0
908223233,1579,1577,1580,1639,1641,1638,0,0,1050,1050,0,0,0,0
908323276,1576,1575,1584,1642,1643,1635,0,0,1050,1050,0,0,0,0
908423248,1573,1575,1580,1645,1643,1639,0,0,1050,1050,0,0,0,0
908523314,1570,1577,1571,1650,1644,1649,0,0,1050,1050,0,0,0,0
908623298,1566,1582,1566,1654,1640,1655,0,0,1050,1050,0,0,0,0
908723312,1566,1585,1557,1654,1637,1661,0,0,1050,1050,0,0,0,0
908823250,1565,1589,1552,1651,1630,1663,0,0,1050,1050,0,0,0,0
908923273,1568,1595,1551,1647,1622,1662,0,0,1050,1050,0,0,0,0
909023186,1559,1590,1553,1652,1624,1657,0,0,1050,1050,0,0,0,0
909123348,1555,1582,1551,1652,1629,1656,0,0,1050,1050,0,0,0,0
909223292,1559,1582,1546,1648,1627,1659,0,0,1050,1050,0,0,0,0
909323284,1560,1585,1548,1646,1623,1656,0,0,1050,1050,0,0,0,0
909423244,1561,1583,1546,1643,1623,1656,0,0,1050,1050,0,0,0,0
909523280,1559,1578,1539,1640,1623,1658,0,0,1050,1050,0,0,0,0
909623305,1559,1579,1534,1642,1623,1663,0,0,1050,1050,0,0,0,0
909723263,1559,1581,1527,1644,1623,1670,0,0,1050,1050,0,0,0,0
909823267,1559,1587,1530,1644,1618,1668,0,0,1050,1050,0,0,0,0
909923242,1560,1595,1537,1641,1608,1661,0,0,1050,1050,0,0,0,0
910023212,1564,1598,1536,1640,1608,1664,0,0,1050,1050,0,0,0,0
910123344,1554,1580,1530,1644,1621,1664,0,0,1050,1050,0,0,0,0
910223294,1556,1573,1525,1645,1629,1670,0,0,1050,1050,0,0,0,0
910323259,1567,1585,1539,1640,1624,1665,0,0,1050,1050,0,0,0,0
910423264,1571,1584,1540,1639,1627,1666,0,0,1050,1050,0,0,0,0
910523264,1570,1580,1543,1642,1633,1665,0,0,1050,1050,0,0,0,0
910624128,1582,1580,1539,1633,1634,1670,0,0,1050,1050,0,0,0,0
910723561,1581,1581,1538,1633,1632,1670,0,0,1050,1050,0,0,0,0
910823950,1580,1586,1535,1628,1623,1668,0,0,1050,1050,0,0,0,0
910923509,1569,1583,1547,1637,1624,1656,0,0,1050,1050,0,0,0,0
911024027,1565,1580,1559,1643,1629,1648,0,0,1050,1050,0,0,0,0
911123697,1569,1582,1564,1642,1630,1647,0,0,1050,1050,0,0,0,0
911224101,1572,1583,1558,1638,1628,1650,0,0,1050,1050,0,0,0,0
911323514,1580,1581,1544,1629,1628,1660,0,0,1050,1050,0,0,0,0
911423481,1572,1586,1552,1636,1623,1654,0,0,1050,1050,0,0,0,0
911523456,1570,1592,1553,1637,1617,1652,0,0,1050,1050,0,0,0,0
911623647,1569,1594,1551,1637,1614,1654,0,0,1050,1050,0,0,0,0
911723516,1563,1583,1546,1643,1625,1658,0,0,1050,1050,0,0,0,0
911824005,1565,1575,1538,1640,1631,1663,0,0,1050,1050,0,0,0,0
911923508,1568,1576,1547,1637,1630,1656,0,0,1050,1050,0,0,0,0
912024024,1579,1586,1563,1632,1624,1645,0,0,1050,1050,0,0,0,0
912123562,1581,1577,1575,1633,1636,1638,0,0,1050,1050,0,0,0,0
912223245,1579,1564,1580,1634,1648,1633,0,0,1050,1050,0,0,0,0
912323293,1578,1558,1580,1636,1654,1634,0,0,1050,1050,0,0,0,0
912423238,1580,1550,1571,1635,1662,1644,0,0,1050,1050,0,0,0,0
912523186,1580,1560,1577,1637,1655,1639,0,0,1050,1050,0,0,0,0
912623406,1576,1566,1571,1638,1647,1642,0,0,1050,1050,0,0,0,0
912723213,1564,1573,1574,1645,1637,1636,0,0,1050,1050,0,0,0,0
912823287,1550,1569,1576,1656,1639,1633,0,0,1050,1050,0,0,0,0
912923263,1553,1572,1569,1656,1639,1642,0,0,1050,1050,0,0,0,0
913023267,1550,1576,1557,1656,1633,1649,0,0,1050,1050,0,0,0,0
913123355,1545,1576,1546,1658,1631,1657,0,0,1050,1050,0,0,0,0
913223263,1549,1579,1546,1655,1628,1657,0,0,1050,1050,0,0,0,0
913323286,1561,1591,1557,1649,1621,1652,0,0,1050,1050,0,0,0,0
913423211,1568,1584,1545,1641,1626,1661,0,0,1050,1050,0,0,0,0
913523236,1568,1578,1542,1638,1630,1661,0,0,1050,1050,0,0,0,0
913623244,1568,1573,1542,1637,1632,1660,0,0,1050,1050,0,0,0,0
913723268,1568,1571,1554,1635,1632,1647,0,0,1050,1050,0,0,0,0
913823284,1574,1568,1566,1628,1634,1636,0,0,1050,1050,0,0,0,0
913923321,1574,1563,1583,1627,1637,1619,0,0,1050,1050,0,0,0,0
914023258,1572,1555,1588,1628,1643,1613,0,0,1050,1050,0,0,0,0
914123231,1574,1547,1578,1627,1651,1623,0,0,1050,1050,0,0,0,0
914223263,1571,1545,1566,1631,1653,1635,0,0,1050,1050,0,0,0,0
914323224,1563,1556,1565,1636,1642,1634,0,0,1050,1050,0,0,0,0
914423267,1559,1562,1567,1641,1638,1634,0,0,1050,1050,0,0,0,0
914523197,1557,1568,1562,1643,1634,1639,0,0,1050,1050,0,0,0,0
914623296,1556,1568,1554,1643,1633,1645,0,0,1050,1050,0,0,0,0
914723318,1548,1564,1551,1650,1637,1648,0,0,1050,1050,0,0,0,0
914823329,1546,1558,1548,1654,1643,1653,0,0,1050,1050,0,0,0,0
914923245,1545,1560,1550,1657,1644,1653,0,0,1050,1050,0,0,0,0
915023255,1550,1570,1542,1651,1633,1658,0,0,1050,1050,0,0,0,0
915123467,1559,1587,1537,1645,1620,1664,0,0,1050,1050,0,0,0,0
915223276,1556,1590,1536,1650,1618,1667,0,0,1050,1050,0,0,0,0
915323170,1554,1598,1542,1656,1616,1667,0,0,1050,1050,0,0,0,0
915423187,1556,1594,1533,1653,1618,1672,0,0,1050,1050,0,0,0,0
915523244,1553,1598,1541,1654,1614,1665,0,0,1050,1050,0,0,0,0
915623382,1560,1607,1546,1653,1609,1664,0,0,1050,1050,0,0,0,0
915723350,1550,1591,1537,1657,1619,1668,0,0,1050,1050,0,0,0,0
915823222,1549,1586,1532,1653,1621,1668,0,0,1050,1050,0,0,0,0
915923221,1544,1586,1542,1658,1621,1660,0,0,1050,1050,0,0,0,0
916023231,1549,1591,1549,1656,1618,1656,0,0,1050,1050,0,0,0,0
916123168,1554,1594,1554,1650,1614,1651,0,0,1050,1050,0,0,0,0
916223246,1557,1596,1554,1646,1610,1648,0,0,1050,1050,0,0,0,0
916323273,1551,1584,1549,1646,1617,1648,0,0,1050,1050,0,0,0,0
916423281,1550,1579,1550,1644,1618,1644,0,0,1050,1050,0,0,0,0
916523352,1560,1579,1544,1635,1618,1649,0,0,1050,1050,0,0,0,0
916623456,1552,1574,1551,1640,1621,1641,0,0,1050,1050,0,0,0,0
916723251,1543,1566,1551,1644,1624,1638,0,0,1050,1050,0,0,0,0
916823263,1539,1567,1548,1647,1622,1639,0,0,1050,1050,0,0,0,0
916923285,1530,1570,1542,1652,1617,1643,0,0,1050,1050,0,0,0,0
917023229,1527,1573,1532,1657,1617,1653,0,0,1050,1050,0,0,0,0
917123325,1527,1579,1525,1660,1614,1661,0,0,1050,1050,0,0,0,0
917223262,1533,1592,1523,1656,1604,1664,0,0,1050,1050,0,0,0,0
917323269,1529,1591,1521,1658,1602,1665,0,0,1050,1050,0,0,0,0
917423286,1517,1589,1532,1667,1603,1655,0,0,1050,1050,0,0,0,0
917523288,1530,1587,1518,1657,1606,1666,0,0,1050,1050,0,0,0,0
917623286,1533,1591,1517,1652,1600,1665,0,0,1050,1050,0,0,0,0
917723273,1540,1598,1521,1650,1596,1665,0,0,1050,1050,0,0,0,0
917823255,1532,1590,1525,1657,1604,1663,0,0,1050,1050,0,0,0,0
917923192,1539,1600,1534,1651,1595,1655,0,0,1050,1050,0,0,0,0
918023165,1539,1589,1533,1653,1608,1658,0,0,1050,1050,0,0,0,0
918123284,1535,1587,1547,1656,1609,1646,0,0,1050,1050,0,0,0,0
918223316,1545,1591,1550,1649,1607,1644,0,0,1050,1050,0,0,0,0
918323313,1549,1592,1551,1645,1606,1643,0,0,1050,1050,0,0,0,0
918423275,1545,1585,1548,1646,1610,1643,0,0,1050,1050,0,0,0,0
918523264,1547,1584,1548,1643,1609,1643,0,0,1050,1050,0,0,0,0
918623316,1554,1581,1538,1637,1613,1651,0,0,1050,1050,0,0,0,0
918723362,1553,1578,1540,1638,1615,1649,0,0,1050,1050,0,0,0,0
918823272,1553,1580,1546,1637,1613,1644,0,0,1050,1050,0,0,0,0
918923208,1556,1585,1553,1637,1609,1639,0,0,1050,1050,0,0,0,0
919023220,1554,1586,1555,1638,1608,1637,0,0,1050,1050,0,0,0,0
919123421,1553,1591,1560,1641,1605,1635,0,0,1050,1050,0,0,0,0
919223312,1549,1587,1555,1646,1612,1642,0,0,1050,1050,0,0,0,0
919323278,1544,1583,1551,1651,1616,1645,0,0,1050,1050,0,0,0,0
919423242,1543,1584,1551,1655,1619,1648,0,0,1050,1050,0,0,0,0
919523261,1535,1579,1551,1661,1622,1647,0,0,1050,1050,0,0,0,0
919623515,1525,1573,1544,1664,1623,1648,0,0,1050,1050,0,0,0,0
919723255,1533,1568,1525,1655,1625,1662,0,0,1050,1050,0,0,0,0
919823245,1532,1584,1534,1661,1615,1659,0,0,1050,1050,0,0,0,0
919923205,1541,1592,1530,1657,1612,1667,0,0,1050,1050,0,0,0,0
920023554,1544,1596,1535,1658,1611,1666,0,0,1050,1050,0,0,0,0
920123503,1547,1596,1545,1663,1619,1665,0,0,1050,1050,0,0,0,0
920224025,1550,1593,1553,1666,1627,1663,0,0,1050,1050,0,0,0,0
920323459,1560,1601,1563,1662,1625,1660,0,0,1050,1050,0,0,0,0
920423482,1569,1595,1557,1656,1632,1667,0,0,1050,1050,0,0,0,0
920523519,1571,1585,1549,1651,1637,1670,0,0,1050,1050,0,0,0,0
920623561,1574,1585,1544,1644,1633,1670,0,0,1050,1050,0,0,0,0
920723542,1568,1589,1555,1648,1629,1659,0,0,1050,1050,0,0,0,0
920823439,1563,1579,1552,1652,1638,1662,0,0,1050,1050,0,0,0,0
920923545,1561,1574,1551,1654,1642,1662,0,0,1050,1050,0,0,0,0
921023474,1558,1575,1556,1655,1640,1656,0,0,1050,1050,0,0,0,0
921123584,1561,1581,1558,1650,1632,1653,0,0,1050,1050,0,0,0,0
921223957,1563,1587,1563,1647,1625,1647,0,0,1050,1050,0,0,0,0
921323507,1563,1594,1569,1651,1623,1646,0,0,1050,1050,0,0,0,0
921423525,1565,1592,1562,1652,1629,1655,0,0,1050,1050,0,0,0,0
921523505,1564,1590,1560,1650,1627,1654,0,0,1050,1050,0,0,0,0
921623634,1564,1593,1561,1649,1623,1652,0,0,1050,1050,0,0,0,0
921723584,1561,1590,1562,1652,1625,1650,0,0,1050,1050,0,0,0,0
921823494,1568,1581,1548,1645,1632,1661,0,0,1050,1050,0,0,0,0
921923505,1569,1578,1548,1642,1634,1660,0,0,1050,1050,0,0,0,0
922023535,1572,1578,1550,1640,1635,1659,0,0,1050,1050,0,0,0,0
922123501,1574,1578,1549,1638,1635,1660,0,0,1050,1050,0,0,0,0
922223942,1570,1578,1551,1639,1631,1655,0,0,1050,1050,0,0,0,0
922323516,1564,1572,1549,1644,1638,1657,0,0,1050,1050,0,0,0,0
922423485,1565,1576,1547,1644,1634,1660,0,0,1050,1050,0,0,0,0
922523510,1567,1578,1538,1643,1633,1668,0,0,1050,1050,0,0,0,0
922623537,1569,1582,1531,1639,1627,1671,0,0,1050,1050,0,0,0,0
922723575,1573,1589,1533,1638,1623,1673,0,0,1050,1050,0,0,0,0
922823512,1562,1588,1543,1650,1626,1665,0,0,1050,1050,0,0,0,0
922923555,1557,1583,1544,1652,1629,1663,0,0,1050,1050,0,0,0,0
923023521,1561,1590,1555,1651,1624,1656,0,0,1050,1050,0,0,0,0
923123537,1562,1588,1558,1649,1625,1652,0,0,1050,1050,0,0,0,0
923223535,1565,1588,1561,1646,1625,1649,0,0,1050,1050,0,0,0,0
923323516,1567,1582,1559,1646,1633,1654,0,0,1050,1050,0,0,0,0
923423532,1565,1578,1559,1648,1636,1653,0,0,1050,1050,0,0,0,0
923523534,1564,1580,1558,1647,1633,1652,0,0,1050,1050,0,0,0,0
923623525,1564,1585,1559,1646,1627,1651,0,0,1050,1050,0,0,0,0
923723553,1564,1586,1555,1645,1626,1653,0,0,1050,1050,0,0,0,0
923823574,1558,1581,1553,1649,1628,1653,0,0,1050,1050,0,0,0,0
923923498,1563,1573,1537,1644,1635,1666,0,0,1050,1050,0,0,0,0
924023529,1563,1569,1534,1643,1637,1667,0,0,1050,1050,0,0,0,0
924123512,1558,1573,1543,1644,1631,1657,0,0,1050,1050,0,0,0,0
924224013,1564,1586,1544,1639,1619,1656,0,0,1050,1050,0,0,0,0
924323496,1569,1598,1545,1632,1605,1654,0,0,1050,1050,0,0,0,0
924423474,1560,1593,1546,1640,1609,1652,0,0,1050,1050,0,0,0,0
924523526,1559,1589,1541,1643,1615,1658,0,0,1050,1050,0,0,0,0
924623641,1560,1591,1537,1644,1616,1664,0,0,1050,1050,0,0,0,0
924723496,1557,1598,1543,1649,1611,1661,0,0,1050,1050,0,0,0,0
924823528,1554,1597,1538,1651,1612,1665,0,0,1050,1050,0,0,0,0
924923524,1569,1599,1523,1641,1612,1679,0,0,1050,1050,0,0,0,0
925023490,1564,1597,1523,1646,1615,1680,0,0,1050,1050,0,0,0,0
925123659,1560,1596,1522,1647,1614,1678,0,0,1050,1050,0,0,0,0
925223979,1567,1602,1521,1638,1605,1677,0,0,1050,1050,0,0,0,0
925323530,1568,1593,1514,1635,1612,1680,0,0,1050,1050,0,0,0,0
925423481,1559,1580,1521,1645,1626,1677,0,0,1050,1050,0,0,0,0
925523496,1562,1589,1533,1643,1618,1668,0,0,1050,1050,0,0,0,0
925623604,1566,1592,1532,1641,1616,1670,0,0,1050,1050,0,0,0,0
925723513,1564,1590,1526,1640,1616,1672,0,0,1050,1050,0,0,0,0
925823467,1553,1590,1533,1649,1616,1665,0,0,1050,1050,0,0,0,0
925923533,1548,1585,1532,1652,1620,1666,0,0,1050,1050,0,0,0,0
926023953,1544,1593,1548,1654,1610,1651,0,0,1050,1050,0,0,0,0
926123646,1543,1588,1549,1654,1614,1649,0,0,1050,1050,0,0,0,0
926223998,1544,1582,1549,1654,1620,1650,0,0,1050,1050,0,0,0,0
926323515,1540,1575,1547,1658,1627,1652,0,0,1050,1050,0,0,0,0
926423478,1544,1582,1554,1657,1623,1649,0,0,1050,1050,0,0,0,0
926523545,1546,1586,1551,1655,1620,1651,0,0,1050,1050,0,0,0,0
926623576,1548,1593,1549,1654,1613,1653,0,0,1050,1050,0,0,0,0
926723492,1546,1589,1541,1655,1616,1659,0,0,1050,1050,0,0,0,0
926823486,1560,1593,1530,1645,1615,1671,0,0,1050,1050,0,0,0,0
926923432,1558,1586,1522,1648,1622,1678,0,0,1050,1050,0,0,0,0
927023524,1549,1594,1536,1655,1615,1666,0,0,1050,1050,0,0,0,0
927123642,1548,1592,1530,1655,1615,1669,0,0,1050,1050,0,0,0,0
927224031,1552,1597,1535,1651,1610,1666,0,0,1050,1050,0,0,0,0
927323484,1541,1588,1536,1653,1611,1658,0,0,1050,1050,0,0,0,0
927423547,1544,1589,1545,1654,1614,1653,0,0,1050,1050,0,0,0,0
927523502,1550,1590,1553,1648,1612,1646,0,0,1050,1050,0,0,0,0
927623564,1563,1583,1547,1634,1616,1649,0,0,1050,1050,0,0,0,0
927723559,1566,1578,1553,1634,1623,1646,0,0,1050,1050,0,0,0,0
927823494,1553,1562,1556,1644,1636,1641,0,0,1050,1050,0,0,0,0
927923524,1547,1555,1557,1652,1646,1643,0,0,1050,1050,0,0,0,0
928023442,1547,1557,1559,1656,1647,1646,0,0,1050,1050,0,0,0,0
928123622,1546,1565,1566,1658,1642,1641,0,0,1050,1050,0,0,0,0
928224070,1545,1566,1563,1661,1642,1645,0,0,1050,1050,0,0,0,0
928323583,1539,1561,1554,1663,1644,1650,0,0,1050,1050,0,0,0,0
928423427,1539,1569,1544,1664,1637,1659,0,0,1050,1050,0,0,0,0
928523484,1533,1572,1536,1667,1634,1665,0,0,1050,1050,0,0,0,0
928624104,1531,1584,1541,1669,1623,1661,0,0,1050,1050,0,0,0,0
928723474,1531,1593,1542,1672,1617,1663,0,0,1050,1050,0,0,0,0
928823903,1531,1588,1533,1673,1623,1671,0,0,1050,1050,0,0,0,0
928923504,1541,1582,1524,1666,1630,1680,0,0,1050,1050,0,0,0,0
929023983,1541,1585,1538,1666,1627,1668,0,0,1050,1050,0,0,0,0
929123682,1549,1587,1540,1661,1627,1668,0,0,1050,1050,0,0,0,0
929224094,1559,1585,1541,1651,1628,1667,0,0,1050,1050,0,0,0,0
929323500,1562,1577,1548,1651,1636,1662,0,0,1050,1050,0,0,0,0
929423387,1564,1572,1557,1652,1645,1658,0,0,1050,1050,0,0,0,0
929523444,1557,1557,1561,1658,1658,1655,0,0,1050,1050,0,0,0,0
929624080,1550,1549,1558,1658,1659,1652,0,0,1050,1050,0,0,0,0
929723557,1541,1562,1560,1660,1642,1643,0,0,1050,1050,0,0,0,0
929823950,1540,1568,1544,1656,1631,1653,0,0,1050,1050,0,0,0,0
929923508,1529,1558,1528,1660,1635,1660,0,0,1050,1050,0,0,0,0
930024045,1536,1560,1517,1654,1633,1669,0,0,1050,1050,0,0,0,0
930123681,1535,1559,1515,1653,1632,1669,0,0,1050,1050,0,0,0,0
930223973,1533,1569,1528,1655,1625,1660,0,0,1050,1050,0,0,0,0
930323415,1531,1563,1528,1662,1634,1663,0,0,1050,1050,0,0,0,0
930423944,1543,1569,1538,1658,1635,1662,0,0,1050,1050,0,0,0,0
930523490,1561,1575,1544,1650,1638,1665,0,0,1050,1050,0,0,0,0
930623598,1567,1566,1546,1651,1652,1669,0,0,1050,1050,0,0,0,0
930723542,1570,1562,1548,1651,1658,1671,0,0,1050,1050,0,0,0,0
930823998,1572,1561,1549,1650,1661,1671,0,0,1050,1050,0,0,0,0
930923527,1564,1557,1554,1655,1661,1663,0,0,1050,1050,0,0,0,0
931023987,1561,1556,1556,1655,1660,1660,0,0,1050,1050,0,0,0,0
931123553,1557,1554,1558,1659,1662,1658,0,0,1050,1050,0,0,0,0
931224000,1567,1551,1546,1652,1665,1670,0,0,1050,1050,0,0,0,0
931323520,1568,1556,1547,1653,1664,1671,0,0,1050,1050,0,0,0,0
931423975,1562,1554,1545,1652,1659,1666,0,0,1050,1050,0,0,0,0
931523509,1554,1554,1551,1659,1659,1662,0,0,1050,1050,0,0,0,0
931624046,1551,1558,1554,1659,1654,1657,0,0,1050,1050,0,0,0,0
931723472,1551,1558,1554,1658,1652,1656,0,0,1050,1050,0,0,0,0
931823531,1556,1563,1551,1653,1647,1658,0,0,1050,1050,0,0,0,0
931923519,1557,1569,1547,1651,1641,1659,0,0,1050,1050,0,0,0,0
932023437,1558,1574,1545,1650,1636,1661,0,0,1050,1050,0,0,0,0
932123587,1558,1578,1543,1652,1634,1664,0,0,1050,1050,0,0,0,0
932223539,1560,1570,1527,1650,1641,1677,0,0,1050,1050,0,0,0,0
932323500,1561,1568,1520,1648,1641,1682,0,0,1050,1050,0,0,0,0
932423956,1556,1576,1530,1651,1634,1673,0,0,1050,1050,0,0,0,0
932523468,1559,1581,1532,1651,1632,1674,0,0,1050,1050,0,0,0,0
932623624,1561,1580,1531,1651,1634,1675,0,0,1050,1050,0,0,0,0
932723623,1556,1583,1545,1657,1633,1667,0,0,1050,1050,0,0,0,0
932824029,1554,1580,1539,1656,1633,1669,0,0,1050,1050,0,0,0,0
932923449,1552,1579,1534,1655,1631,1670,0,0,1050,1050,0,0,0,0
933023507,1554,1585,1530,1654,1626,1674,0,0,1050,1050,0,0,0,0
933123651,1558,1588,1526,1646,1619,1672,0,0,1050,1050,0,0,0,0
933223979,1560,1588,1532,1642,1616,1666,0,0,1050,1050,0,0,0,0
933323539,1565,1576,1519,1637,1627,1675,0,0,1050,1050,0,0,0,0
933423493,1559,1564,1530,1644,1640,1669,0,0,1050,1050,0,0,0,0
933523537,1560,1562,1539,1646,1644,1664,0,0,1050,1050,0,0,0,0
933623452,1568,1564,1543,1640,1643,1661,0,0,1050,1050,0,0,0,0
933723488,1570,1561,1544,1637,1645,1659,0,0,1050,1050,0,0,0,0
933823518,1567,1560,1552,1647,1653,1659,0,0,1050,1050,0,0,0,0
933923483,1576,1566,1552,1650,1659,1671,0,0,1050,1050,0,0,0,0
934023491,1578,1563,1542,1650,1662,1680,0,0,1050,1050,0,0,0,0
934123684,1571,1565,1540,1651,1657,1678,0,0,1050,1050,0,0,0,0
934223989,1567,1576,1547,1654,1647,1672,0,0,1050,1050,0,0,0,0
934323487,1572,1580,1546,1652,1645,1674,0,0,1050,1050,0,0,0,0
934423481,1569,1582,1552,1655,1643,1669,0,0,1050,1050,0,0,0,0
934523530,1569,1580,1551,1653,1644,1669,0,0,1050,1050,0,0,0,0
934623543,1572,1587,1556,1649,1635,1663,0,0,1050,1050,0,0,0,0
934723471,1567,1579,1553,1653,1643,1666,0,0,1050,1050,0,0,0,0
934823487,1573,1571,1540,1644,1645,1672,0,0,1050,1050,0,0,0,0
934923504,1568,1563,1537,1639,1644,1666,0,0,1050,1050,0,0,0,0
935023442,1564,1566,1541,1644,1642,1664,0,0,1050,1050,0,0,0,0
935123519,1561,1571,1541,1646,1637,1663,0,0,1050,1050,0,0,0,0
935223952,1561,1573,1537,1643,1632,1663,0,0,1050,1050,0,0,0,0
935323521,1564,1576,1538,1638,1628,1661,0,0,1050,1050,0,0,0,0
935423496,1563,1571,1536,1640,1633,1663,0,0,1050,1050,0,0,0,0
935523552,1564,1564,1531,1641,1641,1669,0,0,1050,1050,0,0,0,0
935623601,1559,1561,1535,1647,1646,1668,0,0,1050,1050,0,0,0,0
935723503,1563,1566,1538,1642,1639,1663,0,0,1050,1050,0,0,0,0
935823502,1559,1562,1534,1644,1641,1664,0,0,1050,1050,0,0,0,0
935923450,1565,1568,1534,1643,1640,1669,0,0,1050,1050,0,0,0,0
936023458,1558,1564,1534,1651,1646,1671,0,0,1050,1050,0,0,0,0
936123704,1559,1561,1530,1653,1652,1677,0,0,1050,1050,0,0,0,0
936223989,1553,1557,1537,1660,1656,1672,0,0,1050,1050,0,0,0,0
936323529,1558,1564,1541,1654,1649,1669,0,0,1050,1050,0,0,0,0
936423501,1558,1567,1548,1655,1647,1663,0,0,1050,1050,0,0,0,0
936523438,1562,1564,1544,1651,1649,1666,0,0,1050,1050,0,0,0,0
936623543,1569,1566,1543,1645,1648,1668,0,0,1050,1050,0,0,0,0
936723515,1572,1567,1544,1644,1648,1668,0,0,1050,1050,0,0,0,0
936823513,1571,1565,1541,1642,1647,1667,0,0,1050,1050,0,0,0,0
936923522,1574,1566,1538,1636,1643,1667,0,0,1050,1050,0,0,0,0
937023533,1575,1568,1542,1637,1644,1666,0,0,1050,1050,0,0,0,0
937123716,1576,1575,1550,1638,1639,1660,0,0,1050,1050,0,0,0,0
937224059,1567,1579,1557,1644,1633,1653,0,0,1050,1050,0,0,0,0
937323501,1569,1584,1555,1644,1631,1657,0,0,1050,1050,0,0,0,0
937423436,1574,1587,1553,1645,1633,1663,0,0,1050,1050,0,0,0,0
937523507,1571,1574,1543,1647,1644,1671,0,0,1050,1050,0,0,0,0
937623665,1553,1558,1541,1656,1652,1667,0,0,1050,1050,0,0,0,0
937723547,1546,1558,1537,1661,1651,1668,0,0,1050,1050,0,0,0,0
937823460,1554,1578,1541,1659,1638,1670,0,0,1050,1050,0,0,0,0
937923464,1538,1576,1550,1671,1637,1660,0,0,1050,1050,0,0,0,0
938023480,1553,1581,1539,1659,1635,1671,0,0,1050,1050,0,0,0,0
938123559,1552,1576,1531,1653,1632,1670,0,0,1050,1050,0,0,0,0
938224041,1550,1573,1525,1642,1622,1663,0,0,1050,1050,0,0,0,0
938323518,1531,1555,1521,1639,1618,1647,0,0,1050,1050,0,0,0,0
938423501,1527,1554,1523,1637,1614,1641,0,0,1050,1050,0,0,0,0
938523525,1536,1564,1518,1635,1610,1650,0,0,1050,1050,0,0,0,0
938623544,1546,1560,1496,1630,1618,1671,0,0,1050,1050,0,0,0,0
938723558,1549,1561,1486,1629,1619,1680,0,0,1050,1050,0,0,0,0
938823482,1554,1576,1499,1632,1613,1677,0,0,1050,1050,0,0,0,0
938923494,1571,1595,1509,1624,1602,1677,0,0,1050,1050,0,0,0,0
939023498,1573,1589,1514,1630,1615,1679,0,0,1050,1050,0,0,0,0
939123631,1558,1563,1520,1649,1645,1680,0,0,1050,1050,0,0,0,0
939223479,1581,1570,1522,1634,1644,1685,0,0,1050,1050,0,0,0,0
939323444,1585,1566,1531,1637,1654,1683,0,0,1050,1050,0,0,0,0
939423528,1589,1569,1536,1632,1651,1678,0,0,1050,1050,0,0,0,0
939523484,1589,1581,1545,1633,1641,1673,0,0,1050,1050,0,0,0,0
939623611,1583,1573,1538,1639,1648,1677,0,0,1050,1050,0,0,0,0
939723555,1591,1574,1532,1633,1648,1684,0,0,1050,1050,0,0,0,0
939823505,1579,1567,1539,1642,1653,1676,0,0,1050,1050,0,0,0,0
939923461,1586,1571,1538,1634,1648,1677,0,0,1050,1050,0,0,0,0
940023518,1580,1570,1536,1635,1643,1672,0,0,1050,1050,0,0,0,0
940123559,1580,1569,1533,1633,1643,1674,0,0,1050,1050,0,0,0,0
940223509,1575,1566,1536,1638,1646,1672,0,0,1050,1050,0,0,0,0
940323520,1572,1567,1541,1641,1646,1668,0,0,1050,1050,0,0,0,0
940423512,1579,1572,1541,1635,1642,1669,0,0,1050,1050,0,0,0,0
940523480,1576,1560,1530,1637,1652,1676,0,0,1050,1050,0,0,0,0
940623449,1577,1562,1528,1637,1651,1679,0,0,1050,1050,0,0,0,0
940723275,1575,1573,1544,1642,1643,1668,0,0,1050,1050,0,0,0,0
940823308,1579,1575,1544,1642,1645,1672,0,0,1050,1050,0,0,0,0
940923276,1581,1573,1543,1642,1648,1674,0,0,1050,1050,0,0,0,0
941023284,1578,1560,1538,1640,1656,1674,0,0,1050,1050,0,0,0,0
941123341,1572,1553,1542,1642,1658,1668,0,0,1050,1050,0,0,0,0
941223293,1572,1548,1545,1637,1659,1661,0,0,1050,1050,0,0,0,0
941323268,1576,1554,1555,1633,1653,1652,0,0,1050,1050,0,0,0,0
941423160,1583,1552,1552,1629,1657,1657,0,0,1050,1050,0,0,0,0
941523233,1565,1551,1565,1645,1657,1645,0,0,1050,1050,0,0,0,0
941623401,1566,1553,1568,1642,1652,1640,0,0,1050,1050,0,0,0,0
941723339,1564,1544,1559,1642,1659,1646,0,0,1050,1050,0,0,0,0
941823281,1566,1549,1557,1639,1654,1647,0,0,1050,1050,0,0,0,0
941923274,1561,1547,1556,1642,1654,1646,0,0,1050,1050,0,0,0,0
942023267,1556,1541,1551,1642,1655,1646,0,0,1050,1050,0,0,0,0
942123270,1557,1542,1551,1642,1655,1647,0,0,1050,1050,0,0,0,0
942223255,1558,1553,1548,1639,1643,1647,0,0,1050,1050,0,0,0,0
942323218,1559,1559,1538,1636,1636,1654,0,0,1050,1050,0,0,0,0
942423235,1541,1565,1548,1655,1634,1649,0,0,1050,1050,0,0,0,0
942523276,1547,1579,1538,1652,1623,1659,0,0,1050,1050,0,0,0,0
942623301,1554,1582,1533,1655,1629,1672,0,0,1050,1050,0,0,0,0
942723321,1553,1573,1528,1658,1640,1679,0,0,1050,1050,0,0,0,0
942823229,1559,1573,1535,1656,1643,1675,0,0,1050,1050,0,0,0,0
942923259,1561,1567,1543,1653,1647,1667,0,0,1050,1050,0,0,0,0
943023286,1558,1557,1546,1650,1651,1660,0,0,1050,1050,0,0,0,0
943123450,1550,1553,1551,1649,1647,1649,0,0,1050,1050,0,0,0,0
943223199,1552,1557,1550,1652,1648,1654,0,0,1050,1050,0,0,0,0
943323229,1555,1564,1556,1657,1650,1657,0,0,1050,1050,0,0,0,0
943423258,1559,1569,1561,1665,1656,1663,0,0,1050,1050,0,0,0,0
943523227,1575,1566,1541,1647,1655,1676,0,0,1050,1050,0,0,0,0
943623280,1582,1561,1528,1632,1651,1678,0,0,1050,1050,0,0,0,0
943723283,1576,1564,1531,1629,1639,1667,0,0,1050,1050,0,0,0,0
943823325,1569,1559,1526,1633,1642,1670,0,0,1050,1050,0,0,0,0
943923301,1557,1563,1537,1646,1641,1664,0,0,1050,1050,0,0,0,0
944023228,1568,1578,1546,1651,1642,1670,0,0,1050,1050,0,0,0,0
944123423,1563,1576,1547,1656,1645,1669,0,0,1050,1050,0,0,0,0
944223259,1562,1575,1553,1657,1646,1666,0,0,1050,1050,0,0,0,0
944323268,1558,1561,1554,1660,1658,1663,0,0,1050,1050,0,0,0,0
944423337,1580,1570,1554,1644,1653,1667,0,0,1050,1050,0,0,0,0
944523277,1581,1567,1557,1644,1657,1665,0,0,1050,1050,0,0,0,0
944623334,1576,1561,1553,1644,1658,1665,0,0,1050,1050,0,0,0,0
944723264,1572,1565,1555,1648,1654,1663,0,0,1050,1050,0,0,0,0
944823306,1561,1561,1551,1656,1656,1664,0,0,1050,1050,0,0,0,0
944923185,1555,1569,1558,1658,1645,1655,0,0,1050,1050,0,0,0,0
945023203,1552,1571,1551,1658,1642,1660,0,0,1050,1050,0,0,0,0
945123370,1557,1572,1542,1655,1642,1667,0,0,1050,1050,0,0,0,0
945223302,1561,1574,1541,1653,1642,1670,0,0,1050,1050,0,0,0,0
945323253,1568,1577,1541,1650,1641,1672,0,0,1050,1050,0,0,0,0
945423340,1569,1573,1541,1650,1647,1674,0,0,1050,1050,0,0,0,0
945523281,1554,1559,1546,1660,1657,1668,0,0,1050,1050,0,0,0,0
945623420,1558,1568,1551,1654,1645,1660,0,0,1050,1050,0,0,0,0
945723259,1554,1566,1555,1659,1648,1658,0,0,1050,1050,0,0,0,0
945823193,1556,1576,1562,1659,1641,1653,0,0,1050,1050,0,0,0,0
945923230,1556,1574,1558,1659,1642,1657,0,0,1050,1050,0,0,0,0
946023233,1550,1561,1546,1656,1646,1659,0,0,1050,1050,0,0,0,0
946123382,1556,1564,1547,1650,1642,1657,0,0,1050,1050,0,0,0,0
946223334,1565,1568,1547,1648,1645,1663,0,0,1050,1050,0,0,0,0
946323321,1562,1567,1552,1650,1646,1659,0,0,1050,1050,0,0,0,0
946423272,1566,1564,1552,1650,1651,1661,0,0,1050,1050,0,0,0,0
946523283,1566,1566,1561,1652,1651,1656,0,0,1050,1050,0,0,0,0
946623345,1555,1562,1568,1660,1654,1649,0,0,1050,1050,0,0,0,0
946723268,1547,1554,1566,1663,1657,1647,0,0,1050,1050,0,0,0,0
946823231,1542,1559,1565,1664,1650,1644,0,0,1050,1050,0,0,0,0
946923207,1540,1566,1557,1661,1639,1646,0,0,1050,1050,0,0,0,0
947023252,1536,1566,1552,1661,1635,1648,0,0,1050,1050,0,0,0,0
947123342,1549,1577,1546,1657,1632,1660,0,0,1050,1050,0,0,0,0
947223347,1552,1583,1548,1656,1629,1660,0,0,1050,1050,0,0,0,0
947323283,1556,1574,1540,1654,1638,1667,0,0,1050,1050,0,0,0,0
947423278,1558,1570,1547,1658,1647,1667,0,0,1050,1050,0,0,0,0
947523244,1565,1576,1554,1655,1645,1664,0,0,1050,1050,0,0,0,0
947623266,1565,1577,1563,1658,1648,1660,0,0,1050,1050,0,0,0,0
947723227,1567,1564,1563,1651,1653,1655,0,0,1050,1050,0,0,0,0
947823165,1561,1542,1566,1650,1667,1646,0,0,1050,1050,0,0,0,0
947923280,1555,1539,1578,1651,1664,1630,0,0,1050,1050,0,0,0,0
948023263,1556,1547,1586,1649,1656,1621,0,0,1050,1050,0,0,0,0
948123411,1553,1536,1576,1649,1664,1629,0,0,1050,1050,0,0,0,0
948223287,1555,1540,1564,1642,1655,1634,0,0,1050,1050,0,0,0,0
948323217,1549,1542,1559,1644,1650,1635,0,0,1050,1050,0,0,0,0
948423280,1546,1563,1568,1648,1632,1629,0,0,1050,1050,0,0,0,0
948523223,1560,1575,1547,1640,1627,1652,0,0,1050,1050,0,0,0,0
948623325,1566,1578,1531,1636,1625,1666,0,0,1050,1050,0,0,0,0
948723267,1562,1581,1531,1638,1620,1664,0,0,1050,1050,0,0,0,0
948823257,1563,1580,1528,1641,1625,1670,0,0,1050,1050,0,0,0,0
948923279,1563,1580,1534,1643,1627,1668,0,0,1050,1050,0,0,0,0
949023313,1568,1572,1524,1640,1636,1677,0,0,1050,1050,0,0,0,0
949123307,1570,1566,1526,1645,1648,1682,0,0,1050,1050,0,0,0,0
949223262,1575,1569,1533,1643,1648,1679,0,0,1050,1050,0,0,0,0
949323265,1574,1563,1534,1643,1653,1677,0,0,1050,1050,0,0,0,0
949423230,1576,1564,1541,1644,1654,1673,0,0,1050,1050,0,0,0,0
949523173,1586,1569,1547,1633,1648,1667,0,0,1050,1050,0,0,0,0
949623433,1571,1557,1557,1643,1655,1655,0,0,1050,1050,0,0,0,0
949723328,1575,1559,1560,1641,1655,1654,0,0,1050,1050,0,0,0,0
949823331,1577,1567,1565,1645,1654,1656,0,0,1050,1050,0,0,0,0
949923326,1584,1575,1564,1644,1652,1662,0,0,1050,1050,0,0,0,0
950023276,1586,1566,1547,1645,1662,1678,0,0,1050,1050,0,0,0,0
950123313,1582,1567,1548,1645,1658,1675,0,0,1050,1050,0,0,0,0
950223267,1574,1568,1551,1647,1652,1667,0,0,1050,1050,0,0,0,0
950323261,1571,1566,1551,1644,1649,1661,0,0,1050,1050,0,0,0,0
950423200,1563,1559,1557,1645,1649,1651,0,0,1050,1050,0,0,0,0
950523245,1567,1560,1565,1642,1648,1643,0,0,1050,1050,0,0,0,0
950623364,1556,1549,1574,1650,1657,1634,0,0,1050,1050,0,0,0,0
950723287,1568,1548,1571,1638,1656,1636,0,0,1050,1050,0,0,0,0
950823304,1570,1542,1569,1640,1664,1641,0,0,1050,1050,0,0,0,0
950923270,1569,1559,1571,1645,1654,1644,0,0,1050,1050,0,0,0,0
951023289,1579,1573,1551,1637,1643,1662,0,0,1050,1050,0,0,0,0
951123294,1570,1569,1538,1646,1647,1673,0,0,1050,1050,0,0,0,0
951223293,1565,1579,1550,1652,1639,1664,0,0,1050,1050,0,0,0,0
951323166,1567,1588,1552,1654,1635,1667,0,0,1050,1050,0,0,0,0
951423242,1558,1581,1549,1662,1641,1669,0,0,1050,1050,0,0,0,0
951523512,1555,1576,1542,1659,1640,1670,0,0,1050,1050,0,0,0,0
951623547,1557,1573,1538,1655,1641,1671,0,0,1050,1050,0,0,0,0
951723519,1556,1570,1540,1657,1645,1670,0,0,1050,1050,0,0,0,0
951823521,1560,1567,1538,1650,1644,1669,0,0,1050,1050,0,0,0,0
951923449,1556,1569,1545,1648,1637,1658,0,0,1050,1050,0,0,0,0
952023533,1562,1568,1544,1645,1639,1661,0,0,1050,1050,0,0,0,0
952123537,1566,1569,1543,1646,1643,1665,0,0,1050,1050,0,0,0,0
952223550,1562,1575,1554,1652,1640,1659,0,0,1050,1050,0,0,0,0
952323531,1554,1571,1555,1657,1642,1656,0,0,1050,1050,0,0,0,0
952423549,1554,1574,1555,1657,1639,1656,0,0,1050,1050,0,0,0,0
952523517,1568,1583,1547,1650,1637,1668,0,0,1050,1050,0,0,0,0
952623549,1575,1573,1532,1648,1650,1684,0,0,1050,1050,0,0,0,0
952723503,1572,1571,1533,1651,1652,1684,0,0,1050,1050,0,0,0,0
952823516,1581,1576,1524,1638,1642,1686,0,0,1050,1050,0,0,0,0
952923528,1572,1568,1523,1640,1643,1681,0,0,1050,1050,0,0,0,0
953023526,1572,1570,1528,1640,1642,1678,0,0,1050,1050,0,0,0,0
953123410,1573,1576,1535,1643,1641,1676,0,0,1050,1050,0,0,0,0
953223268,1583,1579,1536,1637,1641,1678,0,0,1050,1050,0,0,0,0
953323280,1591,1582,1535,1630,1639,1679,0,0,1050,1050,0,0,0,0
953423286,1583,1567,1538,1638,1652,1677,0,0,1050,1050,0,0,0,0
953523359,1582,1561,1539,1640,1658,1676,0,0,1050,1050,0,0,0,0
953623349,1577,1560,1548,1646,1661,1671,0,0,1050,1050,0,0,0,0
953723237,1576,1556,1552,1646,1664,1666,0,0,1050,1050,0,0,0,0
953823338,1577,1558,1565,1643,1660,1654,0,0,1050,1050,0,0,0,0
953923274,1573,1554,1575,1647,1663,1645,0,0,1050,1050,0,0,0,0
954023309,1570,1546,1569,1641,1662,1642,0,0,1050,1050,0,0,0,0
954123391,1575,1551,1561,1637,1658,1649,0,0,1050,1050,0,0,0,0
954223303,1575,1557,1555,1641,1657,1659,0,0,1050,1050,0,0,0,0
954323325,1579,1561,1548,1639,1655,1666,0,0,1050,1050,0,0,0,0
954423290,1577,1558,1537,1641,1657,1675,0,0,1050,1050,0,0,0,0
954523264,1571,1554,1536,1645,1660,1675,0,0,1050,1050,0,0,0,0
954623223,1573,1560,1536,1641,1653,1674,0,0,1050,1050,0,0,0,0
954723245,1577,1563,1525,1638,1651,1683,0,0,1050,1050,0,0,0,0
954823229,1577,1572,1527,1636,1641,1679,0,0,1050,1050,0,0,0,0
954923211,1577,1577,1521,1634,1634,1681,0,0,1050,1050,0,0,0,0
955023192,1571,1587,1528,1638,1623,1674,0,0,1050,1050,0,0,0,0
955123283,1568,1592,1535,1643,1620,1671,0,0,1050,1050,0,0,0,0
955223279,1564,1580,1532,1650,1635,1676,0,0,1050,1050,0,0,0,0
955323323,1568,1572,1523,1647,1644,1684,0,0,1050,1050,0,0,0,0
955423249,1573,1574,1532,1644,1644,1680,0,0,1050,1050,0,0,0,0
955523242,1573,1572,1536,1643,1644,1675,0,0,1050,1050,0,0,0,0
955623251,1573,1563,1531,1644,1652,1679,0,0,1050,1050,0,0,0,0
955723326,1576,1569,1541,1644,1651,1674,0,0,1050,1050,0,0,0,0
955823211,1578,1573,1555,1645,1650,1666,0,0,1050,1050,0,0,0,0
955923226,1586,1573,1552,1637,1649,1667,0,0,1050,1050,0,0,0,0
956023302,1588,1572,1554,1632,1647,1663,0,0,1050,1050,0,0,0,0
956123512,1583,1568,1558,1637,1650,1659,0,0,1050,1050,0,0,0,0
956223335,1583,1576,1561,1639,1645,1658,0,0,1050,1050,0,0,0,0
956323284,1581,1573,1556,1638,1645,1660,0,0,1050,1050,0,0,0,0
956423286,1585,1565,1542,1633,1650,1671,0,0,1050,1050,0,0,0,0
956523276,1582,1572,1545,1636,1645,1668,0,0,1050,1050,0,0,0,0
956623395,1578,1572,1543,1640,1645,1670,0,0,1050,1050,0,0,0,0
956723221,1575,1578,1547,1642,1640,1667,0,0,1050,1050,0,0,0,0
956823240,1576,1575,1539,1636,1637,1668,0,0,1050,1050,0,0,0,0
956923274,1568,1573,1547,1642,1637,1660,0,0,1050,1050,0,0,0,0
957023241,1568,1572,1545,1648,1645,1667,0,0,1050,1050,0,0,0,0
957123401,1569,1569,1539,1647,1647,1673,0,0,1050,1050,0,0,0,0
957223254,1567,1569,1542,1647,1645,1668,0,0,1050,1050,0,0,0,0
957323280,1578,1571,1528,1633,1639,1676,0,0,1050,1050,0,0,0,0
957423278,1593,1582,1517,1613,1624,1679,0,0,1050,1050,0,0,0,0
957523234,1594,1594,1533,1613,1613,1667,0,0,1050,1050,0,0,0,0
957623206,1596,1580,1521,1611,1626,1677,0,0,1050,1050,0,0,0,0
957723249,1591,1574,1526,1617,1632,1673,0,0,1050,1050,0,0,0,0
957823290,1574,1574,1547,1639,1639,1662,0,0,1050,1050,0,0,0,0
957923294,1574,1573,1554,1637,1638,1654,0,0,1050,1050,0,0,0,0
958023289,1577,1558,1564,1633,1650,1645,0,0,1050,1050,0,0,0,0
958123377,1568,1523,1563,1633,1671,1636,0,0,1050,1050,0,0,0,0
958223302,1568,1517,1573,1623,1667,1619,0,0,1050,1050,0,0,0,0
958323239,1565,1527,1592,1630,1662,1604,0,0,1050,1050,0,0,0,0
958423454,1574,1538,1589,1624,1655,1610,0,0,1050,1050,0,0,0,0
958523605,1572,1534,1584,1626,1659,1615,0,0,1050,1050,0,0,0,0
958623253,1576,1538,1578,1622,1656,1620,0,0,1050,1050,0,0,0,0
958723294,1587,1545,1562,1613,1650,1636,0,0,1050,1050,0,0,0,0
958823238,1581,1546,1548,1620,1652,1650,0,0,1050,1050,0,0,0,0
958923278,1576,1559,1547,1623,1638,1648,0,0,1050,1050,0,0,0,0
959023292,1560,1563,1549,1638,1635,1647,0,0,1050,1050,0,0,0,0
959123297,1559,1570,1539,1642,1632,1658,0,0,1050,1050,0,0,0,0
959223287,1563,1569,1519,1637,1631,1674,0,0,1050,1050,0,0,0,0
959323191,1555,1560,1515,1645,1640,1678,0,0,1050,1050,0,0,0,0
959423202,1557,1558,1519,1640,1640,1672,0,0,1050,1050,0,0,0,0
959523333,1561,1553,1523,1632,1639,1664,0,0,1050,1050,0,0,0,0
959623292,1560,1557,1531,1630,1633,1655,0,0,1050,1050,0,0,0,0
959723304,1567,1561,1530,1632,1638,1664,0,0,1050,1050,0,0,0,0
959823300,1580,1568,1526,1629,1640,1675,0,0,1050,1050,0,0,0,0
959923210,1577,1572,1535,1637,1642,1673,0,0,1050,1050,0,0,0,0
960023267,1571,1567,1540,1645,1649,1671,0,0,1050,1050,0,0,0,0
960123391,1557,1565,1553,1655,1648,1658,0,0,1050,1050,0,0,0,0
960223264,1567,1582,1556,1647,1634,1656,0,0,1050,1050,0,0,0,0
960323235,1553,1574,1557,1660,1641,1657,0,0,1050,1050,0,0,0,0
960423235,1553,1583,1556,1656,1629,1653,0,0,1050,1050,0,0,0,0
960523288,1554,1591,1555,1661,1627,1660,0,0,1050,1050,0,0,0,0
960623469,1558,1587,1542,1659,1634,1674,0,0,1050,1050,0,0,0,0
960723358,1563,1592,1531,1655,1629,1682,0,0,1050,1050,0,0,0,0
960823314,1566,1589,1513,1652,1631,1695,0,0,1050,1050,0,0,0,0
960923243,1566,1596,1519,1650,1622,1689,0,0,1050,1050,0,0,0,0
961023309,1576,1597,1513,1633,1614,1686,0,0,1050,1050,0,0,0,0
961123266,1569,1589,1520,1637,1619,1679,0,0,1050,1050,0,0,0,0
961223251,1565,1583,1530,1645,1628,1674,0,0,1050,1050,0,0,0,0
961323256,1570,1573,1530,1644,1641,1678,0,0,1050,1050,0,0,0,0
961423303,1574,1568,1531,1640,1645,1676,0,0,1050,1050,0,0,0,0
961523223,1577,1566,1533,1637,1648,1675,0,0,1050,1050,0,0,0,0
961623461,1568,1555,1535,1644,1656,1672,0,0,1050,1050,0,0,0,0
961723312,1568,1560,1541,1644,1652,1667,0,0,1050,1050,0,0,0,0
961823236,1571,1563,1549,1641,1648,1661,0,0,1050,1050,0,0,0,0
961923284,1557,1555,1557,1651,1652,1651,0,0,1050,1050,0,0,0,0
962023229,1555,1552,1552,1649,1652,1652,0,0,1050,1050,0,0,0,0
962123341,1578,1566,1546,1631,1642,1660,0,0,1050,1050,0,0,0,0
962223272,1594,1568,1544,1625,1649,1670,0,0,1050,1050,0,0,0,0
962323296,1598,1565,1539,1628,1658,1679,0,0,1050,1050,0,0,0,0
962423287,1590,1567,1546,1636,1657,1674,0,0,1050,1050,0,0,0,0
962523316,1581,1569,1552,1644,1655,1669,0,0,1050,1050,0,0,0,0
962623359,1576,1569,1548,1647,1653,1671,0,0,1050,1050,0,0,0,0
962723295,1577,1564,1539,1646,1657,1679,0,0,1050,1050,0,0,0,0
962823292,1566,1568,1547,1655,1654,1671,0,0,1050,1050,0,0,0,0
962923195,1564,1571,1552,1654,1648,1664,0,0,1050,1050,0,0,0,0
963023233,1568,1572,1546,1644,1640,1663,0,0,1050,1050,0,0,0,0
963123324,1571,1571,1543,1643,1643,1667,0,0,1050,1050,0,0,0,0
963223305,1583,1579,1540,1632,1636,1670,0,0,1050,1050,0,0,0,0
963323282,1578,1575,1532,1629,1632,1669,0,0,1050,1050,0,0,0,0
963423260,1573,1583,1528,1628,1618,1666,0,0,1050,1050,0,0,0,0
963523277,1561,1588,1516,1627,1602,1665,0,0,1050,1050,0,0,0,0
963623303,1570,1594,1506,1620,1596,1674,0,0,1050,1050,0,0,0,0
963723283,1562,1579,1509,1635,1620,1679,0,0,1050,1050,0,0,0,0
963823204,1550,1578,1533,1648,1623,1663,0,0,1050,1050,0,0,0,0
963923231,1565,1573,1533,1637,1630,1664,0,0,1050,1050,0,0,0,0
964023236,1559,1552,1528,1636,1642,1662,0,0,1050,1050,0,0,0,0
964123427,1563,1549,1525,1632,1645,1665,0,0,1050,1050,0,0,0,0
964223256,1563,1557,1534,1642,1647,1667,0,0,1050,1050,0,0,0,0
964323245,1567,1559,1538,1649,1656,1673,0,0,1050,1050,0,0,0,0
964423286,1576,1563,1546,1646,1657,1671,0,0,1050,1050,0,0,0,0
964523445,1572,1556,1551,1649,1663,1667,0,0,1050,1050,0,0,0,0
964623535,1578,1565,1552,1642,1654,1666,0,0,1050,1050,0,0,0,0
964723536,1593,1585,1555,1630,1637,1664,0,0,1050,1050,0,0,0,0
964823537,1608,1581,1533,1616,1641,1682,0,0,1050,1050,0,0,0,0
964923542,1603,1584,1530,1617,1636,1682,0,0,1050,1050,0,0,0,0
965023515,1596,1592,1532,1618,1622,1674,0,0,1050,1050,0,0,0,0
965123643,1595,1586,1519,1611,1620,1678,0,0,1050,1050,0,0,0,0
965224043,1598,1581,1512,1601,1618,1677,0,0,1050,1050,0,0,0,0
965323485,1564,1563,1532,1623,1624,1651,0,0,1050,1050,0,0,0,0
965423514,1556,1556,1529,1624,1625,1647,0,0,1050,1050,0,0,0,0
965523508,1550,1554,1527,1623,1620,1643,0,0,1050,1050,0,0,0,0
965623675,1541,1559,1539,1639,1623,1640,0,0,1050,1050,0,0,0,0
965723545,1541,1563,1539,1652,1633,1653,0,0,1050,1050,0,0,0,0
965823537,1553,1566,1526,1642,1630,1664,0,0,1050,1050,0,0,0,0
965923503,1548,1563,1529,1646,1633,1662,0,0,1050,1050,0,0,0,0
966023542,1548,1568,1532,1650,1634,1664,0,0,1050,1050,0,0,0,0
966123722,1568,1576,1528,1638,1630,1672,0,0,1050,1050,0,0,0,0
966224028,1581,1572,1520,1621,1630,1673,0,0,1050,1050,0,0,0,0
966323539,1588,1567,1522,1614,1634,1672,0,0,1050,1050,0,0,0,0
966423494,1596,1573,1528,1612,1634,1673,0,0,1050,1050,0,0,0,0
966523504,1596,1582,1538,1621,1635,1673,0,0,1050,1050,0,0,0,0
966623523,1591,1573,1530,1626,1643,1679,0,0,1050,1050,0,0,0,0
966723560,1602,1577,1522,1612,1636,1683,0,0,1050,1050,0,0,0,0
966823549,1584,1580,1535,1626,1630,1669,0,0,1050,1050,0,0,0,0
966923521,1584,1569,1516,1627,1641,1685,0,0,1050,1050,0,0,0,0
967023556,1584,1583,1528,1629,1630,1678,0,0,1050,1050,0,0,0,0
967123580,1583,1585,1526,1625,1623,1674,0,0,1050,1050,0,0,0,0
967223964,1571,1566,1513,1629,1634,1678,0,0,1050,1050,0,0,0,0
967323530,1582,1574,1510,1619,1627,1680,0,0,1050,1050,0,0,0,0
967423562,1581,1587,1528,1625,1620,1671,0,0,1050,1050,0,0,0,0
967523513,1579,1583,1527,1627,1623,1672,0,0,1050,1050,0,0,0,0
967623646,1580,1573,1517,1626,1632,1680,0,0,1050,1050,0,0,0,0
967723542,1586,1574,1516,1627,1638,1686,0,0,1050,1050,0,0,0,0
967823465,1581,1572,1520,1631,1640,1683,0,0,1050,1050,0,0,0,0
967923543,1588,1587,1529,1623,1623,1674,0,0,1050,1050,0,0,0,0
968023497,1592,1579,1516,1619,1632,1685,0,0,1050,1050,0,0,0,0
968123473,1579,1581,1538,1636,1634,1671,0,0,1050,1050,0,0,0,0
968223976,1584,1583,1536,1635,1636,1677,0,0,1050,1050,0,0,0,0
968323507,1588,1576,1524,1626,1636,1681,0,0,1050,1050,0,0,0,0
968423503,1592,1572,1519,1620,1639,1683,0,0,1050,1050,0,0,0,0
968523456,1591,1580,1526,1617,1628,1674,0,0,1050,1050,0,0,0,0
968623620,1587,1579,1528,1620,1627,1671,0,0,1050,1050,0,0,0,0
968723526,1593,1576,1519,1614,1629,1678,0,0,1050,1050,0,0,0,0
968823555,1591,1580,1525,1615,1626,1673,0,0,1050,1050,0,0,0,0
968923484,1584,1575,1531,1624,1633,1671,0,0,1050,1050,0,0,0,0
969023593,1585,1567,1520,1620,1636,1676,0,0,1050,1050,0,0,0,0
969123454,1581,1572,1527,1621,1629,1667,0,0,1050,1050,0,0,0,0
969223985,1581,1562,1506,1612,1631,1677,0,0,1050,1050,0,0,0,0
969323540,1581,1571,1517,1615,1624,1670,0,0,1050,1050,0,0,0,0
969423510,1583,1573,1526,1618,1628,1668,0,0,1050,1050,0,0,0,0
969523534,1596,1573,1524,1613,1634,1676,0,0,1050,1050,0,0,0,0
969623695,1581,1568,1537,1627,1638,1665,0,0,1050,1050,0,0,0,0
969723575,1588,1578,1538,1623,1633,1668,0,0,1050,1050,0,0,0,0
969823473,1597,1575,1526,1620,1640,1682,0,0,1050,1050,0,0,0,0
969923473,1592,1574,1530,1625,1642,1679,0,0,1050,1050,0,0,0,0
970023592,1591,1588,1539,1628,1632,1674,0,0,1050,1050,0,0,0,0
970123691,1597,1583,1523,1624,1638,1689,0,0,1050,1050,0,0,0,0
970223964,1582,1581,1530,1639,1640,1683,0,0,1050,1050,0,0,0,0
970323498,1584,1591,1532,1634,1627,1678,0,0,1050,1050,0,0,0,0
970423509,1584,1581,1513,1628,1631,1689,0,0,1050,1050,0,0,0,0
970523525,1586,1579,1509,1627,1634,1692,0,0,1050,1050,0,0,0,0
970623559,1588,1586,1515,1622,1624,1685,0,0,1050,1050,0,0,0,0
970723538,1574,1579,1526,1629,1624,1670,0,0,1050,1050,0,0,0,0
970823510,1576,1568,1516,1628,1635,1678,0,0,1050,1050,0,0,0,0
970923584,1583,1568,1513,1622,1636,1681,0,0,1050,1050,0,0,0,0
971023439,1588,1576,1519,1616,1627,1676,0,0,1050,1050,0,0,0,0
971123707,1586,1579,1520,1617,1624,1675,0,0,1050,1050,0,0,0,0
971223538,1579,1568,1515,1624,1634,1678,0,0,1050,1050,0,0,0,0
971323549,1577,1576,1535,1629,1630,1666,0,0,1050,1050,0,0,0,0
971423527,1577,1567,1531,1632,1641,1672,0,0,1050,1050,0,0,0,0
971523517,1578,1559,1526,1633,1650,1677,0,0,1050,1050,0,0,0,0
971623621,1589,1563,1523,1624,1647,1681,0,0,1050,1050,0,0,0,0
971723526,1585,1569,1529,1625,1640,1674,0,0,1050,1050,0,0,0,0
971823516,1578,1574,1537,1635,1639,1670,0,0,1050,1050,0,0,0,0
971923523,1579,1579,1534,1638,1638,1676,0,0,1050,1050,0,0,0,0
972023557,1584,1575,1519,1630,1639,1686,0,0,1050,1050,0,0,0,0
972123687,1583,1577,1520,1632,1638,1685,0,0,1050,1050,0,0,0,0
972223558,1583,1589,1533,1633,1627,1675,0,0,1050,1050,0,0,0,0
972323547,1585,1581,1521,1629,1632,1683,0,0,1050,1050,0,0,0,0
972423515,1579,1571,1519,1634,1642,1685,0,0,1050,1050,0,0,0,0
972523453,1578,1574,1527,1634,1637,1678,0,0,1050,1050,0,0,0,0
972623485,1581,1583,1535,1632,1630,1672,0,0,1050,1050,0,0,0,0
972723526,1572,1574,1536,1643,1641,1673,0,0,1050,1050,0,0,0,0
972823591,1582,1583,1533,1634,1634,1677,0,0,1050,1050,0,0,0,0
972923530,1586,1578,1522,1630,1638,1685,0,0,1050,1050,0,0,0,0
973023437,1580,1572,1521,1635,1642,1685,0,0,1050,1050,0,0,0,0
973123629,1584,1580,1531,1634,1637,1679,0,0,1050,1050,0,0,0,0
973224025,1578,1574,1528,1638,1642,1681,0,0,1050,1050,0,0,0,0
973323512,1583,1569,1519,1633,1646,1688,0,0,1050,1050,0,0,0,0
973423942,1582,1575,1532,1636,1643,1679,0,0,1050,1050,0,0,0,0
973523530,1587,1579,1536,1631,1639,1676,0,0,1050,1050,0,0,0,0
973623572,1585,1580,1541,1633,1637,1671,0,0,1050,1050,0,0,0,0
973723514,1576,1571,1544,1639,1644,1668,0,0,1050,1050,0,0,0,0
973823396,1576,1577,1549,1640,1639,1664,0,0,1050,1050,0,0,0,0
973923442,1580,1574,1538,1634,1640,1671,0,0,1050,1050,0,0,0,0
974023505,1582,1566,1525,1631,1645,1680,0,0,1050,1050,0,0,0,0
974123610,1577,1561,1524,1635,1649,1680,0,0,1050,1050,0,0,0,0
974224146,1574,1572,1536,1636,1639,1670,0,0,1050,1050,0,0,0,0
974323455,1575,1570,1531,1636,1641,1674,0,0,1050,1050,0,0,0,0
974423405,1577,1565,1523,1632,1643,1678,0,0,1050,1050,0,0,0,0
974523453,1582,1568,1523,1629,1641,1679,0,0,1050,1050,0,0,0,0
974623604,1577,1570,1535,1632,1639,1669,0,0,1050,1050,0,0,0,0
974723526,1577,1571,1541,1630,1635,1662,0,0,1050,1050,0,0,0,0
974823485,1579,1571,1543,1629,1636,1660,0,0,1050,1050,0,0,0,0
974923490,1578,1567,1540,1631,1641,1664,0,0,1050,1050,0,0,0,0
975023421,1580,1568,1530,1630,1641,1673,0,0,1050,1050,0,0,0,0
975123469,1578,1571,1530,1637,1643,1678,0,0,1050,1050,0,0,0,0
975223964,1568,1571,1536,1646,1643,1672,0,0,1050,1050,0,0,0,0
975323538,1561,1563,1529,1648,1647,1675,0,0,1050,1050,0,0,0,0
975423488,1567,1573,1531,1644,1639,1675,0,0,1050,1050,0,0,0,0
975523505,1586,1578,1521,1631,1638,1686,0,0,1050,1050,0,0,0,0
975623461,1582,1573,1522,1638,1645,1688,0,0,1050,1050,0,0,0,0
975723393,1580,1573,1526,1639,1645,1684,0,0,1050,1050,0,0,0,0
975823518,1583,1582,1536,1635,1635,1676,0,0,1050,1050,0,0,0,0
975923486,1579,1584,1542,1638,1633,1670,0,0,1050,1050,0,0,0,0
976023546,1573,1578,1540,1641,1637,1670,0,0,1050,1050,0,0,0,0
976123532,1575,1580,1544,1640,1635,1667,0,0,1050,1050,0,0,0,0
976223963,1578,1575,1531,1637,1640,1677,0,0,1050,1050,0,0,0,0
976323534,1583,1569,1523,1630,1643,1681,0,0,1050,1050,0,0,0,0
976423490,1579,1572,1534,1635,1641,1674,0,0,1050,1050,0,0,0,0
976523472,1576,1575,1543,1636,1637,1664,0,0,1050,1050,0,0,0,0
976623756,1586,1571,1532,1627,1640,1674,0,0,1050,1050,0,0,0,0
976723546,1591,1571,1529,1624,1643,1679,0,0,1050,1050,0,0,0,0
976823447,1585,1573,1539,1631,1643,1672,0,0,1050,1050,0,0,0,0
976923485,1582,1580,1549,1634,1636,1663,0,0,1050,1050,0,0,0,0
977023463,1582,1583,1551,1633,1632,1660,0,0,1050,1050,0,0,0,0
977123514,1579,1573,1539,1634,1640,1669,0,0,1050,1050,0,0,0,0
977223975,1580,1573,1531,1633,1640,1675,0,0,1050,1050,0,0,0,0
977323505,1578,1568,1527,1635,1644,1678,0,0,1050,1050,0,0,0,0
977423473,1571,1575,1543,1641,1638,1666,0,0,1050,1050,0,0,0,0
977523440,1580,1579,1533,1633,1634,1673,0,0,1050,1050,0,0,0,0
977623682,1585,1577,1522,1627,1635,1681,0,0,1050,1050,0,0,0,0
977723541,1582,1577,1524,1632,1637,1682,0,0,1050,1050,0,0,0,0
977823523,1580,1583,1529,1633,1631,1676,0,0,1050,1050,0,0,0,0
977923463,1578,1585,1534,1636,1629,1674,0,0,1050,1050,0,0,0,0
978023452,1570,1578,1532,1643,1636,1675,0,0,1050,1050,0,0,0,0
978123465,1575,1586,1532,1640,1630,1676,0,0,1050,1050,0,0,0,0
978223982,1580,1586,1528,1636,1630,1681,0,0,1050,1050,0,0,0,0
978323488,1576,1579,1525,1638,1636,1682,0,0,1050,1050,0,0,0,0
978423526,1580,1581,1522,1635,1634,1684,0,0,1050,1050,0,0,0,0
978523493,1574,1586,1534,1641,1630,1675,0,0,1050,1050,0,0,0,0
978623509,1575,1582,1530,1639,1634,1678,0,0,1050,1050,0,0,0,0
978723503,1580,1582,1529,1635,1633,1678,0,0,1050,1050,0,0,0,0
978823497,1581,1578,1525,1632,1635,1680,0,0,1050,1050,0,0,0,0
978923514,1577,1570,1524,1634,1641,1679,0,0,1050,1050,0,0,0,0
979023487,1572,1570,1533,1637,1638,1670,0,0,1050,1050,0,0,0,0
979123522,1575,1580,1539,1635,1631,1666,0,0,1050,1050,0,0,0,0
979223508,1573,1582,1542,1636,1628,1663,0,0,1050,1050,0,0,0,0
979323479,1575,1580,1533,1633,1629,1669,0,0,1050,1050,0,0,0,0
979423494,1577,1582,1529,1631,1626,1672,0,0,1050,1050,0,0,0,0
979523538,1572,1590,1540,1635,1618,1663,0,0,1050,1050,0,0,0,0
979623684,1571,1583,1527,1635,1624,1673,0,0,1050,1050,0,0,0,0
979723523,1569,1580,1524,1640,1629,1678,0,0,1050,1050,0,0,0,0
979823461,1579,1586,1515,1632,1624,1685,0,0,1050,1050,0,0,0,0
979923470,1580,1590,1517,1632,1623,1685,0,0,1050,1050,0,0,0,0
980023454,1576,1590,1525,1635,1622,1679,0,0,1050,1050,0,0,0,0
980123546,1579,1586,1530,1633,1626,1674,0,0,1050,1050,0,0,0,0
980223959,1577,1584,1542,1634,1628,1665,0,0,1050,1050,0,0,0,0
980323582,1580,1580,1539,1631,1631,1667,0,0,1050,1050,0,0,0,0
980423536,1585,1573,1533,1627,1637,1672,0,0,1050,1050,0,0,0,0
980523588,1589,1564,1528,1622,1645,1676,0,0,1050,1050,0,0,0,0
980623627,1578,1563,1541,1632,1646,1665,0,0,1050,1050,0,0,0,0
980723521,1586,1561,1535,1626,1650,1671,0,0,1050,1050,0,0,0,0
980823475,1587,1568,1541,1622,1640,1664,0,0,1050,1050,0,0,0,0
980923477,1581,1578,1550,1627,1629,1655,0,0,1050,1050,0,0,0,0
981023480,1579,1584,1544,1630,1625,1661,0,0,1050,1050,0,0,0,0
981123645,1575,1574,1526,1636,1636,1677,0,0,1050,1050,0,0,0,0
981223999,1577,1582,1529,1635,1630,1676,0,0,1050,1050,0,0,0,0
981323531,1587,1587,1529,1628,1628,1678,0,0,1050,1050,0,0,0,0
981423529,1578,1585,1536,1634,1627,1670,0,0,1050,1050,0,0,0,0
981523492,1575,1586,1541,1638,1628,1667,0,0,1050,1050,0,0,0,0
981623620,1581,1581,1532,1633,1632,1675,0,0,1050,1050,0,0,0,0
981723562,1583,1582,1533,1631,1631,1674,0,0,1050,1050,0,0,0,0
981823491,1580,1586,1543,1634,1628,1667,0,0,1050,1050,0,0,0,0
981923473,1573,1578,1541,1640,1635,1667,0,0,1050,1050,0,0,0,0
982023522,1573,1582,1542,1640,1632,1667,0,0,1050,1050,0,0,0,0
982123696,1582,1588,1528,1630,1624,1676,0,0,1050,1050,0,0,0,0
982224081,1581,1585,1514,1626,1622,1682,0,0,1050,1050,0,0,0,0
982323545,1572,1585,1524,1636,1624,1677,0,0,1050,1050,0,0,0,0
982423510,1571,1589,1535,1640,1623,1671,0,0,1050,1050,0,0,0,0
982523498,1570,1590,1539,1641,1622,1667,0,0,1050,1050,0,0,0,0
982623627,1564,1585,1542,1647,1628,1666,0,0,1050,1050,0,0,0,0
982723191,1571,1577,1528,1641,1636,1678,0,0,1050,1050,0,0,0,0
982823207,1578,1581,1533,1636,1632,1674,0,0,1050,1050,0,0,0,0
982923260,1575,1580,1538,1637,1633,1669,0,0,1050,1050,0,0,0,0
983023259,1573,1581,1541,1640,1632,1667,0,0,1050,1050,0,0,0,0
983123422,1570,1589,1548,1642,1625,1661,0,0,1050,1050,0,0,0,0
983223321,1569,1588,1545,1645,1627,1665,0,0,1050,1050,0,0,0,0
983323283,1567,1581,1538,1646,1634,1671,0,0,1050,1050,0,0,0,0
983423226,1568,1578,1538,1645,1636,1671,0,0,1050,1050,0,0,0,0
983523300,1572,1574,1536,1637,1635,1668,0,0,1050,1050,0,0,0,0
983623444,1587,1578,1532,1621,1629,1669,0,0,1050,1050,0,0,0,0
983723263,1577,1581,1549,1629,1625,1654,0,0,1050,1050,0,0,0,0
983823279,1579,1574,1537,1627,1631,1663,0,0,1050,1050,0,0,0,0
983923277,1584,1572,1526,1622,1634,1673,0,0,1050,1050,0,0,0,0
984023255,1584,1572,1522,1620,1631,1674,0,0,1050,1050,0,0,0,0
984123409,1578,1584,1534,1624,1618,1662,0,0,1050,1050,0,0,0,0
984223252,1578,1579,1526,1625,1623,1669,0,0,1050,1050,0,0,0,0
984323259,1583,1579,1526,1621,1625,1671,0,0,1050,1050,0,0,0,0
984423312,1587,1586,1535,1616,1617,1662,0,0,1050,1050,0,0,0,0
984523232,1578,1576,1540,1627,1629,1660,0,0,1050,1050,0,0,0,0
984623422,1576,1566,1534,1631,1641,1668,0,0,1050,1050,0,0,0,0
984723305,1589,1585,1541,1624,1627,1666,0,0,1050,1050,0,0,0,0
984823357,1587,1586,1541,1628,1628,1668,0,0,1050,1050,0,0,0,0
984923242,1587,1579,1524,1629,1636,1683,0,0,1050,1050,0,0,0,0
985023307,1581,1584,1526,1632,1629,1679,0,0,1050,1050,0,0,0,0
985123379,1573,1590,1533,1639,1623,1674,0,0,1050,1050,0,0,0,0
985223296,1575,1598,1539,1641,1619,1672,0,0,1050,1050,0,0,0,0
985323250,1576,1596,1537,1640,1621,1673,0,0,1050,1050,0,0,0,0
985423186,1575,1589,1528,1635,1622,1675,0,0,1050,1050,0,0,0,0
985523193,1580,1585,1523,1628,1622,1676,0,0,1050,1050,0,0,0,0
985623252,1581,1584,1526,1628,1626,1675,0,0,1050,1050,0,0,0,0
985723271,1580,1591,1541,1631,1620,1665,0,0,1050,1050,0,0,0,0
985823335,1582,1580,1528,1630,1631,1676,0,0,1050,1050,0,0,0,0
985923274,1587,1587,1532,1626,1626,1674,0,0,1050,1050,0,0,0,0
986023223,1581,1586,1536,1629,1624,1667,0,0,1050,1050,0,0,0,0
986123365,1575,1581,1538,1633,1627,1665,0,0,1050,1050,0,0,0,0
986223279,1578,1584,1537,1633,1628,1669,0,0,1050,1050,0,0,0,0
986323229,1580,1577,1526,1631,1633,1676,0,0,1050,1050,0,0,0,0
986423198,1582,1575,1526,1627,1633,1676,0,0,1050,1050,0,0,0,0
986523231,1580,1582,1543,1628,1625,1660,0,0,1050,1050,0,0,0,0
986623262,1581,1591,1550,1625,1616,1652,0,0,1050,1050,0,0,0,0
986723241,1575,1584,1540,1630,1622,1661,0,0,1050,1050,0,0,0,0
986823299,1576,1587,1536,1629,1619,1664,0,0,1050,1050,0,0,0,0
986923229,1572,1589,1533,1631,1616,1666,0,0,1050,1050,0,0,0,0
987023255,1575,1587,1524,1625,1614,1669,0,0,1050,1050,0,0,0,0
987123382,1587,1588,1514,1612,1611,1675,0,0,1050,1050,0,0,0,0
987223214,1579,1586,1531,1616,1610,1659,0,0,1050,1050,0,0,0,0
987323177,1577,1586,1538,1616,1608,1651,0,0,1050,1050,0,0,0,0
987423185,1585,1578,1526,1606,1614,1659,0,0,1050,1050,0,0,0,0
987523259,1578,1579,1545,1615,1615,1645,0,0,1050,1050,0,0,0,0
987623265,1578,1562,1532,1612,1627,1653,0,0,1050,1050,0,0,0,0
987723329,1590,1578,1550,1601,1613,1638,0,0,1050,1050,0,0,0,0
987823246,1586,1562,1557,1608,1630,1635,0,0,1050,1050,0,0,0,0
987923261,1591,1569,1565,1603,1625,1628,0,0,1050,1050,0,0,0,0
988023275,1594,1555,1543,1598,1635,1645,0,0,1050,1050,0,0,0,0
988123200,1595,1576,1550,1600,1618,1642,0,0,1050,1050,0,0,0,0
988223192,1595,1573,1528,1604,1625,1664,0,0,1050,1050,0,0,0,0
988323237,1589,1592,1543,1618,1615,1659,0,0,1050,1050,0,0,0,0
988423265,1573,1583,1528,1631,1621,1670,0,0,1050,1050,0,0,0,0
988523221,1571,1585,1524,1629,1617,1670,0,0,1050,1050,0,0,0,0
988623307,1572,1585,1540,1632,1619,1659,0,0,1050,1050,0,0,0,0
988723270,1572,1579,1555,1631,1624,1646,0,0,1050,1050,0,0,0,0
988823254,1573,1571,1552,1624,1626,1643,0,0,1050,1050,0,0,0,0
988923274,1584,1572,1552,1612,1623,1641,0,0,1050,1050,0,0,0,0
989023192,1577,1566,1556,1619,1629,1638,0,0,1050,1050,0,0,0,0
989123357,1591,1570,1559,1612,1632,1642,0,0,1050,1050,0,0,0,0
989223280,1583,1566,1572,1622,1637,1632,0,0,1050,1050,0,0,0,0
989323284,1590,1560,1558,1617,1644,1645,0,0,1050,1050,0,0,0,0
989423331,1580,1551,1555,1626,1652,1648,0,0,1050,1050,0,0,0,0
989523285,1577,1570,1569,1635,1642,1643,0,0,1050,1050,0,0,0,0
989623400,1581,1583,1563,1638,1636,1654,0,0,1050,1050,0,0,0,0
989723303,1587,1585,1542,1626,1628,1665,0,0,1050,1050,0,0,0,0
989823269,1580,1580,1534,1629,1630,1670,0,0,1050,1050,0,0,0,0
989923234,1580,1591,1548,1633,1622,1661,0,0,1050,1050,0,0,0,0
990023220,1583,1585,1537,1629,1628,1670,0,0,1050,1050,0,0,0,0
990123446,1579,1581,1537,1628,1626,1664,0,0,1050,1050,0,0,0,0
990223293,1578,1576,1536,1624,1626,1661,0,0,1050,1050,0,0,0,0
990323306,1574,1582,1553,1628,1620,1647,0,0,1050,1050,0,0,0,0
990423237,1571,1572,1549,1629,1628,1649,0,0,1050,1050,0,0,0,0
990523213,1583,1567,1538,1616,1631,1657,0,0,1050,1050,0,0,0,0
990623229,1586,1579,1553,1615,1621,1644,0,0,1050,1050,0,0,0,0
990723276,1581,1583,1562,1623,1621,1641,0,0,1050,1050,0,0,0,0
990823250,1578,1559,1545,1627,1645,1657,0,0,1050,1050,0,0,0,0
990923206,1581,1561,1555,1626,1643,1649,0,0,1050,1050,0,0,0,0
991023268,1583,1569,1569,1627,1640,1640,0,0,1050,1050,0,0,0,0
991123319,1586,1556,1556,1625,1651,1652,0,0,1050,1050,0,0,0,0
991223310,1587,1564,1565,1625,1646,1644,0,0,1050,1050,0,0,0,0
991323300,1585,1571,1576,1628,1641,1636,0,0,1050,1050,0,0,0,0
991423213,1587,1573,1574,1627,1640,1639,0,0,1050,1050,0,0,0,0
991523229,1581,1565,1561,1626,1641,1645,0,0,1050,1050,0,0,0,0
991623365,1587,1572,1558,1619,1633,1645,0,0,1050,1050,0,0,0,0
991723267,1576,1573,1570,1627,1630,1632,0,0,1050,1050,0,0,0,0
991823227,1576,1573,1570,1631,1634,1637,0,0,1050,1050,0,0,0,0
991923216,1573,1565,1562,1634,1641,1644,0,0,1050,1050,0,0,0,0
992023253,1575,1565,1554,1631,1640,1650,0,0,1050,1050,0,0,0,0
992123339,1565,1565,1561,1640,1640,1643,0,0,1050,1050,0,0,0,0
992223308,1571,1565,1549,1638,1643,1657,0,0,1050,1050,0,0,0,0
992323225,1572,1562,1543,1639,1647,1664,0,0,1050,1050,0,0,0,0
992423227,1574,1565,1542,1633,1642,1661,0,0,1050,1050,0,0,0,0
992523258,1576,1572,1547,1632,1636,1657,0,0,1050,1050,0,0,0,0
992623229,1562,1572,1560,1641,1633,1643,0,0,1050,1050,0,0,0,0
992723233,1553,1563,1558,1645,1636,1641,0,0,1050,1050,0,0,0,0
992823240,1552,1565,1560,1646,1634,1638,0,0,1050,1050,0,0,0,0
992923256,1556,1568,1548,1645,1635,1651,0,0,1050,1050,0,0,0,0
993023272,1554,1578,1544,1645,1623,1654,0,0,1050,1050,0,0,0,0
993123419,1559,1584,1530,1640,1618,1665,0,0,1050,1050,0,0,0,0
993223307,1559,1594,1538,1642,1610,1660,0,0,1050,1050,0,0,0,0
993323240,1559,1596,1530,1642,1607,1666,0,0,1050,1050,0,0,0,0
993423223,1563,1606,1524,1632,1591,1665,0,0,1050,1050,0,0,0,0
993523249,1552,1588,1517,1635,1601,1664,0,0,1050,1050,0,0,0,0
993623406,1558,1588,1519,1632,1604,1665,0,0,1050,1050,0,0,0,0
993723277,1552,1585,1529,1639,1610,1659,0,0,1050,1050,0,0,0,0
993823279,1547,1580,1539,1646,1617,1653,0,0,1050,1050,0,0,0,0
993923288,1557,1577,1544,1642,1625,1654,0,0,1050,1050,0,0,0,0
994023288,1566,1573,1554,1639,1633,1650,0,0,1050,1050,0,0,0,0
994123317,1565,1570,1574,1639,1634,1631,0,0,1050,1050,0,0,0,0
994223315,1573,1563,1567,1631,1641,1637,0,0,1050,1050,0,0,0,0
994323256,1588,1566,1575,1622,1642,1634,0,0,1050,1050,0,0,0,0
994423183,1598,1564,1583,1618,1649,1632,0,0,1050,1050,0,0,0,0
994523201,1591,1553,1594,1626,1659,1622,0,0,1050,1050,0,0,0,0
994623277,1596,1542,1583,1627,1675,1639,0,0,1050,1050,0,0,0,0
994723289,1604,1556,1579,1623,1667,1647,0,0,1050,1050,0,0,0,0
994823259,1586,1563,1579,1638,1659,1645,0,0,1050,1050,0,0,0,0
994923265,1580,1574,1571,1645,1650,1653,0,0,1050,1050,0,0,0,0
995023209,1572,1584,1568,1650,1639,1654,0,0,1050,1050,0,0,0,0
995123373,1564,1585,1565,1656,1638,1655,0,0,1050,1050,0,0,0,0
995223306,1569,1587,1554,1650,1634,1663,0,0,1050,1050,0,0,0,0
995323210,1578,1589,1546,1644,1634,1672,0,0,1050,1050,0,0,0,0
995423190,1571,1589,1548,1649,1633,1669,0,0,1050,1050,0,0,0,0
995523223,1563,1586,1546,1653,1632,1668,0,0,1050,1050,0,0,0,0
995623376,1559,1587,1544,1655,1630,1668,0,0,1050,1050,0,0,0,0
995723256,1567,1594,1532,1648,1624,1677,0,0,1050,1050,0,0,0,0
995823292,1566,1599,1524,1645,1615,1680,0,0,1050,1050,0,0,0,0
995923291,1564,1607,1524,1642,1602,1676,0,0,1050,1050,0,0,0,0
996023216,1566,1608,1528,1639,1599,1671,0,0,1050,1050,0,0,0,0
996123272,1562,1595,1530,1637,1607,1665,0,0,1050,1050,0,0,0,0
996223224,1567,1598,1548,1631,1602,1647,0,0,1050,1050,0,0,0,0
996323236,1571,1580,1533,1627,1619,1661,0,0,1050,1050,0,0,0,0
996423208,1574,1566,1535,1627,1634,1661,0,0,1050,1050,0,0,0,0
996523320,1572,1564,1542,1631,1638,1657,0,0,1050,1050,0,0,0,0
996623417,1569,1567,1544,1635,1636,1657,0,0,1050,1050,0,0,0,0
996723323,1570,1584,1549,1634,1621,1653,0,0,1050,1050,0,0,0,0
996823303,1565,1590,1544,1637,1614,1656,0,0,1050,1050,0,0,0,0
996923279,1575,1588,1524,1629,1617,1673,0,0,1050,1050,0,0,0,0
997023263,1582,1584,1516,1626,1624,1683,0,0,1050,1050,0,0,0,0
997123283,1581,1591,1532,1630,1620,1672,0,0,1050,1050,0,0,0,0
997223228,1575,1583,1543,1634,1627,1662,0,0,1050,1050,0,0,0,0
997323275,1557,1572,1562,1645,1631,1641,0,0,1050,1050,0,0,0,0
997423260,1565,1560,1545,1639,1643,1656,0,0,1050,1050,0,0,0,0
997523288,1576,1563,1551,1634,1646,1656,0,0,1050,1050,0,0,0,0
997623331,1563,1554,1549,1642,1649,1654,0,0,1050,1050,0,0,0,0
997723287,1560,1564,1545,1640,1636,1652,0,0,1050,1050,0,0,0,0
997823514,1554,1574,1542,1645,1626,1655,0,0,1050,1050,0,0,0,0
997923563,1552,1589,1537,1644,1610,1657,0,0,1050,1050,0,0,0,0
998023471,1550,1587,1527,1644,1610,1663,0,0,1050,1050,0,0,0,0
998123545,1552,1589,1532,1642,1608,1659,0,0,1050,1050,0,0,0,0
998223950,1550,1586,1536,1646,1614,1658,0,0,1050,1050,0,0,0,0
998323533,1556,1584,1534,1642,1616,1661,0,0,1050,1050,0,0,0,0
998423491,1558,1582,1535,1640,1618,1659,0,0,1050,1050,0,0,0,0
998523530,1556,1573,1535,1638,1623,1656,0,0,1050,1050,0,0,0,0
998623531,1557,1576,1544,1637,1620,1647,0,0,1050,1050,0,0,0,0
998723512,1561,1570,1542,1631,1624,1648,0,0,1050,1050,0,0,0,0
998823545,1564,1557,1541,1625,1632,1646,0,0,1050,1050,0,0,0,0
998923516,1575,1557,1542,1617,1634,1646,0,0,1050,1050,0,0,0,0
999023455,1570,1562,1559,1626,1634,1637,0,0,1050,1050,0,0,0,0
999123526,1566,1556,1556,1632,1641,1641,0,0,1050,1050,0,0,0,0
999224058,1568,1559,1555,1633,1641,1645,0,0,1050,1050,0,0,0,0
999323543,1569,1560,1546,1634,1642,1654,0,0,1050,1050,0,0,0,0
999423587,1568,1564,1537,1635,1638,1661,0,0,1050,1050,0,0,0,0
999523445,1549,1565,1550,1651,1637,1651,0,0,1050,1050,0,0,0,0
999623472,1536,1565,1537,1660,1635,1659,0,0,1050,1050,0,0,0,0
999723571,1532,1583,1535,1659,1613,1656,0,0,1050,1050,0,0,0,0
999823521,1531,1595,1527,1661,1604,1664,0,0,1050,1050,0,0,0,0
999923448,1520,1599,1529,1674,1603,1666,0,0,1050,1050,0,0,0,0
1000023465,1524,1600,1525,1673,1605,1672,0,0,1050,1050,0,0,0,0
1000123660,1545,1601,1520,1660,1609,1680,0,0,1050,1050,0,0,0,0
1000224059,1548,1596,1532,1657,1614,1671,0,0,1050,1050,0,0,0,0
1000323520,1550,1589,1543,1660,1624,1665,0,0,1050,1050,0,0,0,0
1000423496,1552,1593,1550,1661,1625,1663,0,0,1050,1050,0,0,0,0
1000523552,1562,1597,1545,1655,1624,1670,0,0,1050,1050,0,0,0,0
1000623577,1562,1591,1539,1658,1631,1677,0,0,1050,1050,0,0,0,0
1000723578,1564,1589,1530,1655,1633,1684,0,0,1050,1050,0,0,0,0
1000823533,1559,1585,1529,1647,1622,1672,0,0,1050,1050,0,0,0,0
1000923474,1553,1580,1536,1645,1621,1659,0,0,1050,1050,0,0,0,0
1001023506,1555,1581,1544,1645,1621,1654,0,0,1050,1050,0,0,0,0
1001123517,1551,1575,1546,1647,1626,1652,0,0,1050,1050,0,0,0,0
1001224019,1546,1568,1550,1650,1630,1646,0,0,1050,1050,0,0,0,0
1001323504,1560,1572,1545,1639,1629,1652,0,0,1050,1050,0,0,0,0
1001423485,1567,1574,1546,1639,1632,1657,0,0,1050,1050,0,0,0,0
1001523519,1567,1577,1553,1637,1629,1649,0,0,1050,1050,0,0,0,0
1001623565,1567,1580,1563,1639,1628,1643,0,0,1050,1050,0,0,0,0
1001723544,1562,1567,1562,1643,1639,1644,0,0,1050,1050,0,0,0,0
1001823185,1557,1572,1576,1650,1636,1633,0,0,1050,1050,0,0,0,0
1001923264,1551,1570,1577,1653,1636,1630,0,0,1050,1050,0,0,0,0
1002023283,1555,1568,1570,1649,1637,1637,0,0,1050,1050,0,0,0,0
1002123373,1550,1569,1566,1654,1637,1640,0,0,1050,1050,0,0,0,0
1002223281,1541,1569,1556,1659,1635,1647,0,0,1050,1050,0,0,0,0
1002323290,1536,1574,1552,1663,1630,1649,0,0,1050,1050,0,0,0,0
1002423314,1537,1577,1550,1662,1626,1650,0,0,1050,1050,0,0,0,0
1002523181,1552,1578,1545,1650,1627,1656,0,0,1050,1050,0,0,0,0
1002623434,1554,1577,1551,1650,1630,1653,0,0,1050,1050,0,0,0,0
1002723219,1560,1580,1567,1645,1627,1640,0,0,1050,1050,0,0,0,0
1002823293,1559,1568,1573,1647,1639,1634,0,0,1050,1050,0,0,0,0
1002923242,1568,1562,1577,1639,1644,1631,0,0,1050,1050,0,0,0,0
1003023264,1569,1558,1584,1640,1649,1626,0,0,1050,1050,0,0,0,0
1003123404,1559,1546,1579,1647,1657,1628,0,0,1050,1050,0,0,0,0
1003223293,1553,1540,1563,1651,1662,1642,0,0,1050,1050,0,0,0,0
1003323242,1552,1551,1554,1654,1655,1653,0,0,1050,1050,0,0,0,0
1003423191,1546,1564,1551,1656,1640,1652,0,0,1050,1050,0,0,0,0
1003523229,1536,1567,1549,1660,1634,1649,0,0,1050,1050,0,0,0,0
1003623280,1532,1567,1547,1666,1636,1654,0,0,1050,1050,0,0,0,0
1003723276,1537,1567,1536,1664,1638,1664,0,0,1050,1050,0,0,0,0
1003823282,1535,1565,1533,1664,1639,1666,0,0,1050,1050,0,0,0,0
1003923288,1527,1564,1541,1668,1637,1657,0,0,1050,1050,0,0,0,0
1004023239,1522,1563,1544,1669,1635,1651,0,0,1050,1050,0,0,0,0
1004123252,1524,1571,1553,1670,1629,1645,0,0,1050,1050,0,0,0,0
1004223308,1532,1569,1543,1661,1629,1652,0,0,1050,1050,0,0,0,0
1004323205,1537,1573,1539,1656,1624,1654,0,0,1050,1050,0,0,0,0
1004423235,1532,1581,1542,1659,1615,1650,0,0,1050,1050,0,0,0,0
1004523241,1527,1582,1534,1658,1610,1653,0,0,1050,1050,0,0,0,0
1004623304,1520,1580,1531,1663,1611,1654,0,0,1050,1050,0,0,0,0
1004723328,1524,1578,1523,1662,1616,1663,0,0,1050,1050,0,0,0,0
1004823293,1522,1585,1531,1668,1613,1661,0,0,1050,1050,0,0,0,0
1004923223,1514,1579,1537,1675,1618,1656,0,0,1050,1050,0,0,0,0
1005023233,1522,1579,1537,1666,1617,1654,0,0,1050,1050,0,0,0,0
1005123277,1533,1578,1541,1658,1619,1652,0,0,1050,1050,0,0,0,0
1005223310,1532,1576,1550,1656,1617,1641,0,0,1050,1050,0,0,0,0
1005323217,1523,1567,1561,1665,1627,1632,0,0,1050,1050,0,0,0,0
1005423239,1537,1569,1567,1657,1629,1631,0,0,1050,1050,0,0,0,0
1005523266,1543,1569,1571,1653,1631,1629,0,0,1050,1050,0,0,0,0
1005623289,1541,1564,1570,1655,1635,1630,0,0,1050,1050,0,0,0,0
1005723314,1548,1560,1559,1651,1640,1641,0,0,1050,1050,0,0,0,0
1005823266,1542,1559,1557,1657,1642,1644,0,0,1050,1050,0,0,0,0
1005923273,1531,1565,1558,1666,1637,1643,0,0,1050,1050,0,0,0,0
1006023236,1530,1575,1549,1668,1629,1652,0,0,1050,1050,0,0,0,0
1006123336,1530,1577,1539,1669,1629,1662,0,0,1050,1050,0,0,0,0
1006223231,1530,1572,1534,1671,1635,1667,0,0,1050,1050,0,0,0,0
1006323186,1531,1572,1541,1671,1636,1663,0,0,1050,1050,0,0,0,0
1006423277,1530,1576,1554,1674,1634,1653,0,0,1050,1050,0,0,0,0
1006523243,1534,1578,1557,1671,1633,1652,0,0,1050,1050,0,0,0,0
1006623490,1544,1574,1554,1662,1636,1654,0,0,1050,1050,0,0,0,0
1006723295,1545,1568,1560,1660,1640,1647,0,0,1050,1050,0,0,0,0
1006823291,1544,1567,1566,1661,1641,1642,0,0,1050,1050,0,0,0,0
1006923239,1554,1559,1556,1652,1647,1650,0,0,1050,1050,0,0,0,0
1007023211,1561,1560,1556,1645,1646,1650,0,0,1050,1050,0,0,0,0
1007123380,1568,1559,1555,1642,1650,1653,0,0,1050,1050,0,0,0,0
1007223271,1565,1553,1559,1646,1656,1651,0,0,1050,1050,0,0,0,0
1007323267,1569,1556,1561,1646,1657,1653,0,0,1050,1050,0,0,0,0
1007423268,1570,1561,1561,1643,1652,1651,0,0,1050,1050,0,0,0,0
1007523260,1565,1566,1561,1643,1643,1647,0,0,1050,1050,0,0,0,0
1007623392,1559,1568,1562,1647,1640,1645,0,0,1050,1050,0,0,0,0
1007723267,1558,1573,1562,1651,1637,1647,0,0,1050,1050,0,0,0,0
1007823283,1550,1576,1560,1654,1632,1646,0,0,1050,1050,0,0,0,0
1007923567,1551,1577,1552,1652,1629,1651,0,0,1050,1050,0,0,0,0
1008023508,1551,1583,1544,1652,1623,1658,0,0,1050,1050,0,0,0,0
1008123512,1542,1573,1537,1659,1631,1663,0,0,1050,1050,0,0,0,0
1008224022,1544,1576,1536,1657,1628,1663,0,0,1050,1050,0,0,0,0
1008323489,1539,1584,1544,1659,1619,1655,0,0,1050,1050,0,0,0,0
1008423515,1540,1590,1548,1660,1616,1654,0,0,1050,1050,0,0,0,0
1008523227,1526,1582,1549,1667,1619,1649,0,0,1050,1050,0,0,0,0
1008623388,1530,1583,1555,1669,1624,1648,0,0,1050,1050,0,0,0,0
1008723256,1554,1578,1545,1652,1630,1659,0,0,1050,1050,0,0,0,0
1008823230,1560,1580,1546,1647,1629,1659,0,0,1050,1050,0,0,0,0
1008923266,1547,1579,1555,1655,1627,1648,0,0,1050,1050,0,0,0,0
1009023175,1554,1585,1561,1650,1623,1645,0,0,1050,1050,0,0,0,0
1009123300,1551,1580,1558,1650,1624,1644,0,0,1050,1050,0,0,0,0
1009223287,1550,1571,1549,1652,1633,1653,0,0,1050,1050,0,0,0,0
1009323310,1546,1574,1549,1658,1633,1655,0,0,1050,1050,0,0,0,0
1009423248,1541,1576,1552,1663,1633,1654,0,0,1050,1050,0,0,0,0
1009523262,1540,1578,1550,1660,1627,1652,0,0,1050,1050,0,0,0,0
1009623306,1540,1584,1550,1660,1621,1652,0,0,1050,1050,0,0,0,0
1009723217,1544,1591,1544,1654,1612,1654,0,0,1050,1050,0,0,0,0
1009823205,1548,1591,1544,1651,1612,1654,0,0,1050,1050,0,0,0,0
1009923234,1554,1592,1552,1649,1615,1651,0,0,1050,1050,0,0,0,0
1010023274,1555,1583,1547,1649,1624,1656,0,0,1050,1050,0,0,0,0
1010123444,1557,1577,1551,1646,1628,1651,0,0,1050,1050,0,0,0,0
1010223307,1556,1571,1563,1652,1638,1645,0,0,1050,1050,0,0,0,0
1010323224,1561,1574,1573,1652,1640,1641,0,0,1050,1050,0,0,0,0
1010423224,1544,1569,1577,1659,1638,1630,0,0,1050,1050,0,0,0,0
1010523232,1543,1575,1578,1660,1631,1629,0,0,1050,1050,0,0,0,0
1010623151,1538,1580,1569,1666,1629,1639,0,0,1050,1050,0,0,0,0
1010723218,1536,1584,1554,1665,1623,1650,0,0,1050,1050,0,0,0,0
1010823181,1537,1588,1550,1665,1620,1654,0,0,1050,1050,0,0,0,0
1010923320,1549,1587,1536,1653,1619,1664,0,0,1050,1050,0,0,0,0
1011023364,1542,1588,1546,1658,1617,1655,0,0,1050,1050,0,0,0,0
1011123397,1537,1588,1552,1663,1617,1650,0,0,1050,1050,0,0,0,0
1011223296,1547,1583,1541,1657,1625,1662,0,0,1050,1050,0,0,0,0
1011323233,1544,1567,1532,1659,1639,1668,0,0,1050,1050,0,0,0,0
1011423198,1544,1572,1534,1657,1632,1665,0,0,1050,1050,0,0,0,0
1011523246,1545,1580,1526,1655,1623,1670,0,0,1050,1050,0,0,0,0
1011623232,1532,1588,1523,1656,1606,1663,0,0,1050,1050,0,0,0,0
1011723154,1525,1595,1526,1663,1600,1662,0,0,1050,1050,0,0,0,0
1011823190,1521,1600,1534,1673,1602,1662,0,0,1050,1050,0,0,0,0
1011923173,1529,1597,1526,1668,1608,1671,0,0,1050,1050,0,0,0,0
1012023222,1529,1600,1533,1673,1610,1670,0,0,1050,1050,0,0,0,0
1012123198,1526,1602,1544,1686,1619,1672,0,0,1050,1050,0,0,0,0
1012223187,1535,1615,1549,1688,1617,1677,0,0,1050,1050,0,0,0,0
1012323201,1545,1626,1550,1690,1616,1685,0,0,1050,1050,0,0,0,0
1012423164,1545,1624,1542,1697,1626,1699,0,0,1050,1050,0,0,0,0
1012523096,1539,1616,1544,1704,1638,1701,0,0,1050,1050,0,0,0,0
1012623183,1556,1615,1543,1692,1639,1702,0,0,1050,1050,0,0,0,0
1012723242,1562,1611,1565,1693,1650,1690,0,0,1050,1050,0,0,0,0
1012823181,1559,1596,1576,1700,1668,1685,0,0,1050,1050,0,0,0,0
1012923252,1573,1602,1582,1697,1671,1689,0,0,1050,1050,0,0,0,0
1013023159,1584,1603,1585,1692,1675,1690,0,0,1050,1050,0,0,0,0
1013123248,1582,1600,1588,1691,1676,1686,0,0,1050,1050,0,0,0,0
1013223169,1587,1603,1588,1681,1666,1679,0,0,1050,1050,0,0,0,0
1013323138,1577,1597,1589,1685,1667,1674,0,0,1050,1050,0,0,0,0
1013423143,1575,1595,1584,1683,1665,1675,0,0,1050,1050,0,0,0,0
1013523138,1572,1602,1588,1683,1657,1670,0,0,1050,1050,0,0,0,0
1013623298,1564,1592,1581,1690,1666,1675,0,0,1050,1050,0,0,0,0
1013723211,1573,1591,1568,1681,1666,1685,0,0,1050,1050,0,0,0,0
1013823225,1569,1600,1577,1685,1659,1679,0,0,1050,1050,0,0,0,0
1013923178,1573,1603,1574,1683,1656,1681,0,0,1050,1050,0,0,0,0
1014023206,1570,1603,1570,1682,1652,1682,0,0,1050,1050,0,0,0,0
1014123196,1562,1593,1565,1683,1655,1680,0,0,1050,1050,0,0,0,0
1014223166,1559,1589,1563,1682,1656,1678,0,0,1050,1050,0,0,0,0
1014323173,1557,1589,1568,1676,1649,1668,0,0,1050,1050,0,0,0,0
1014423138,1562,1582,1556,1664,1647,1670,0,0,1050,1050,0,0,0,0
1014523220,1559,1580,1556,1660,1642,1662,0,0,1050,1050,0,0,0,0
1014623351,1551,1584,1562,1658,1628,1648,0,0,1050,1050,0,0,0,0
1014723195,1548,1579,1558,1653,1626,1644,0,0,1050,1050,0,0,0,0
1014823163,1553,1579,1551,1644,1621,1646,0,0,1050,1050,0,0,0,0
1014923167,1560,1583,1540,1639,1618,1656,0,0,1050,1050,0,0,0,0
1015023239,1558,1579,1533,1646,1627,1667,0,0,1050,1050,0,0,0,0
1015123292,1557,1584,1540,1653,1628,1667,0,0,1050,1050,0,0,0,0
1015223244,1545,1584,1554,1665,1631,1658,0,0,1050,1050,0,0,0,0
1015323168,1548,1584,1550,1664,1632,1662,0,0,1050,1050,0,0,0,0
1015423215,1554,1583,1543,1659,1634,1668,0,0,1050,1050,0,0,0,0
1015523166,1562,1585,1546,1653,1633,1667,0,0,1050,1050,0,0,0,0
1015623298,1567,1588,1558,1652,1633,1659,0,0,1050,1050,0,0,0,0
1015723229,1572,1587,1562,1651,1637,1659,0,0,1050,1050,0,0,0,0
1015823161,1576,1580,1561,1649,1646,1663,0,0,1050,1050,0,0,0,0
1015923191,1581,1585,1570,1648,1645,1658,0,0,1050,1050,0,0,0,0
1016023172,1580,1581,1572,1648,1647,1654,0,0,1050,1050,0,0,0,0
1016123226,1578,1575,1568,1644,1648,1653,0,0,1050,1050,0,0,0,0
1016223235,1571,1566,1563,1642,1646,1650,0,0,1050,1050,0,0,0,0
1016323204,1579,1563,1549,1631,1646,1658,0,0,1050,1050,0,0,0,0
1016423201,1570,1561,1553,1632,1640,1648,0,0,1050,1050,0,0,0,0
1016523212,1555,1569,1564,1645,1633,1637,0,0,1050,1050,0,0,0,0
1016623171,1558,1582,1555,1641,1619,1644,0,0,1050,1050,0,0,0,0
1016723167,1552,1588,1541,1640,1606,1649,0,0,1050,1050,0,0,0,0
1016823194,1554,1594,1524,1629,1590,1654,0,0,1050,1050,0,0,0,0
1016923144,1544,1588,1516,1626,1585,1649,0,0,1050,1050,0,0,0,0
1017023140,1550,1583,1506,1608,1576,1645,0,0,1050,1050,0,0,0,0
1017123276,1545,1573,1512,1608,1582,1637,0,0,1050,1050,0,0,0,0
1017223272,1547,1565,1522,1615,1599,1637,0,0,1050,1050,0,0,0,0
1017323195,1560,1565,1516,1605,1601,1643,0,0,1050,1050,0,0,0,0
1017423217,1556,1564,1522,1610,1603,1640,0,0,1050,1050,0,0,0,0
1017523147,1564,1567,1516,1608,1605,1649,0,0,1050,1050,0,0,0,0
1017623307,1557,1566,1520,1614,1606,1646,0,0,1050,1050,0,0,0,0
1017723153,1565,1568,1503,1607,1603,1660,0,0,1050,1050,0,0,0,0
1017823135,1569,1589,1515,1609,1589,1656,0,0,1050,1050,0,0,0,0
1017923140,1561,1587,1511,1616,1592,1659,0,0,1050,1050,0,0,0,0
1018023160,1560,1586,1507,1617,1592,1662,0,0,1050,1050,0,0,0,0
1018123358,1567,1598,1502,1622,1593,1677,0,0,1050,1050,0,0,0,0
1018223231,1567,1599,1495,1628,1597,1687,0,0,1050,1050,0,0,0,0
1018323273,1573,1605,1495,1622,1590,1686,0,0,1050,1050,0,0,0,0
1018423141,1564,1595,1503,1635,1606,1685,0,0,1050,1050,0,0,0,0
1018523141,1583,1606,1502,1629,1606,1696,0,0,1050,1050,0,0,0,0
1018623242,1600,1611,1487,1614,1603,1708,0,0,1050,1050,0,0,0,0
1018723164,1599,1619,1501,1617,1596,1699,0,0,1050,1050,0,0,0,0
1018823115,1590,1617,1534,1643,1617,1691,0,0,1050,1050,0,0,0,0
1018923196,1603,1604,1532,1647,1646,1707,0,0,1050,1050,0,0,0,0
1019023206,1610,1595,1534,1646,1660,1712,0,0,1050,1050,0,0,0,0
1019123360,1618,1599,1547,1641,1659,1703,0,0,1050,1050,0,0,0,0
1019223249,1633,1598,1536,1623,1657,1709,0,0,1050,1050,0,0,0,0
1019323230,1625,1583,1522,1615,1655,1706,0,0,1050,1050,0,0,0,0
1019423224,1623,1582,1520,1613,1652,1703,0,0,1050,1050,0,0,0,0
1019523124,1621,1581,1519,1607,1646,1698,0,0,1050,1050,0,0,0,0
1019623330,1609,1587,1534,1610,1631,1677,0,0,1050,1050,0,0,0,0
1019723183,1611,1576,1521,1609,1642,1689,0,0,1050,1050,0,0,0,0
1019823136,1614,1592,1536,1605,1626,1675,0,0,1050,1050,0,0,0,0
1019923187,1605,1585,1521,1602,1621,1677,0,0,1050,1050,0,0,0,0
1020023162,1602,1580,1523,1607,1628,1677,0,0,1050,1050,0,0,0,0
1020123364,1604,1584,1536,1606,1626,1668,0,0,1050,1050,0,0,0,0
1020223204,1625,1577,1519,1583,1631,1679,0,0,1050,1050,0,0,0,0
1020323137,1613,1570,1541,1592,1633,1658,0,0,1050,1050,0,0,0,0
1020423163,1624,1576,1538,1583,1630,1663,0,0,1050,1050,0,0,0,0
1020523118,1619,1560,1526,1587,1644,1672,0,0,1050,1050,0,0,0,0
1020623192,1609,1555,1527,1589,1641,1664,0,0,1050,1050,0,0,0,0
1020723171,1621,1575,1536,1580,1625,1659,0,0,1050,1050,0,0,0,0
1020823169,1608,1552,1517,1589,1642,1671,0,0,1050,1050,0,0,0,0
1020923167,1606,1562,1521,1588,1630,1665,0,0,1050,1050,0,0,0,0
1021023201,1613,1574,1525,1580,1618,1661,0,0,1050,1050,0,0,0,0
1021123342,1613,1561,1507,1579,1631,1675,0,0,1050,1050,0,0,0,0
1021223199,1604,1553,1501,1582,1631,1673,0,0,1050,1050,0,0,0,0
1021323142,1608,1567,1510,1575,1615,1664,0,0,1050,1050,0,0,0,0
1021423154,1610,1571,1514,1568,1607,1657,0,0,1050,1050,0,0,0,0
1021523148,1615,1562,1498,1561,1614,1668,0,0,1050,1050,0,0,0,0
1021623177,1611,1551,1498,1561,1621,1665,0,0,1050,1050,0,0,0,0
1021723197,1609,1541,1496,1562,1628,1665,0,0,1050,1050,0,0,0,0
1021823187,1606,1538,1499,1565,1630,1663,0,0,1050,1050,0,0,0,0
1021923236,1611,1541,1501,1564,1632,1665,0,0,1050,1050,0,0,0,0
1022023196,1618,1549,1500,1560,1629,1669,0,0,1050,1050,0,0,0,0
1022123285,1608,1537,1494,1564,1632,1667,0,0,1050,1050,0,0,0,0
1022223180,1608,1538,1487,1545,1614,1656,0,0,1050,1050,0,0,0,0
1022323158,1611,1535,1489,1540,1615,1653,0,0,1050,1050,0,0,0,0
1022423111,1608,1535,1513,1546,1618,1636,0,0,1050,1050,0,0,0,0
1022523202,1616,1538,1515,1535,1613,1633,0,0,1050,1050,0,0,0,0
1022623347,1607,1527,1514,1542,1621,1632,0,0,1050,1050,0,0,0,0
1022723205,1618,1535,1511,1531,1614,1634,0,0,1050,1050,0,0,0,0
1022823503,1619,1521,1497,1531,1628,1647,0,0,1050,1050,0,0,0,0
1022923395,1616,1530,1510,1531,1616,1633,0,0,1050,1050,0,0,0,0
1023023442,1611,1526,1508,1539,1622,1638,0,0,1050,1050,0,0,0,0
1023123459,1630,1529,1503,1531,1632,1653,0,0,1050,1050,0,0,0,0
1023223893,1627,1527,1525,1535,1635,1636,0,0,1050,1050,0,0,0,0
1023323380,1634,1533,1531,1533,1635,1636,0,0,1050,1050,0,0,0,0
1023423885,1627,1512,1504,1521,1635,1641,0,0,1050,1050,0,0,0,0
1023523474,1620,1508,1514,1524,1634,1629,0,0,1050,1050,0,0,0,0
1023623527,1623,1516,1518,1524,1630,1628,0,0,1050,1050,0,0,0,0
1023723502,1631,1516,1505,1522,1636,1644,0,0,1050,1050,0,0,0,0
1023823428,1630,1509,1499,1512,1632,1640,0,0,1050,1050,0,0,0,0
1023923413,1631,1495,1480,1504,1639,1650,0,0,1050,1050,0,0,0,0
1024023418,1628,1500,1484,1509,1635,1648,0,0,1050,1050,0,0,0,0
1024123555,1620,1487,1488,1513,1640,1640,0,0,1050,1050,0,0,0,0
1024223424,1601,1481,1502,1526,1638,1622,0,0,1050,1050,0,0,0,0
1024323411,1619,1504,1513,1530,1641,1634,0,0,1050,1050,0,0,0,0
1024423423,1613,1490,1511,1548,1661,1645,0,0,1050,1050,0,0,0,0
1024523466,1641,1514,1516,1540,1663,1661,0,0,1050,1050,0,0,0,0
1024623664,1644,1505,1517,1543,1675,1665,0,0,1050,1050,0,0,0,0
1024723382,1628,1486,1517,1552,1681,1658,0,0,1050,1050,0,0,0,0
1024823385,1623,1493,1527,1553,1672,1645,0,0,1050,1050,0,0,0,0
1024923364,1624,1510,1543,1556,1663,1636,0,0,1050,1050,0,0,0,0
1025023404,1648,1523,1542,1558,1677,1661,0,0,1050,1050,0,0,0,0
1025123437,1634,1498,1532,1567,1691,1665,0,0,1050,1050,0,0,0,0
1025223984,1649,1533,1543,1544,1658,1650,0,0,1050,1050,0,0,0,0
1025323422,1635,1511,1526,1550,1667,1655,0,0,1050,1050,0,0,0,0
1025423446,1629,1541,1551,1577,1660,1652,0,0,1050,1050,0,0,0,0
1025523473,1633,1568,1562,1584,1647,1653,0,0,1050,1050,0,0,0,0
1025623558,1637,1570,1549,1580,1646,1665,0,0,1050,1050,0,0,0,0
1025723461,1632,1564,1544,1588,1654,1670,0,0,1050,1050,0,0,0,0
1025823471,1621,1564,1538,1600,1654,1675,0,0,1050,1050,0,0,0,0
1025923475,1620,1588,1549,1606,1638,1671,0,0,1050,1050,0,0,0,0
1026023436,1615,1591,1548,1613,1637,1674,0,0,1050,1050,0,0,0,0
1026123441,1605,1578,1536,1621,1647,1682,0,0,1050,1050,0,0,0,0
1026223971,1606,1593,1546,1619,1632,1674,0,0,1050,1050,0,0,0,0
1026323452,1606,1587,1531,1617,1635,1684,0,0,1050,1050,0,0,0,0
1026423469,1600,1598,1543,1621,1623,1672,0,0,1050,1050,0,0,0,0
1026523381,1594,1589,1534,1624,1629,1677,0,0,1050,1050,0,0,0,0
1026623453,1599,1591,1531,1618,1625,1678,0,0,1050,1050,0,0,0,0
1026723459,1588,1592,1543,1627,1623,1667,0,0,1050,1050,0,0,0,0
1026823387,1597,1592,1532,1618,1623,1676,0,0,1050,1050,0,0,0,0
1026923375,1585,1594,1547,1627,1619,1661,0,0,1050,1050,0,0,0,0
1027023487,1590,1583,1533,1621,1627,1671,0,0,1050,1050,0,0,0,0
1027123518,1588,1586,1543,1622,1623,1661,0,0,1050,1050,0,0,0,0
1027223387,1583,1582,1547,1625,1627,1657,0,0,1050,1050,0,0,0,0
1027323223,1587,1570,1532,1619,1634,1667,0,0,1050,1050,0,0,0,0
1027423190,1589,1585,1548,1616,1620,1653,0,0,1050,1050,0,0,0,0
1027523188,1576,1584,1559,1628,1621,1644,0,0,1050,1050,0,0,0,0
1027623457,1585,1576,1539,1620,1628,1660,0,0,1050,1050,0,0,0,0
1027723243,1585,1579,1541,1620,1626,1659,0,0,1050,1050,0,0,0,0
1027823150,1577,1567,1536,1628,1638,1665,0,0,1050,1050,0,0,0,0
1027923143,1574,1576,1547,1631,1629,1654,0,0,1050,1050,0,0,0,0
1028023200,1573,1586,1558,1634,1621,1647,0,0,1050,1050,0,0,0,0
1028123345,1575,1584,1553,1635,1627,1654,0,0,1050,1050,0,0,0,0
1028223211,1585,1590,1543,1624,1620,1662,0,0,1050,1050,0,0,0,0
1028323176,1587,1591,1538,1621,1618,1665,0,0,1050,1050,0,0,0,0
1028423152,1578,1588,1539,1629,1620,1663,0,0,1050,1050,0,0,0,0
1028523168,1562,1581,1543,1641,1624,1657,0,0,1050,1050,0,0,0,0
1028623194,1571,1584,1538,1632,1621,1661,0,0,1050,1050,0,0,0,0
1028723104,1582,1588,1531,1623,1617,1667,0,0,1050,1050,0,0,0,0
1028823211,1575,1581,1534,1625,1620,1661,0,0,1050,1050,0,0,0,0
1028923198,1575,1574,1526,1623,1625,1666,0,0,1050,1050,0,0,0,0
1029023172,1575,1572,1532,1624,1627,1662,0,0,1050,1050,0,0,0,0
1029123383,1572,1585,1557,1630,1618,1643,0,0,1050,1050,0,0,0,0
1029223214,1572,1584,1560,1629,1618,1640,0,0,1050,1050,0,0,0,0
1029323161,1574,1564,1545,1629,1637,1654,0,0,1050,1050,0,0,0,0
1029423165,1577,1562,1549,1627,1640,1652,0,0,1050,1050,0,0,0,0
1029523188,1576,1572,1560,1629,1633,1644,0,0,1050,1050,0,0,0,0
1029623375,1571,1577,1563,1634,1629,1642,0,0,1050,1050,0,0,0,0
1029723185,1572,1575,1551,1632,1630,1651,0,0,1050,1050,0,0,0,0
1029823205,1576,1569,1536,1628,1635,1663,0,0,1050,1050,0,0,0,0
1029923223,1563,1579,1561,1640,1625,1641,0,0,1050,1050,0,0,0,0
1030023225,1568,1576,1549,1635,1627,1652,0,0,1050,1050,0,0,0,0
1030123153,1569,1568,1540,1634,1635,1659,0,0,1050,1050,0,0,0,0
1030223189,1568,1565,1541,1636,1639,1659,0,0,1050,1050,0,0,0,0
1030323154,1568,1571,1550,1635,1632,1652,0,0,1050,1050,0,0,0,0
1030423116,1567,1577,1556,1635,1626,1645,0,0,1050,1050,0,0,0,0
1030523129,1565,1575,1555,1635,1626,1644,0,0,1050,1050,0,0,0,0
1030623328,1564,1574,1554,1638,1629,1647,0,0,1050,1050,0,0,0,0
1030723185,1571,1580,1552,1633,1624,1650,0,0,1050,1050,0,0,0,0
1030823189,1578,1587,1552,1627,1620,1651,0,0,1050,1050,0,0,0,0
1030923226,1567,1585,1561,1638,1621,1643,0,0,1050,1050,0,0,0,0
1031023137,1571,1585,1554,1634,1621,1649,0,0,1050,1050,0,0,0,0
1031123217,1580,1583,1539,1627,1625,1663,0,0,1050,1050,0,0,0,0
1031223199,1577,1578,1536,1632,1630,1667,0,0,1050,1050,0,0,0,0
1031323137,1572,1580,1542,1635,1628,1662,0,0,1050,1050,0,0,0,0
1031423058,1571,1588,1553,1635,1620,1651,0,0,1050,1050,0,0,0,0
1031523132,1566,1581,1553,1637,1623,1648,0,0,1050,1050,0,0,0,0
1031623286,1562,1571,1549,1640,1632,1652,0,0,1050,1050,0,0,0,0
1031723214,1566,1575,1553,1637,1629,1649,0,0,1050,1050,0,0,0,0
1031823221,1576,1581,1556,1628,1622,1645,0,0,1050,1050,0,0,0,0
1031923243,1575,1580,1561,1628,1623,1640,0,0,1050,1050,0,0,0,0
1032023159,1574,1579,1564,1630,1625,1639,0,0,1050,1050,0,0,0,0
1032123279,1581,1576,1554,1623,1628,1647,0,0,1050,1050,0,0,0,0
1032223150,1579,1579,1557,1624,1624,1644,0,0,1050,1050,0,0,0,0
1032323143,1567,1578,1561,1635,1624,1640,0,0,1050,1050,0,0,0,0
1032423167,1565,1580,1556,1636,1621,1643,0,0,1050,1050,0,0,0,0
1032523210,1570,1584,1545,1632,1618,1654,0,0,1050,1050,0,0,0,0
1032623196,1580,1587,1528,1623,1616,1668,0,0,1050,1050,0,0,0,0
1032723234,1569,1581,1532,1632,1621,1664,0,0,1050,1050,0,0,0,0
1032823214,1565,1584,1539,1635,1617,1657,0,0,1050,1050,0,0,0,0
1032923179,1561,1585,1544,1639,1616,1653,0,0,1050,1050,0,0,0,0
1033023169,1556,1580,1537,1631,1609,1647,0,0,1050,1050,0,0,0,0
1033123304,1562,1579,1523,1609,1593,1643,0,0,1050,1050,0,0,0,0
1033223113,1534,1548,1522,1594,1581,1605,0,0,1050,1050,0,0,0,0
1033323194,1580,1487,1562,1539,1624,1557,0,0,1050,1050,0,0,0,0
1033423202,1601,1444,1595,1515,1657,1523,0,0,1050,1050,0,0,0,0
1033523194,1585,1457,1589,1535,1650,1531,0,0,1050,1050,0,0,0,0
1033623183,1574,1513,1565,1549,1607,1559,0,0,1050,1050,0,0,0,0
1033723209,1534,1574,1497,1588,1549,1620,0,0,1050,1050,0,0,0,0
1033823167,1493,1608,1444,1627,1515,1663,0,0,1050,1050,0,0,0,0
1033923145,1499,1602,1432,1628,1530,1677,0,0,1050,1050,0,0,0,0
1034023126,1526,1601,1442,1605,1530,1670,0,0,1050,1050,0,0,0,0
1034123392,1522,1582,1445,1609,1552,1669,0,0,1050,1050,0,0,0,0
1034223176,1524,1571,1472,1605,1561,1648,0,0,1050,1050,0,0,0,0
1034323202,1531,1549,1480,1601,1585,1643,0,0,1050,1050,0,0,0,0
1034423186,1553,1554,1510,1585,1584,1624,0,0,1050,1050,0,0,0,0
1034523185,1580,1544,1512,1582,1616,1643,0,0,1050,1050,0,0,0,0
1034623212,1574,1532,1537,1607,1644,1641,0,0,1050,1050,0,0,0,0
1034723168,1592,1553,1550,1601,1637,1639,0,0,1050,1050,0,0,0,0
1034823159,1595,1549,1546,1606,1648,1651,0,0,1050,1050,0,0,0,0
1034923132,1607,1564,1552,1603,1644,1654,0,0,1050,1050,0,0,0,0
1035023147,1598,1557,1545,1611,1649,1659,0,0,1050,1050,0,0,0,0
1035123270,1599,1573,1552,1610,1635,1654,0,0,1050,1050,0,0,0,0
1035223221,1604,1570,1534,1604,1636,1667,0,0,1050,1050,0,0,0,0
1035323195,1593,1589,1549,1614,1618,1654,0,0,1050,1050,0,0,0,0
1035423200,1585,1585,1534,1620,1620,1665,0,0,1050,1050,0,0,0,0
1035523137,1588,1602,1537,1612,1598,1657,0,0,1050,1050,0,0,0,0
1035623191,1577,1590,1524,1622,1610,1668,0,0,1050,1050,0,0,0,0
1035723182,1579,1601,1533,1622,1602,1663,0,0,1050,1050,0,0,0,0
1035823149,1579,1600,1538,1624,1603,1660,0,0,1050,1050,0,0,0,0
1035923110,1578,1590,1524,1623,1611,1670,0,0,1050,1050,0,0,0,0
1036023170,1586,1603,1527,1617,1601,1669,0,0,1050,1050,0,0,0,0
1036123232,1571,1604,1538,1629,1596,1657,0,0,1050,1050,0,0,0,0
1036223309,1584,1601,1517,1613,1596,1671,0,0,1050,1050,0,0,0,0
1036323235,1581,1599,1526,1613,1595,1661,0,0,1050,1050,0,0,0,0
1036423159,1584,1579,1518,1611,1615,1668,0,0,1050,1050,0,0,0,0
1036523164,1597,1591,1540,1595,1600,1647,0,0,1050,1050,0,0,0,0
1036623152,1584,1558,1538,1602,1627,1644,0,0,1050,1050,0,0,0,0
1036723164,1592,1568,1556,1597,1619,1630,0,0,1050,1050,0,0,0,0
1036823097,1606,1556,1532,1584,1631,1652,0,0,1050,1050,0,0,0,0
1036923141,1587,1562,1550,1602,1626,1636,0,0,1050,1050,0,0,0,0
1037023202,1586,1558,1539,1604,1631,1647,0,0,1050,1050,0,0,0,0
1037123198,1578,1579,1554,1616,1614,1637,0,0,1050,1050,0,0,0,0
1037223247,1581,1578,1539,1613,1616,1650,0,0,1050,1050,0,0,0,0
1037323153,1563,1578,1546,1634,1621,1649,0,0,1050,1050,0,0,0,0
1037423173,1574,1581,1523,1625,1619,1669,0,0,1050,1050,0,0,0,0
1037523139,1574,1587,1512,1619,1608,1673,0,0,1050,1050,0,0,0,0
1037623221,1566,1598,1529,1624,1593,1656,0,0,1050,1050,0,0,0,0
1037723181,1570,1590,1512,1629,1611,1678,0,0,1050,1050,0,0,0,0
1037823106,1578,1614,1526,1626,1591,1671,0,0,1050,1050,0,0,0,0
1037923195,1573,1612,1518,1626,1587,1672,0,0,1050,1050,0,0,0,0
1038023187,1570,1601,1509,1626,1596,1677,0,0,1050,1050,0,0,0,0
1038123358,1598,1612,1515,1616,1603,1688,0,0,1050,1050,0,0,0,0
1038223216,1605,1622,1549,1631,1615,1681,0,0,1050,1050,0,0,0,0
1038323162,1612,1611,1543,1631,1632,1692,0,0,1050,1050,0,0,0,0
1038423129,1620,1611,1559,1635,1644,1690,0,0,1050,1050,0,0,0,0
1038523110,1630,1620,1575,1640,1650,1690,0,0,1050,1050,0,0,0,0
1038623226,1635,1626,1580,1631,1640,1683,0,0,1050,1050,0,0,0,0
1038723118,1642,1631,1583,1622,1634,1678,0,0,1050,1050,0,0,0,0
1038823205,1633,1616,1586,1631,1648,1675,0,0,1050,1050,0,0,0,0
1038923151,1631,1603,1588,1635,1662,1675,0,0,1050,1050,0,0,0,0
1039023167,1625,1604,1592,1642,1662,1672,0,0,1050,1050,0,0,0,0
1039123316,1617,1614,1588,1633,1636,1660,0,0,1050,1050,0,0,0,0
1039223170,1594,1605,1567,1628,1617,1653,0,0,1050,1050,0,0,0,0
1039323279,1576,1593,1542,1628,1612,1658,0,0,1050,1050,0,0,0,0
1039423142,1572,1608,1554,1628,1593,1644,0,0,1050,1050,0,0,0,0
1039523099,1562,1601,1542,1628,1590,1645,0,0,1050,1050,0,0,0,0
1039623279,1573,1604,1523,1609,1579,1653,0,0,1050,1050,0,0,0,0
1039723230,1561,1602,1535,1620,1580,1643,0,0,1050,1050,0,0,0,0
1039823201,1550,1592,1540,1631,1592,1640,0,0,1050,1050,0,0,0,0
1039923222,1559,1597,1542,1627,1591,1642,0,0,1050,1050,0,0,0,0
1040023192,1562,1593,1539,1628,1599,1648,0,0,1050,1050,0,0,0,0
1040123362,1576,1604,1538,1618,1590,1651,0,0,1050,1050,0,0,0,0
1040223226,1570,1605,1549,1629,1595,1647,0,0,1050,1050,0,0,0,0
1040323177,1562,1587,1531,1633,1610,1660,0,0,1050,1050,0,0,0,0
1040423194,1568,1600,1539,1629,1598,1654,0,0,1050,1050,0,0,0,0
1040523187,1569,1609,1552,1631,1592,1646,0,0,1050,1050,0,0,0,0
1040623315,1573,1594,1535,1626,1606,1659,0,0,1050,1050,0,0,0,0
1040723198,1580,1597,1534,1617,1600,1657,0,0,1050,1050,0,0,0,0
1040823207,1586,1595,1540,1613,1603,1654,0,0,1050,1050,0,0,0,0
1040923154,1573,1588,1558,1622,1607,1635,0,0,1050,1050,0,0,0,0
1041023158,1583,1579,1547,1609,1613,1642,0,0,1050,1050,0,0,0,0
1041123331,1582,1589,1567,1612,1606,1626,0,0,1050,1050,0,0,0,0
1041223155,1576,1586,1565,1620,1611,1631,0,0,1050,1050,0,0,0,0
1041323152,1579,1594,1560,1617,1604,1635,0,0,1050,1050,0,0,0,0
1041423196,1576,1606,1566,1622,1593,1632,0,0,1050,1050,0,0,0,0
1041523141,1581,1597,1546,1619,1603,1650,0,0,1050,1050,0,0,0,0
1041623190,1570,1604,1561,1632,1599,1640,0,0,1050,1050,0,0,0,0
1041723289,1568,1610,1565,1636,1596,1638,0,0,1050,1050,0,0,0,0
1041823526,1573,1605,1557,1643,1614,1658,0,0,1050,1050,0,0,0,0
1041923451,1604,1631,1576,1651,1625,1677,0,0,1050,1050,0,0,0,0
1042023501,1608,1629,1576,1655,1634,1683,0,0,1050,1050,0,0,0,0
1042123568,1594,1618,1575,1656,1633,1672,0,0,1050,1050,0,0,0,0
1042223967,1585,1613,1575,1658,1631,1666,0,0,1050,1050,0,0,0,0
1042323540,1579,1611,1570,1653,1624,1662,0,0,1050,1050,0,0,0,0
1042423497,1575,1613,1565,1649,1613,1658,0,0,1050,1050,0,0,0,0
1042523565,1576,1615,1561,1644,1607,1658,0,0,1050,1050,0,0,0,0
1042623586,1563,1604,1548,1646,1607,1659,0,0,1050,1050,0,0,0,0
1042723510,1556,1603,1549,1653,1609,1658,0,0,1050,1050,0,0,0,0
1042823502,1580,1625,1544,1631,1588,1663,0,0,1050,1050,0,0,0,0
1042923543,1567,1615,1535,1634,1588,1662,0,0,1050,1050,0,0,0,0
1043023494,1557,1623,1545,1641,1577,1652,0,0,1050,1050,0,0,0,0
1043123699,1557,1606,1521,1641,1594,1671,0,0,1050,1050,0,0,0,0
1043223545,1551,1606,1521,1646,1595,1671,0,0,1050,1050,0,0,0,0
1043323527,1544,1609,1522,1644,1582,1663,0,0,1050,1050,0,0,0,0
1043423510,1533,1601,1518,1643,1580,1656,0,0,1050,1050,0,0,0,0
1043523571,1533,1594,1511,1642,1585,1660,0,0,1050,1050,0,0,0,0
1043623513,1532,1595,1515,1644,1585,1658,0,0,1050,1050,0,0,0,0
1043723517,1536,1605,1530,1642,1577,1647,0,0,1050,1050,0,0,0,0
1043823575,1529,1585,1530,1651,1600,1650,0,0,1050,1050,0,0,0,0
1043923492,1535,1592,1539,1645,1593,1642,0,0,1050,1050,0,0,0,0
1044023491,1543,1588,1536,1639,1597,1645,0,0,1050,1050,0,0,0,0
1044123657,1546,1574,1531,1640,1616,1653,0,0,1050,1050,0,0,0,0
1044223490,1555,1577,1538,1633,1613,1647,0,0,1050,1050,0,0,0,0
1044323535,1550,1576,1552,1637,1614,1635,0,0,1050,1050,0,0,0,0
1044423552,1556,1589,1571,1643,1613,1629,0,0,1050,1050,0,0,0,0
1044523494,1550,1576,1572,1648,1624,1629,0,0,1050,1050,0,0,0,0
1044623740,1560,1575,1565,1640,1626,1636,0,0,1050,1050,0,0,0,0
1044723581,1546,1558,1567,1652,1642,1634,0,0,1050,1050,0,0,0,0
1044823577,1555,1563,1565,1645,1638,1636,0,0,1050,1050,0,0,0,0
1044923498,1559,1558,1558,1638,1639,1638,0,0,1050,1050,0,0,0,0
1045023475,1564,1557,1551,1631,1638,1643,0,0,1050,1050,0,0,0,0
1045123646,1546,1552,1553,1648,1643,1642,0,0,1050,1050,0,0,0,0
1045223532,1542,1567,1555,1652,1630,1641,0,0,1050,1050,0,0,0,0
1045323566,1535,1574,1553,1656,1622,1641,0,0,1050,1050,0,0,0,0
1045423483,1535,1584,1551,1656,1612,1642,0,0,1050,1050,0,0,0,0
1045523501,1533,1586,1547,1657,1610,1646,0,0,1050,1050,0,0,0,0
1045623592,1534,1596,1556,1660,1604,1642,0,0,1050,1050,0,0,0,0
1045723544,1561,1605,1540,1636,1594,1654,0,0,1050,1050,0,0,0,0
1045823476,1526,1566,1538,1667,1633,1657,0,0,1050,1050,0,0,0,0
1045923490,1533,1568,1540,1671,1641,1665,0,0,1050,1050,0,0,0,0
1046023519,1543,1582,1551,1667,1633,1661,0,0,1050,1050,0,0,0,0
1046123758,1547,1582,1546,1657,1626,1657,0,0,1050,1050,0,0,0,0
1046224069,1561,1582,1533,1641,1622,1665,0,0,1050,1050,0,0,0,0
1046323529,1574,1589,1530,1634,1620,1672,0,0,1050,1050,0,0,0,0
1046423526,1583,1595,1522,1625,1613,1677,0,0,1050,1050,0,0,0,0
1046523480,1571,1600,1529,1628,1600,1663,0,0,1050,1050,0,0,0,0
1046623735,1567,1603,1528,1619,1583,1653,0,0,1050,1050,0,0,0,0
1046723586,1567,1590,1515,1619,1597,1663,0,0,1050,1050,0,0,0,0
1046823544,1575,1606,1536,1619,1588,1653,0,0,1050,1050,0,0,0,0
1046923508,1530,1626,1507,1667,1577,1685,0,0,1050,1050,0,0,0,0
1047023474,1545,1632,1486,1657,1573,1703,0,0,1050,1050,0,0,0,0
1047123583,1550,1617,1486,1646,1582,1697,0,0,1050,1050,0,0,0,0
1047223982,1560,1613,1516,1632,1580,1669,0,0,1050,1050,0,0,0,0
1047323510,1561,1595,1523,1637,1605,1669,0,0,1050,1050,0,0,0,0
1047423488,1574,1570,1534,1627,1631,1662,0,0,1050,1050,0,0,0,0
1047523497,1581,1554,1559,1625,1649,1645,0,0,1050,1050,0,0,0,0
1047623622,1594,1569,1579,1608,1632,1623,0,0,1050,1050,0,0,0,0
1047723485,1584,1566,1580,1609,1626,1613,0,0,1050,1050,0,0,0,0
1047823523,1580,1562,1573,1608,1625,1614,0,0,1050,1050,0,0,0,0
1047923472,1585,1572,1569,1607,1619,1622,0,0,1050,1050,0,0,0,0
1048023538,1594,1577,1556,1604,1620,1639,0,0,1050,1050,0,0,0,0
1048123544,1580,1584,1568,1623,1619,1634,0,0,1050,1050,0,0,0,0
1048223959,1583,1570,1558,1623,1635,1646,0,0,1050,1050,0,0,0,0
1048323545,1622,1552,1580,1583,1650,1625,0,0,1050,1050,0,0,0,0
1048423520,1608,1525,1569,1596,1671,1633,0,0,1050,1050,0,0,0,0
1048523514,1612,1565,1573,1596,1640,1634,0,0,1050,1050,0,0,0,0
1048623713,1600,1567,1544,1607,1638,1658,0,0,1050,1050,0,0,0,0
1048723581,1586,1593,1551,1620,1613,1651,0,0,1050,1050,0,0,0,0
1048823591,1582,1594,1543,1628,1617,1662,0,0,1050,1050,0,0,0,0
1048923557,1573,1606,1549,1647,1616,1668,0,0,1050,1050,0,0,0,0
1049023521,1567,1603,1541,1656,1623,1678,0,0,1050,1050,0,0,0,0
1049123545,1572,1614,1542,1653,1613,1678,0,0,1050,1050,0,0,0,0
1049224003,1579,1615,1529,1646,1612,1688,0,0,1050,1050,0,0,0,0
1049323600,1575,1614,1534,1643,1606,1679,0,0,1050,1050,0,0,0,0
1049423490,1574,1606,1530,1640,1609,1677,0,0,1050,1050,0,0,0,0
1049523516,1576,1606,1544,1639,1611,1667,0,0,1050,1050,0,0,0,0
1049623736,1571,1594,1547,1641,1619,1661,0,0,1050,1050,0,0,0,0
1049723543,1580,1603,1547,1631,1610,1661,0,0,1050,1050,0,0,0,0
1049823578,1578,1597,1553,1633,1614,1655,0,0,1050,1050,0,0,0,0
1049923506,1585,1592,1544,1627,1622,1664,0,0,1050,1050,0,0,0,0
1050023519,1581,1584,1548,1633,1631,1662,0,0,1050,1050,0,0,0,0
1050123556,1587,1591,1553,1623,1620,1654,0,0,1050,1050,0,0,0,0
1050224007,1581,1594,1559,1628,1616,1647,0,0,1050,1050,0,0,0,0
1050323481,1575,1593,1570,1635,1618,1640,0,0,1050,1050,0,0,0,0
1050423524,1571,1583,1568,1637,1627,1640,0,0,1050,1050,0,0,0,0
1050523518,1580,1571,1541,1625,1634,1660,0,0,1050,1050,0,0,0,0
1050623560,1582,1589,1551,1632,1625,1660,0,0,1050,1050,0,0,0,0
1050723558,1575,1605,1556,1648,1619,1664,0,0,1050,1050,0,0,0,0
1050823540,1572,1614,1546,1646,1607,1669,0,0,1050,1050,0,0,0,0
1050923539,1558,1606,1542,1658,1614,1672,0,0,1050,1050,0,0,0,0
1051023548,1551,1612,1526,1655,1598,1676,0,0,1050,1050,0,0,0,0
1051123700,1534,1615,1508,1657,1582,1678,0,0,1050,1050,0,0,0,0
1051223546,1526,1634,1512,1667,1565,1677,0,0,1050,1050,0,0,0,0
1051323523,1512,1641,1526,1678,1557,1667,0,0,1050,1050,0,0,0,0
1051423510,1499,1656,1486,1688,1539,1697,0,0,1050,1050,0,0,0,0
1051523523,1461,1692,1427,1720,1501,1742,0,0,1050,1050,0,0,0,0
1051623728,1442,1712,1452,1746,1494,1739,0,0,1050,1050,0,0,0,0
1051723562,1469,1694,1471,1727,1516,1726,0,0,1050,1050,0,0,0,0
1051823510,1503,1645,1459,1689,1557,1720,0,0,1050,1050,0,0,0,0
1051923549,1523,1623,1511,1667,1575,1677,0,0,1050,1050,0,0,0,0
1052023459,1538,1605,1523,1652,1590,1664,0,0,1050,1050,0,0,0,0
1052123569,1562,1580,1562,1625,1608,1626,0,0,1050,1050,0,0,0,0
1052223556,1569,1556,1582,1612,1624,1599,0,0,1050,1050,0,0,0,0
1052323579,1611,1543,1580,1566,1631,1598,0,0,1050,1050,0,0,0,0
1052423514,1608,1540,1616,1574,1638,1565,0,0,1050,1050,0,0,0,0
1052523547,1578,1488,1570,1608,1684,1616,0,0,1050,1050,0,0,0,0
1052623564,1593,1575,1602,1611,1627,1601,0,0,1050,1050,0,0,0,0
1052723547,1583,1589,1566,1616,1610,1632,0,0,1050,1050,0,0,0,0
1052823496,1559,1606,1535,1631,1586,1651,0,0,1050,1050,0,0,0,0
1052923514,1539,1618,1518,1650,1574,1667,0,0,1050,1050,0,0,0,0
1053023546,1539,1615,1490,1650,1578,1689,0,0,1050,1050,0,0,0,0
1053123736,1527,1636,1500,1666,1562,1686,0,0,1050,1050,0,0,0,0
1053223544,1526,1644,1510,1670,1557,1682,0,0,1050,1050,0,0,0,0
1053323535,1528,1631,1516,1671,1574,1680,0,0,1050,1050,0,0,0,0
1053423557,1512,1622,1537,1685,1586,1665,0,0,1050,1050,0,0,0,0
1053523431,1516,1604,1532,1678,1600,1665,0,0,1050,1050,0,0,0,0
1053623713,1562,1612,1536,1638,1590,1660,0,0,1050,1050,0,0,0,0
1053723624,1561,1615,1565,1642,1590,1638,0,0,1050,1050,0,0,0,0
1053823534,1556,1602,1568,1655,1612,1644,0,0,1050,1050,0,0,0,0
1053923508,1568,1591,1545,1641,1620,1661,0,0,1050,1050,0,0,0,0
1054023504,1566,1593,1564,1640,1615,1642,0,0,1050,1050,0,0,0,0
1054123595,1579,1604,1578,1628,1604,1630,0,0,1050,1050,0,0,0,0
1054224012,1588,1595,1584,1621,1614,1625,0,0,1050,1050,0,0,0,0
1054323546,1558,1582,1603,1639,1616,1596,0,0,1050,1050,0,0,0,0
1054423471,1552,1564,1583,1641,1631,1613,0,0,1050,1050,0,0,0,0
1054523528,1573,1578,1573,1633,1628,1633,0,0,1050,1050,0,0,0,0
1054623730,1589,1597,1579,1621,1613,1630,0,0,1050,1050,0,0,0,0
1054723524,1568,1597,1605,1637,1610,1602,0,0,1050,1050,0,0,0,0
1054823533,1579,1572,1576,1620,1626,1622,0,0,1050,1050,0,0,0,0
1054923440,1578,1574,1576,1616,1620,1618,0,0,1050,1050,0,0,0,0
1055023566,1569,1570,1550,1615,1615,1633,0,0,1050,1050,0,0,0,0
1055123645,1560,1583,1559,1618,1596,1619,0,0,1050,1050,0,0,0,0
1055223588,1546,1591,1558,1630,1588,1620,0,0,1050,1050,0,0,0,0
1055323485,1558,1593,1549,1623,1589,1631,0,0,1050,1050,0,0,0,0
1055423479,1558,1598,1555,1628,1590,1630,0,0,1050,1050,0,0,0,0
1055523528,1557,1581,1541,1617,1594,1632,0,0,1050,1050,0,0,0,0
1055623524,1568,1585,1537,1612,1596,1640,0,0,1050,1050,0,0,0,0
1055723538,1559,1611,1569,1627,1576,1618,0,0,1050,1050,0,0,0,0
1055823516,1547,1612,1573,1634,1571,1610,0,0,1050,1050,0,0,0,0
1055923517,1522,1577,1564,1638,1588,1600,0,0,1050,1050,0,0,0,0
1056023463,1575,1591,1553,1621,1605,1641,0,0,1050,1050,0,0,0,0
1056123718,1564,1589,1560,1624,1601,1628,0,0,1050,1050,0,0,0,0
1056223968,1549,1583,1558,1625,1593,1617,0,0,1050,1050,0,0,0,0
1056323501,1552,1599,1551,1606,1560,1607,0,0,1050,1050,0,0,0,0
1056423479,1564,1619,1554,1609,1553,1619,0,0,1050,1050,0,0,0,0
1056523514,1528,1588,1558,1644,1590,1619,0,0,1050,1050,0,0,0,0
1056623549,1547,1596,1555,1627,1581,1620,0,0,1050,1050,0,0,0,0
1056723439,1538,1562,1529,1620,1599,1628,0,0,1050,1050,0,0,0,0
1056823507,1556,1593,1556,1608,1571,1608,0,0,1050,1050,0,0,0,0
1056923478,1523,1566,1551,1625,1586,1600,0,0,1050,1050,0,0,0,0
1057023459,1480,1520,1501,1593,1557,1575,0,0,1050,1050,0,0,0,0
1057123558,1481,1526,1547,1606,1567,1547,0,0,1050,1050,0,0,0,0
1057224020,1493,1513,1515,1585,1567,1565,0,0,1050,1050,0,0,0,0
1057323504,1467,1505,1508,1580,1547,1545,0,0,1050,1050,0,0,0,0
1057423500,1439,1486,1501,1575,1535,1521,0,0,1050,1050,0,0,0,0
1057523517,1429,1464,1466,1549,1520,1517,0,0,1050,1050,0,0,0,0
1057623695,1401,1433,1438,1530,1504,1499,0,0,1050,1050,0,0,0,0
1057723273,1359,1414,1432,1516,1471,1456,0,0,1050,1050,0,0,0,0
1057823250,1331,1383,1398,1487,1446,1432,0,0,1050,1050,0,0,0,0
1057923274,1272,1346,1365,1465,1410,1393,0,0,1050,1050,0,0,0,0
1058023294,1233,1297,1306,1418,1372,1365,0,0,1050,1050,0,0,0,0
1058123497,1185,1256,1279,1371,1322,1301,0,0,1050,1050,0,0,0,0
1058223306,1185,1227,1244,1309,1277,1262,0,0,1050,1050,0,0,0,0
1058323325,1185,1234,1250,1309,1271,1256,0,0,1050,1050,0,0,0,0
1058423213,1185,1235,1249,1309,1271,1257,0,0,1050,1050,0,0,0,0
1058523233,1185,1228,1241,1309,1276,1265,0,0,1050,1050,0,0,0,0
1058623449,1185,1233,1240,1309,1272,1266,0,0,1050,1050,0,0,0,0
1058723292,1185,1228,1239,1309,1276,1267,0,0,1050,1050,0,0,0,0
1058823269,1185,1233,1241,1309,1272,1265,0,0,1050,1050,0,0,0,0
1058923281,1185,1236,1236,1309,1270,1270,0,0,1050,1050,0,0,0,0
1059023217,1185,1264,1221,1309,1242,1283,0,0,1050,1050,0,0,0,0
1059123256,1185,1266,1218,1309,1240,1284,0,0,1050,1050,0,0,0,0
1059223269,1185,1267,1223,1309,1238,1281,0,0,1050,1050,0,0,0,0
1059323155,1050,1050,1050,1050,1050,1050,0,0,1050,1050,0,0,0,0
1059423148,1050,1050,1050,1050,1050,1050,0,0,1050,1050,0,0,0,0
1059523170,1050,1050,1050,1050,1050,1050,0,0,1050,1050,0,0,0,0
1059623146,1050,1050,1050,1050,1050,1050,0,0,1050,1050,0,0,0,0
1059723185,1050,1050,1050,1050,1050,1050,0,0,1050,1050,0,0,0,0
1059823121,1050,1050,1050,1050,1050,1050,0,0,1050,1050,0,0,0,0
1059923122,1050,1050,1050,1050,1050,1050,0,0,1050,1050,0,0,0,0
1060023116,1050,1050,1050,1050,1050,1050,0,0,1050,1050,0,0,0,0
1060123300,1050,1050,1050,1050,1050,1050,0,0,1050,1050,0,0,0,0
1060223125,1050,1050,1050,1050,1050,1050,0,0,1050,1050,0,0,0,0
1060323105,1050,1050,1050,1050,1050,1050,0,0,1050,1050,0,0,0,0
1060423138,1050,1050,1050,1050,1050,1050,0,0,1050,1050,0,0,0,0
1060523139,1050,1050,1050,1050,1050,1050,0,0,1050,1050,0,0,0,0
1060623265,1050,1050,1050,1050,1050,1050,0,0,1050,1050,0,0,0,0
1060723153,1050,1050,1050,1050,1050,1050,0,0,1050,1050,0,0,0,0
1060823152,1050,1050,1050,1050,1050,1050,0,0,1050,1050,0,0,0,0
1060923152,1050,1050,1050,1050,1050,1050,0,0,1050,1050,0,0,0,0
1061023141,1050,1050,1050,1050,1050,1050,0,0,1050,1050,0,0,0,0
1061123215,1050,1050,1050,1050,1050,1050,0,0,1050,1050,0,0,0,0
1061223143,1050,1050,1050,1050,1050,1050,0,0,1050,1050,0,0,0,0
1061323141,1050,1050,1050,1050,1050,1050,0,0,1050,1050,0,0,0,0
1061423205,1050,1050,1050,1050,1050,1050,0,0,1050,1050,0,0,0,0
1061523187,1050,1050,1050,1050,1050,1050,0,0,1050,1050,0,0,0,0
1061623205,1050,1050,1050,1050,1050,1050,0,0,1050,1050,0,0,0,0
1061723154,1050,1050,1050,1050,1050,1050,0,0,1050,1050,0,0,0,0
1061823102,1050,1050,1050,1050,1050,1050,0,0,1050,1050,0,0,0,0
1061923092,1050,1050,1050,1050,1050,1050,0,0,1050,1050,0,0,0,0
1062023089,1050,1050,1050,1050,1050,1050,0,0,1050,1050,0,0,0,0
1062123156,1050,1050,1050,1050,1050,1050,0,0,1050,1050,0,0,0,0
1062223184,1050,1050,1050,1050,1050,1050,0,0,1050,1050,0,0,0,0
1062323162,1050,1050,1050,1050,1050,1050,0,0,1050,1050,0,0,0,0
1062423210,1050,1050,1050,1050,1050,1050,0,0,1050,1050,0,0,0,0
1062523204,1050,1050,1050,1050,1050,1050,0,0,1050,1050,0,0,0,0
1062623202,1050,1050,1050,1050,1050,1050,0,0,1050,1050,0,0,0,0
1062723154,1050,1050,1050,1050,1050,1050,0,0,1050,1050,0,0,0,0
1062823095,1050,1050,1050,1050,1050,1050,0,0,1050,1050,0,0,0,0
1062923092,1050,1050,1050,1050,1050,1050,0,0,1050,1050,0,0,0,0
1063023081,1050,1050,1050,1050,1050,1050,0,0,1050,1050,0,0,0,0
1063123341,1050,1050,1050,1050,1050,1050,0,0,1050,1050,0,0,0,0
1063223175,1050,1050,1050,1050,1050,1050,0,0,1050,1050,0,0,0,0
1063323191,1050,1050,1050,1050,1050,1050,0,0,1050,1050,0,0,0,0
1063423130,1050,1050,1050,1050,1050,1050,0,0,1050,1050,0,0,0,0
1063523150,1050,1050,1050,1050,1050,1050,0,0,1050,1050,0,0,0,0
1063623311,1050,1050,1050,1050,1050,1050,0,0,1050,1050,0,0,0,0
1063723143,1050,1050,1050,1050,1050,1050,0,0,1050,1050,0,0,0,0
1063823086,1050,1050,1050,1050,1050,1050,0,0,1050,1050,0,0,0,0
1063923132,1050,1050,1050,1050,1050,1050,0,0,1050,1050,0,0,0,0
1064023186,1050,1050,1050,1050,1050,1050,0,0,1050,1050,0,0,0,0
1064123181,1050,1050,1050,1050,1050,1050,0,0,1050,1050,0,0,0,0
1064223249,1050,1050,1050,1050,1050,1050,0,0,1050,1050,0,0,0,0
1064323175,1050,1050,1050,1050,1050,1050,0,0,1050,1050,0,0,0,0
1064423128,1050,1050,1050,1050,1050,1050,0,0,1050,1050,0,0,0,0
1064523136,1050,1050,1050,1050,1050,1050,0,0,1050,1050,0,0,0,0
1064623139,1050,1050,1050,1050,1050,1050,0,0,1050,1050,0,0,0,0
1064723093,1050,1050,1050,1050,1050,1050,0,0,1050,1050,0,0,0,0
1064823099,1050,1050,1050,1050,1050,1050,0,0,1050,1050,0,0,0,0
1064923152,1050,1050,1050,1050,1050,1050,0,0,1050,1050,0,0,0,0
1065023125,1050,1050,1050,1050,1050,1050,0,0,1050,1050,0,0,0,0
1065123334,1050,1050,1050,1050,1050,1050,0,0,1050,1050,0,0,0,0
1065223197,1050,1050,1050,1050,1050,1050,0,0,1050,1050,0,0,0,0
1065323128,1050,1050,1050,1050,1050,1050,0,0,1050,1050,0,0,0,0
1065423081,1050,1050,1050,1050,1050,1050,0,0,1050,1050,0,0,0,0
1065523102,1050,1050,1050,1050,1050,1050,0,0,1050,1050,0,0,0,0
1065623294,1050,1050,1050,1050,1050,1050,0,0,1050,1050,0,0,0,0
1065723159,1050,1050,1050,1050,1050,1050,0,0,1050,1050,0,0,0,0
1065823197,1050,1050,1050,1050,1050,1050,0,0,1050,1050,0,0,0,0
1065923174,1050,1050,1050,1050,1050,1050,0,0,1050,1050,0,0,0,0
1066023230,1050,1050,1050,1050,1050,1050,0,0,1050,1050,0,0,0,0
1066123162,1050,1050,1050,1050,1050,1050,0,0,1050,1050,0,0,0,0
1066223160,1050,1050,1050,1050,1050,1050,0,0,1050,1050,0,0,0,0
1066323136,1050,1050,1050,1050,1050,1050,0,0,1050,1050,0,0,0,0
1066423160,1050,1050,1050,1050,1050,1050,0,0,1050,1050,0,0,0,0
1066523151,1050,1050,1050,1050,1050,1050,0,0,1050,1050,0,0,0,0
1066623389,1050,1050,1050,1050,1050,1050,0,0,1050,1050,0,0,0,0
1066723203,1050,1050,1050,1050,1050,1050,0,0,1050,1050,0,0,0,0
1066823163,1050,1050,1050,1050,1050,1050,0,0,1050,1050,0,0,0,0
1066923147,1050,1050,1050,1050,1050,1050,0,0,1050,1050,0,0,0,0
1067023179,1050,1050,1050,1050,1050,1050,0,0,1050,1050,0,0,0,0
1067123234,1050,1050,1050,1050,1050,1050,0,0,1050,1050,0,0,0,0
1067223146,1050,1050,1050,1050,1050,1050,0,0,1050,1050,0,0,0,0
1067323124,1050,1050,1050,1050,1050,1050,0,0,1050,1050,0,0,0,0
1067423102,1050,1050,1050,1050,1050,1050,0,0,1050,1050,0,0,0,0
1067523124,1050,1050,1050,1050,1050,1050,0,0,1050,1050,0,0,0,0
1067623495,1050,1050,1050,1050,1050,1050,0,0,1050,1050,0,0,0,0
1067723232,1050,1050,1050,1050,1050,1050,0,0,1050,1050,0,0,0,0
1067823190,1050,1050,1050,1050,1050,1050,0,0,1050,1050,0,0,0,0
1067923113,1050,1050,1050,1050,1050,1050,0,0,1050,1050,0,0,0,0
1068023130,1050,1050,1050,1050,1050,1050,0,0,1050,1050,0,0,0,0
1068123186,1050,1050,1050,1050,1050,1050,0,0,1050,1050,0,0,0,0
1068223175,1050,1050,1050,1050,1050,1050,0,0,1050,1050,0,0,0,0
1068323106,1050,1050,1050,1050,1050,1050,0,0,1050,1050,0,0,0,0
1068423113,1050,1050,1050,1050,1050,1050,0,0,1050,1050,0,0,0,0
1068523155,1050,1050,1050,1050,1050,1050,0,0,1050,1050,0,0,0,0
1068623340,1050,1050,1050,1050,1050,1050,0,0,1050,1050,0,0,0,0
1068723172,1050,1050,1050,1050,1050,1050,0,0,1050,1050,0,0,0,0
1068823161,1050,1050,1050,1050,1050,1050,0,0,1050,1050,0,0,0,0
1068923129,1050,1050,1050,1050,1050,1050,0,0,1050,1050,0,0,0,0
1069023116,1050,1050,1050,1050,1050,1050,0,0,1050,1050,0,0,0,0
1069123134,1050,1050,1050,1050,1050,1050,0,0,1050,1050,0,0,0,0
1069223103,1050,1050,1050,1050,1050,1050,0,0,1050,1050,0,0,0,0
1069323181,1050,1050,1050,1050,1050,1050,0,0,1050,1050,0,0,0,0
1069423201,1050,1050,1050,1050,1050,1050,0,0,1050,1050,0,0,0,0
1069523175,1050,1050,1050,1050,1050,1050,0,0,1050,1050,0,0,0,0
1069623356,1050,1050,1050,1050,1050,1050,0,0,1050,1050,0,0,0,0
1069723185,1050,1050,1050,1050,1050,1050,0,0,1050,1050,0,0,0,0
1069823199,1050,1050,1050,1050,1050,1050,0,0,1050,1050,0,0,0,0
1069923110,1050,1050,1050,1050,1050,1050,0,0,1050,1050,0,0,0,0
1070023104,1050,1050,1050,1050,1050,1050,0,0,1050,1050,0,0,0,0
1070123118,1050,1050,1050,1050,1050,1050,0,0,1050,1050,0,0,0,0
1070223135,1050,1050,1050,1050,1050,1050,0,0,1050,1050,0,0,0,0
1070323187,1050,1050,1050,1050,1050,1050,0,0,1050,1050,0,0,0,0
1070423444,1050,1050,1050,1050,1050,1050,0,0,1050,1050,0,0,0,0
1070523410,1050,1050,1050,1050,1050,1050,0,0,1050,1050,0,0,0,0
1070623645,1050,1050,1050,1050,1050,1050,0,0,1050,1050,0,0,0,0
1070723432,1050,1050,1050,1050,1050,1050,0,0,1050,1050,0,0,0,0
1070823483,1050,1050,1050,1050,1050,1050,0,0,1050,1050,0,0,0,0
1070923341,1050,1050,1050,1050,1050,1050,0,0,1050,1050,0,0,0,0
1071023392,1050,1050,1050,1050,1050,1050,0,0,1050,1050,0,0,0,0
1071123541,1050,1050,1050,1050,1050,1050,0,0,1050,1050,0,0,0,0
1071223403,1050,1050,1050,1050,1050,1050,0,0,1050,1050,0,0,0,0
1071323375,1050,1050,1050,1050,1050,1050,0,0,1050,1050,0,0,0,0
1071423359,1050,1050,1050,1050,1050,1050,0,0,1050,1050,0,0,0,0
1071523387,1050,1050,1050,1050,1050,1050,0,0,1050,1050,0,0,0,0
1071623502,1050,1050,1050,1050,1050,1050,0,0,1050,1050,0,0,0,0
1071723378,1050,1050,1050,1050,1050,1050,0,0,1050,1050,0,0,0,0
1071823363,1050,1050,1050,1050,1050,1050,0,0,1050,1050,0,0,0,0
1071923625,1050,1050,1050,1050,1050,1050,0,0,1050,1050,0,0,0,0
1072023383,1050,1050,1050,1050,1050,1050,0,0,1050,1050,0,0,0,0
1072123537,1050,1050,1050,1050,1050,1050,0,0,1050,1050,0,0,0,0
1072223446,1050,1050,1050,1050,1050,1050,0,0,1050,1050,0,0,0,0
1072323424,1050,1050,1050,1050,1050,1050,0,0,1050,1050,0,0,0,0
1072423335,1050,1050,1050,1050,1050,1050,0,0,1050,1050,0,0,0,0
1072523149,1050,1050,1050,1050,1050,1050,0,0,1050,1050,0,0,0,0
1072623239,1050,1050,1050,1050,1050,1050,0,0,1050,1050,0,0,0,0
1072723125,1050,1050,1050,1050,1050,1050,0,0,1050,1050,0,0,0,0
1072823085,1050,1050,1050,1050,1050,1050,0,0,1050,1050,0,0,0,0
1072923128,1050,1050,1050,1050,1050,1050,0,0,1050,1050,0,0,0,0
1073023132,1050,1050,1050,1050,1050,1050,0,0,1050,1050,0,0,0,0
1073123306,1050,1050,1050,1050,1050,1050,0,0,1050,1050,0,0,0,0
1073223235,1050,1050,1050,1050,1050,1050,0,0,1050,1050,0,0,0,0
1073323174,1050,1050,1050,1050,1050,1050,0,0,1050,1050,0,0,0,0
1073423112,1050,1050,1050,1050,1050,1050,0,0,1050,1050,0,0,0,0
1073523098,1050,1050,1050,1050,1050,1050,0,0,1050,1050,0,0,0,0
1073623129,1050,1050,1050,1050,1050,1050,0,0,1050,1050,0,0,0,0
1073723079,1050,1050,1050,1050,1050,1050,0,0,1050,1050,0,0,0,0
1073823069,1050,1050,1050,1050,1050,1050,0,0,1050,1050,0,0,0,0
1073923185,1050,1050,1050,1050,1050,1050,0,0,1050,1050,0,0,0,0
1074023190,1050,1050,1050,1050,1050,1050,0,0,1050,1050,0,0,0,0
1074123396,1050,1050,1050,1050,1050,1050,0,0,1050,1050,0,0,0,0
1074223191,1050,1050,1050,1050,1050,1050,0,0,1050,1050,0,0,0,0
